game_id,competition_year,round_id,team_home,team_away,actual_home_win,actual_home_score,actual_away_score,baseline_home_win_prob,context_home_win_prob,baseline_no_market_home_win_prob,context_no_market_home_win_prob,baseline_home_score,baseline_away_score,context_home_score,context_away_score,market_available,market_spread,context_event_count_home,context_event_count_away,context_event_count,context_source_diversity,context_official_count,context_data_available,category,matches_since_event,venue_name,form_delta,rest_delta,elo_diff,lineup_avg_named_margin_rating_delta,lineup_selection_uncertainty_delta,event_id,event_key,phase,event_relative_match,affected_side,affected_team_key,event_overlap_count
20111110110,2011,1,Sydney Roosters,South Sydney Rabbitohs,1,40,29,0.463938443201,0.463938443201,0.307218434663,0.307218434663,20.6867522183,23.8611174204,20.6867522183,23.8611174204,True,,0,0,0,0,0,1,,,Allianz Stadium,0,0,38.6251659729,0,0,,,,,,,
20111110120,2011,1,Brisbane Broncos,North Queensland Cowboys,0,14,16,0.519388647128,0.519388647128,0.607462036382,0.607462036382,21.0975335251,19.4640262774,21.0975335251,19.4640262774,True,,0,0,0,0,0,1,,,Suncorp Stadium,0,0,33.225745534,0,0,,,,,,,
20111110130,2011,1,New Zealand Warriors,Parramatta Eels,0,18,24,0.529745654338,0.529745654338,0.661584837273,0.661584837273,21.9595317616,19.434447387,21.9595317616,19.434447387,True,,0,0,0,0,0,1,,,Other,0,0,35.3204530541,0,0,,,,,,,
20111110140,2011,1,Melbourne Storm,Manly-Warringah Sea Eagles,1,18,6,0.542506159201,0.542506159201,0.722946891637,0.722946891637,21.5781830003,18.0713482653,21.5781830003,18.0713482653,True,,0,0,0,0,0,1,,,AAMI Park,0,0,13.6984856519,0,0,,,,,,,
20111110150,2011,1,Gold Coast Titans,St. George Illawarra Dragons,0,16,25,0.509590694845,0.509590694845,0.553769411607,0.553769411607,19.1761100932,18.3988400536,19.1761100932,18.3988400536,True,,0,0,0,0,0,1,,,Cbus Super Stadium,0,0,-25.6310322766,0,0,,,,,,,
20111110160,2011,1,Canberra Raiders,Cronulla-Sutherland Sharks,1,40,12,0.506745831449,0.506745831449,0.537891596256,0.537891596256,22.3682595233,21.7726034563,22.3682595233,21.7726034563,True,,0,0,0,0,0,1,,,Canberra Stadium,0,0,53.118177094,0,0,,,,,,,
20111110170,2011,1,Penrith Panthers,Newcastle Knights,0,8,42,0.536317908257,0.536317908257,0.694014807787,0.694014807787,22.0907116503,19.0269394055,22.0907116503,19.0269394055,True,,0,0,0,0,0,1,,,Panthers Stadium,0,0,21.2665875799,0,0,,,,,,,
20111110180,2011,1,Canterbury-Bankstown Bulldogs,Wests Tigers,1,24,14,0.519091997584,0.519091997584,0.605866255738,0.605866255738,20.9828112427,19.3784001728,20.9828112427,19.3784001728,True,,0,0,0,0,0,1,,,ANZ Stadium,0,0,-26.9222651339,0,0,,,,,,,
20111110210,2011,2,Parramatta Eels,Penrith Panthers,0,6,20,0.595997466294,0.595997466294,0.899171528084,0.899171528084,22.4401645993,15.0528140847,22.4401645993,15.0528140847,True,,0,0,0,0,0,1,,,Bankwest Stadium,2,0.916666666667,-13.5350892808,0,0,,,,,,,
20111110220,2011,2,Canberra Raiders,Brisbane Broncos,0,4,20,0.580774989296,0.580774989296,0.862274499576,0.862274499576,22.3734218251,15.9956164359,22.3734218251,15.9956164359,True,,0,0,0,0,0,1,,,Canberra Stadium,2,-2.04166666667,16.6790084318,0,0,,,,,,,
20111110230,2011,2,Melbourne Storm,Gold Coast Titans,1,40,12,0.607676672734,0.607676672734,0.921459506295,0.921459506295,22.4690274553,14.352312551,22.4690274553,14.352312551,True,,0,0,0,0,0,1,,,AAMI Park,2,-0.0416666666667,10.3064359749,0,0,,,,,,,
20111110240,2011,2,Wests Tigers,New Zealand Warriors,1,20,12,0.556304245952,0.556304245952,0.781222381025,0.781222381025,23.2070292732,18.4754748365,23.2070292732,18.4754748365,True,,0,0,0,0,0,1,,,Leichhardt Oval,0,-1.91666666667,-1.66542001191,0,0,,,,,,,
20111110250,2011,2,North Queensland Cowboys,Newcastle Knights,0,22,34,0.533498884502,0.533498884502,0.68030841375,0.68030841375,22.2113223707,19.3652156483,22.2113223707,19.3652156483,True,,0,0,0,0,0,1,,,1300SMILES Stadium,0,2.04166666667,-19.2711325594,0,0,,,,,,,
20111110260,2011,2,South Sydney Rabbitohs,Canterbury-Bankstown Bulldogs,0,19,28,0.505771146464,0.505771146464,0.532432893703,0.532432893703,21.8795961648,21.3754057327,21.8795961648,21.3754057327,True,,0,0,0,0,0,1,,,ANZ Stadium,-2,3,1.47477893064,0,0,,,,,,,
20111110270,2011,2,Sydney Roosters,Manly-Warringah Sea Eagles,0,16,27,0.54597317477,0.54597317477,0.738422395437,0.738422395437,21.723834885,17.9373905916,21.723834885,17.9373905916,True,,0,0,0,0,0,1,,,Allianz Stadium,2,1,17.3523343357,0,0,,,,,,,
20111110280,2011,2,Cronulla-Sutherland Sharks,St. George Illawarra Dragons,1,16,10,0.467451604152,0.467451604152,0.324383246285,0.324383246285,19.0844355004,21.8273316178,19.0844355004,21.8273316178,True,,0,0,0,0,0,1,,,PointsBet Stadium,-2,-1.04166666667,-45.350633113,0,0,,,,,,,
20111110310,2011,3,Parramatta Eels,South Sydney Rabbitohs,0,18,32,0.543807875818,0.543807875818,0.728820810326,0.728820810326,22.4421208506,18.7562079236,22.4421208506,18.7562079236,True,,0,0,0,0,0,1,,,ANZ Stadium,2,2,4.36755536666,0,0,,,,,,,
20111110320,2011,3,Gold Coast Titans,Brisbane Broncos,0,8,14,0.516176222971,0.516176222971,0.590069595778,0.590069595778,21.4307941859,20.0506201784,21.4307941859,20.0506201784,True,,0,0,0,0,0,1,,,Cbus Super Stadium,-2,-1,8.77445232108,0,0,,,,,,,
20111110330,2011,3,Penrith Panthers,Cronulla-Sutherland Sharks,0,12,44,0.522975860325,0.522975860325,0.626574684231,0.626574684231,23.2769731935,21.245264012,23.2769731935,21.245264012,True,,0,0,0,0,0,1,,,Panthers Stadium,0,3,20.3437300381,0,0,,,,,,,
20111110340,2011,3,Wests Tigers,Canberra Raiders,1,34,24,0.527776537201,0.527776537201,0.651557597488,0.651557597488,21.888006676,19.5277404079,21.888006676,19.5277404079,True,,0,0,0,0,0,1,,,Campbelltown Stadium,0,-1,-16.87451924,0,0,,,,,,,
20111110350,2011,3,New Zealand Warriors,St. George Illawarra Dragons,0,12,25,0.497026525522,0.497026525522,0.483272856841,0.483272856841,19.1063587916,19.3504628511,19.1063587916,19.3504628511,True,,0,0,0,0,0,1,,,Mt Smart Stadium,-2,2,-21.6237401431,0,0,,,,,,,
20111110360,2011,3,Canterbury-Bankstown Bulldogs,Sydney Roosters,1,24,20,0.591161069339,0.591161069339,0.888472558204,0.888472558204,23.4422265098,16.1859066392,23.4422265098,16.1859066392,True,,0,0,0,0,0,1,,,ANZ Stadium,2,0.625694409722,-14.653284733,0,0,,,,,,,
20111110370,2011,3,Manly-Warringah Sea Eagles,Newcastle Knights,1,26,12,0.535839703379,0.535839703379,0.691712129173,0.691712129173,22.7636112962,19.6879401037,22.7636112962,19.6879401037,True,,0,0,0,0,0,1,,,Lottoland,-2,-1.66736107639,-20.4067714438,0,0,,,,,,,
20111110380,2011,3,North Queensland Cowboys,Melbourne Storm,1,34,6,0.494571491761,0.494571491761,0.469487897576,0.469487897576,20.4397521496,20.9027888099,20.4397521496,20.9027888099,True,,0,0,0,0,0,1,,,1300SMILES Stadium,-2,0.0416666666667,-35.7362542062,0,0,,,,,,,
20111110410,2011,4,South Sydney Rabbitohs,Manly-Warringah Sea Eagles,1,32,30,0.52711942126,0.52711942126,0.64818176559,0.64818176559,21.729782753,19.432324314,21.729782753,19.432324314,True,,0,0,0,0,0,1,,,Central Coast Stadium,-2,2.62569440972,-8.97030049757,0,0,,,,,,,
20111110420,2011,4,Brisbane Broncos,Penrith Panthers,1,18,10,0.617341383936,0.617341383936,0.93652372349,0.93652372349,23.4097852401,14.5100729035,23.4097852401,14.5100729035,True,,0,0,0,0,0,1,,,Suncorp Stadium,2,0.957638888889,3.09975439507,0,0,,,,,,,
20111110430,2011,4,Canberra Raiders,Gold Coast Titans,0,22,23,0.556560844907,0.556560844907,0.782220677653,0.782220677653,22.7908696542,18.0873528542,22.7908696542,18.0873528542,True,,0,0,0,0,0,1,,,Canberra Stadium,2,-0.230555590278,19.8650363055,0,0,,,,,,,
20111110440,2011,4,Parramatta Eels,North Queensland Cowboys,1,22,20,0.515254690703,0.515254690703,0.585037774894,0.585037774894,20.8792958572,19.5943770315,20.8792958572,19.5943770315,True,,0,0,0,0,0,1,,,Bankwest Stadium,-2,3.71875,13.807397528,0,0,,,,,,,
20111110450,2011,4,Cronulla-Sutherland Sharks,New Zealand Warriors,0,18,26,0.588007446503,0.588007446503,0.880995427915,0.880995427915,23.2699504674,16.254688757,23.2699504674,16.254688757,True,,0,0,0,0,0,1,,,Other,4,0.938888923611,-23.0921542732,0,0,,,,,,,
20111110460,2011,4,Newcastle Knights,St. George Illawarra Dragons,0,18,20,0.520947597452,0.520947597452,0.615811013643,0.615811013643,20.0722039564,18.3579043672,20.0722039564,18.3579043672,True,,0,0,0,0,0,1,,,McDonald Jones Stadium,0,0.0402778125002,-4.25820673097,0,0,,,,,,,
20111110470,2011,4,Sydney Roosters,Wests Tigers,1,24,6,0.516663109602,0.516663109602,0.592720848156,0.592720848156,23.1413280747,21.6605808088,23.1413280747,21.6605808088,True,,0,0,0,0,0,1,,,Allianz Stadium,-2,-1,1.82961798626,0,0,,,,,,,
20111110480,2011,4,Melbourne Storm,Canterbury-Bankstown Bulldogs,1,30,16,0.560155758159,0.560155758159,0.795872455082,0.795872455082,22.4511938458,17.5198028888,22.4511938458,17.5198028888,True,,0,0,0,0,0,1,,,AAMI Park,-2,-1.71875,21.4303124192,0,0,,,,,,,
20111110510,2011,5,Wests Tigers,South Sydney Rabbitohs,1,30,6,0.511964957414,0.511964957414,0.566941185316,0.566941185316,23.3495422142,22.2750745534,23.3495422142,22.2750745534,True,,0,0,0,0,0,1,,,Allianz Stadium,0,-1.95833333333,13.5883243868,0,0,,,,,,,
20111110520,2011,5,North Queensland Cowboys,Gold Coast Titans,1,22,12,0.583364084418,0.583364084418,0.869234271456,0.869234271456,24.1148264537,17.2775717885,24.1148264537,17.2775717885,True,,0,0,0,0,0,1,,,1300SMILES Stadium,2,0,6.38513451895,0,0,,,,,,,
20111110530,2011,5,New Zealand Warriors,Sydney Roosters,1,24,12,0.477859073511,0.477859073511,0.377842157364,0.377842157364,20.3939180565,22.3094958076,20.3939180565,22.3094958076,True,,0,0,0,0,0,1,,,Mt Smart Stadium,-2,-0.0833333333333,-8.70282065575,0,0,,,,,,,
20111110540,2011,5,Cronulla-Sutherland Sharks,Manly-Warringah Sea Eagles,0,13,19,0.506137955702,0.506137955702,0.534488152281,0.534488152281,21.0863202868,20.5607561943,21.0863202868,20.5607561943,True,,0,0,0,0,0,1,,,PointsBet Stadium,0,-2.04166666667,-11.8500520912,0,0,,,,,,,
20111110550,2011,5,Penrith Panthers,Canberra Raiders,1,36,10,0.496649705178,0.496649705178,0.481154906777,0.481154906777,22.0389784876,22.3357035793,22.0389784876,22.3357035793,True,,0,0,0,0,0,1,,,Panthers Stadium,0,1.04166666667,-23.0699112903,0,0,,,,,,,
20111110560,2011,5,Melbourne Storm,Parramatta Eels,1,38,0,0.592304767512,0.592304767512,0.891085229826,0.891085229826,22.9581520353,15.7129312793,22.9581520353,15.7129312793,True,,0,0,0,0,0,1,,,AAMI Park,2,-1.95833333333,24.3030563398,0,0,,,,,,,
20111110570,2011,5,St. George Illawarra Dragons,Canterbury-Bankstown Bulldogs,1,25,6,0.574640271714,0.574640271714,0.844591885242,0.844591885242,22.0902538881,16.1755629257,22.0902538881,16.1755629257,True,,0,0,0,0,0,1,,,Sydney Cricket Ground,0,1,16.968424061,0,0,,,,,,,
20111110580,2011,5,Brisbane Broncos,Newcastle Knights,1,17,6,0.57636619627,0.57636619627,0.84973906585,0.84973906585,23.1401025329,16.9462143228,23.1401025329,16.9462143228,True,,0,0,0,0,0,1,,,Suncorp Stadium,2,2,-4.19428380858,0,0,,,,,,,
20111110610,2011,6,Parramatta Eels,Canterbury-Bankstown Bulldogs,0,14,34,0.523287868995,0.523287868995,0.628220039983,0.628220039983,21.5573223943,19.5826087079,21.5573223943,19.5826087079,True,,0,0,0,0,0,1,,,ANZ Stadium,-2,0,-14.4147511141,0,0,,,,,,,
20111110620,2011,6,Gold Coast Titans,Wests Tigers,1,20,14,0.516599027119,0.516599027119,0.592372193815,0.592372193815,21.0503533138,19.6484640358,21.0503533138,19.6484640358,True,,0,0,0,0,0,1,,,Cbus Super Stadium,-4,0,-12.2520699716,0,0,,,,,,,
20111110630,2011,6,Manly-Warringah Sea Eagles,New Zealand Warriors,1,20,10,0.589879386435,0.589879386435,0.885482476088,0.885482476088,22.5475484482,15.5346659225,22.5475484482,15.5346659225,True,,0,0,0,0,0,1,,,Lottoland,2,0.0833333333333,4.195395167,0,0,,,,,,,
20111110640,2011,6,Sydney Roosters,Brisbane Broncos,0,6,24,0.508632457407,0.508632457407,0.54843154609,0.54843154609,20.2023529588,19.4820590471,20.2023529588,19.4820590471,True,,0,0,0,0,0,1,,,Central Coast Stadium,-4,1.91666666667,10.0368167044,0,0,,,,,,,
20111110650,2011,6,North Queensland Cowboys,Canberra Raiders,1,26,18,0.562441187081,0.562441187081,0.804226714029,0.804226714029,22.0629621267,17.0133583739,22.0629621267,17.0133583739,True,,0,0,0,0,0,1,,,1300SMILES Stadium,4,1,-9.87668260141,0,0,,,,,,,
20111110660,2011,6,Newcastle Knights,Cronulla-Sutherland Sharks,1,24,20,0.526393412127,0.526393412127,0.644435284444,0.644435284444,23.1650694781,20.8478071182,23.1650694781,20.8478071182,True,,0,0,0,0,0,1,,,McDonald Jones Stadium,0,-2,16.3149335159,0,0,,,,,,,
20111110670,2011,6,Penrith Panthers,Melbourne Storm,0,10,25,0.497123017108,0.497123017108,0.483815292365,0.483815292365,20.7688214072,21.015641372,20.7688214072,21.015641372,True,,0,0,0,0,0,1,,,Panthers Stadium,-4,1,-33.655674875,0,0,,,,,,,
20111110680,2011,6,South Sydney Rabbitohs,St. George Illawarra Dragons,0,0,16,0.481907118712,0.481907118712,0.399524259998,0.399524259998,19.9993687649,21.5436382901,19.9993687649,21.5436382901,True,,0,0,0,0,0,1,,,ANZ Stadium,-4,2,-24.2103999897,0,0,,,,,,,
20111110710,2011,7,Wests Tigers,Brisbane Broncos,0,18,31,0.516883368434,0.516883368434,0.593918521949,0.593918521949,20.6232513324,19.2135411022,20.6232513324,19.2135411022,True,,0,0,0,0,0,1,,,Allianz Stadium,-4,1,3.31953718237,0,0,,,,,,,
20111110720,2011,7,Manly-Warringah Sea Eagles,Penrith Panthers,1,22,16,0.608904190785,0.608904190785,0.923532189974,0.923532189974,22.9399170148,14.6499103644,22.9399170148,14.6499103644,True,,0,0,0,0,0,1,,,Lottoland,4,1,12.618574577,0,0,,,,,,,
20111110730,2011,7,Cronulla-Sutherland Sharks,North Queensland Cowboys,0,12,30,0.501424668858,0.501424668858,0.508016640802,0.508016640802,20.4774362986,20.3566895062,20.4774362986,20.3566895062,True,,0,0,0,0,0,1,,,PointsBet Stadium,-2,-1,-6.66538732256,0,0,,,,,,,
20111110740,2011,7,Canterbury-Bankstown Bulldogs,South Sydney Rabbitohs,1,36,24,0.566856633381,0.566856633381,0.819654135034,0.819654135034,23.3379069509,17.799602341,23.3379069509,17.799602341,True,,0,0,0,0,0,1,,,ANZ Stadium,2,3,6.12844853584,0,0,,,,,,,
20111110750,2011,7,Canberra Raiders,Newcastle Knights,0,12,22,0.485383139444,0.485383139444,0.418455102644,0.418455102644,22.0555255093,23.3644232282,22.0555255093,23.3644232282,True,,0,0,0,0,0,1,,,Canberra Stadium,-4,1,-13.5248641431,0,0,,,,,,,
20111110760,2011,7,Parramatta Eels,Gold Coast Titans,1,22,18,0.50099398314,0.50099398314,0.505593401688,0.505593401688,20.8134567913,20.7284405467,20.8134567913,20.7284405467,True,,0,0,0,0,0,1,,,Bankwest Stadium,-2,0,-13.7056057556,0,0,,,,,,,
20111110770,2011,7,Sydney Roosters,St. George Illawarra Dragons,0,10,24,0.468751948466,0.468751948466,0.330857341928,0.330857341928,19.1630653571,21.7994780916,19.1630653571,21.7994780916,True,,0,0,0,0,0,1,,,Allianz Stadium,-6,2,-20.6006721516,0,0,,,,,,,
20111110780,2011,7,Melbourne Storm,New Zealand Warriors,0,14,18,0.623476460312,0.623476460312,0.944700978918,0.944700978918,23.9664437669,14.5776332416,23.9664437669,14.5776332416,True,,0,0,0,0,0,1,,,AAMI Park,4,-1,20.7262257369,0,0,,,,,,,
20111110810,2011,8,Brisbane Broncos,Canterbury-Bankstown Bulldogs,1,20,12,0.60132890585,0.60132890585,0.909942017099,0.909942017099,22.7555405331,14.970986515,22.7555405331,14.970986515,True,,0,0,0,0,0,1,,,Suncorp Stadium,4,1,15.3905251625,0,0,,,,,,,
20111110820,2011,8,South Sydney Rabbitohs,Cronulla-Sutherland Sharks,1,31,12,0.517847073214,0.517847073214,0.599145863394,0.599145863394,22.1800620347,20.6321952046,22.1800620347,20.6321952046,True,,0,0,0,0,0,1,,,ANZ Stadium,2,0,-4.28217267312,0,0,,,,,,,
20111110830,2011,8,Gold Coast Titans,Sydney Roosters,1,24,13,0.533834056554,0.533834056554,0.681954519283,0.681954519283,20.9115908313,18.1316816785,20.9115908313,18.1316816785,True,,0,0,0,0,0,1,,,Cbus Super Stadium,2,1,-8.46177759586,0,0,,,,,,,
20111110840,2011,8,Melbourne Storm,Newcastle Knights,1,42,12,0.604747687256,0.604747687256,0.916314755319,0.916314755319,22.6454690148,14.670844514,22.6454690148,14.670844514,True,,0,0,0,0,0,1,,,AAMI Park,2,-1,28.5184876239,0,0,,,,,,,
20111110850,2011,8,North Queensland Cowboys,Manly-Warringah Sea Eagles,1,22,20,0.557871855141,0.557871855141,0.787271587799,0.787271587799,22.7835614049,17.9822062552,22.7835614049,17.9822062552,True,,0,0,0,0,0,1,,,1300SMILES Stadium,0,-1,-11.9060049516,0,0,,,,,,,
20111110860,2011,8,New Zealand Warriors,Penrith Panthers,1,26,18,0.566035775029,0.566035775029,0.816856930276,0.816856930276,22.4748513641,17.1116006741,22.4748513641,17.1116006741,True,,0,0,0,0,0,1,,,Mt Smart Stadium,4,-3,12.4964137522,0,0,,,,,,,
20111110870,2011,8,Canberra Raiders,Wests Tigers,0,12,49,0.51210861417,0.51210861417,0.567735408948,0.567735408948,21.1817742677,20.1498691374,21.1817742677,20.1498691374,True,,0,0,0,0,0,1,,,Canberra Stadium,-4,-2,-20.575697699,0,0,,,,,,,
20111110880,2011,8,St. George Illawarra Dragons,Parramatta Eels,1,30,0,0.669250838997,0.669250838997,0.981407795424,0.981407795424,25.2508082364,13.0157890949,25.2508082364,13.0157890949,True,,0,0,0,0,0,1,,,Netstrata Jubilee Stadium,6,-1,65.9042121645,0,0,,,,,,,
20111110910,2011,9,Brisbane Broncos,Melbourne Storm,0,22,29,0.591911222002,0.591911222002,0.890192075215,0.890192075215,22.8972888593,15.6888135922,22.8972888593,15.6888135922,True,,0,0,0,0,0,1,,,Suncorp Stadium,2,1,-4.48014679362,0,0,,,,,,,
20111110920,2011,9,Gold Coast Titans,New Zealand Warriors,0,14,34,0.504817790898,0.504817790898,0.52708635366,0.52708635366,21.1023583986,20.6890377442,21.1023583986,20.6890377442,True,,0,0,0,0,0,1,,,Cbus Super Stadium,-2,1.08333333333,-20.6912455967,0,0,,,,,,,
20111110930,2011,9,St. George Illawarra Dragons,North Queensland Cowboys,1,22,8,0.629399585629,0.629399585629,0.951687809236,0.951687809236,22.5277398253,13.1424301451,22.5277398253,13.1424301451,True,,0,0,0,0,0,1,,,Netstrata Jubilee Stadium,2,-1,28.8254179508,0,0,,,,,,,
20111110940,2011,9,Manly-Warringah Sea Eagles,Canberra Raiders,1,20,0,0.599571389334,0.599571389334,0.906506103108,0.906506103108,23.8187075056,15.9401686088,23.8187075056,15.9401686088,True,,0,0,0,0,0,1,,,Lottoland,6,1,27.3879043285,0,0,,,,,,,
20111111010,2011,10,Canterbury-Bankstown Bulldogs,St. George Illawarra Dragons,0,10,15,0.52166529921,0.52166529921,0.619632898304,0.619632898304,20.1065690994,18.3336321528,20.1065690994,18.3336321528,True,,0,0,0,0,0,1,,,ANZ Stadium,-6,9,-36.3924818033,0,0,,,,,,,
20111111020,2011,10,Penrith Panthers,Brisbane Broncos,1,33,10,0.46996620652,0.46996620652,0.33695933884,0.33695933884,19.3905842915,21.9377075778,19.3905842915,21.9377075778,True,,0,0,0,0,0,1,,,Panthers Stadium,-6,5.91666666667,-33.1886882194,0,0,,,,,,,
20111111030,2011,10,Melbourne Storm,Canberra Raiders,0,12,20,0.656443373335,0.656443373335,0.974511546553,0.974511546553,24.7460722742,13.3204502848,24.7460722742,13.3204502848,True,,0,0,0,0,0,1,,,AAMI Park,8,2,68.176095501,0,0,,,,,,,
20111111040,2011,10,South Sydney Rabbitohs,Wests Tigers,1,29,18,0.464962779154,0.464962779154,0.312172785475,0.312172785475,21.6895204433,24.8471834927,21.6895204433,24.8471834927,True,,0,0,0,0,0,1,,,ANZ Stadium,0,2,-20.276867302,0,0,,,,,,,
20111111050,2011,10,North Queensland Cowboys,Parramatta Eels,1,40,26,0.609752845701,0.609752845701,0.924937021329,0.924937021329,24.8693137063,16.1282754544,24.8693137063,16.1282754544,True,,0,0,0,0,0,1,,,1300SMILES Stadium,4,-7,37.3565264243,0,0,,,,,,,
20111111060,2011,10,Newcastle Knights,New Zealand Warriors,0,16,25,0.482226188965,0.482226188965,0.401250775872,0.401250775872,21.6662510891,23.2473931991,21.6662510891,23.2473931991,True,,0,0,0,0,0,1,,,McDonald Jones Stadium,-4,8,-3.46334585192,0,0,,,,,,,
20111111070,2011,10,Cronulla-Sutherland Sharks,Sydney Roosters,1,18,4,0.503101513947,0.503101513947,0.517446868618,0.517446868618,19.8400805243,19.5820908695,19.8400805243,19.5820908695,True,,0,0,0,0,0,1,,,PointsBet Stadium,-2,1,-14.1746414005,0,0,,,,,,,
20111111080,2011,10,Gold Coast Titans,Manly-Warringah Sea Eagles,0,12,16,0.485655252223,0.485655252223,0.41994767647,0.41994767647,20.23941499,21.4672863656,20.23941499,21.4672863656,True,,0,0,0,0,0,1,,,Cbus Super Stadium,-4,1,-17.2818779953,0,0,,,,,,,
20111111110,2011,11,Canberra Raiders,Canterbury-Bankstown Bulldogs,1,20,12,0.482134419594,0.482134419594,0.400753959088,0.400753959088,19.5277064064,21.0334324121,19.5277064064,21.0334324121,True,,0,0,0,0,0,1,,,Canberra Stadium,-2,-1,-38.7112574708,0,0,,,,,,,
20111111120,2011,11,Wests Tigers,Penrith Panthers,1,20,18,0.529405644193,0.529405644193,0.659863122669,0.659863122669,22.4919963967,19.9617889017,22.4919963967,19.9617889017,True,,0,0,0,0,0,1,,,Campbelltown Stadium,0,-1,28.0385105752,0,0,,,,,,,
20111111130,2011,11,New Zealand Warriors,South Sydney Rabbitohs,1,12,6,0.574651825011,0.574651825011,0.844626795282,0.844626795282,23.5663167296,17.4305163163,23.5663167296,17.4305163163,True,,0,0,0,0,0,1,,,Mt Smart Stadium,4,-1,26.7082615507,0,0,,,,,,,
20111111140,2011,11,Sydney Roosters,Newcastle Knights,1,12,10,0.498080442401,0.498080442401,0.489199340983,0.489199340983,21.7031974995,21.8715855587,21.7031974995,21.8715855587,True,,0,0,0,0,0,1,,,Allianz Stadium,-4,0,-4.07881312515,0,0,,,,,,,
20111111150,2011,11,Parramatta Eels,Cronulla-Sutherland Sharks,1,40,6,0.520035718171,0.520035718171,0.610935117368,0.610935117368,21.1090667608,19.4219918232,21.1090667608,19.4219918232,True,,0,0,0,0,0,1,,,Bankwest Stadium,0,1,-10.8297081591,0,0,,,,,,,
20111111210,2011,12,Manly-Warringah Sea Eagles,Brisbane Broncos,1,34,10,0.578064448811,0.578064448811,0.85467113587,0.85467113587,22.1098972619,15.9579885993,22.1098972619,15.9579885993,True,,0,0,0,0,0,1,,,Suncorp Stadium,2,-3,-7.15088854873,0,0,,,,,,,
20111111220,2011,12,Canterbury-Bankstown Bulldogs,Gold Coast Titans,1,28,6,0.551437332393,0.551437332393,0.761689128359,0.761689128359,23.2856129711,18.9209819368,23.2856129711,18.9209819368,True,,0,0,0,0,0,1,,,Suncorp Stadium,0,-4,19.6351519599,0,0,,,,,,,
20111111230,2011,12,Newcastle Knights,Parramatta Eels,1,8,6,0.532659666672,0.532659666672,0.676167781153,0.676167781153,23.4924411,20.6279920129,23.4924411,20.6279920129,True,,0,0,0,0,0,1,,,McDonald Jones Stadium,0,1,31.2969585456,0,0,,,,,,,
20111111240,2011,12,North Queensland Cowboys,Sydney Roosters,1,20,6,0.566009692305,0.566009692305,0.81676752043,0.81676752043,23.3715210908,17.8911402862,23.3715210908,17.8911402862,True,,0,0,0,0,0,1,,,1300SMILES Stadium,6,8,21.2062702175,0,0,,,,,,,
20111111250,2011,12,Melbourne Storm,Cronulla-Sutherland Sharks,1,14,8,0.61990988763,0.61990988763,0.940069835117,0.940069835117,23.8944408715,14.7335737982,23.8944408715,14.7335737982,True,,0,0,0,0,0,1,,,AAMI Park,4,9,57.3945216599,0,0,,,,,,,
20111111260,2011,12,St. George Illawarra Dragons,Wests Tigers,1,24,18,0.623093437163,0.623093437163,0.944219446773,0.944219446773,23.5299426404,14.2639371005,23.5299426404,14.2639371005,True,,0,0,0,0,0,1,,,Netstrata Jubilee Stadium,6,8,33.9859106696,0,0,,,,,,,
20111111270,2011,12,Penrith Panthers,South Sydney Rabbitohs,1,22,10,0.522709532649,0.522709532649,0.625167976468,0.625167976468,21.4105121375,19.4904542833,21.4105121375,19.4904542833,True,,0,0,0,0,0,1,leadership_change,,Panthers Stadium,-2,1.08333333333,4.64492063957,0,0,4,leadership-panthers-2011-elliott-georgallis,effective,-3,home,panthers,1
20111111320,2011,13,Cronulla-Sutherland Sharks,Brisbane Broncos,0,16,34,0.486700550124,0.486700550124,0.425694243335,0.425694243335,19.7234978523,20.8455269608,19.7234978523,20.8455269608,True,,0,0,0,0,0,1,,,PointsBet Stadium,-2,-2,-43.2188189933,0,0,,,,,,,
20111111330,2011,13,Gold Coast Titans,Penrith Panthers,0,10,23,0.487307173889,0.487307173889,0.429038217172,0.429038217172,19.8021070292,20.874572967,19.8021070292,20.874572967,True,,0,0,0,0,0,1,leadership_change,,Cbus Super Stadium,-2,3,-15.9242726395,0,0,4,leadership-panthers-2011-elliott-georgallis,effective,-2,away,panthers,1
20111111340,2011,13,Canterbury-Bankstown Bulldogs,Manly-Warringah Sea Eagles,0,4,38,0.548468245935,0.548468245935,0.749219604608,0.749219604608,22.0963116373,18.0824810376,22.0963116373,18.0824810376,True,,0,0,0,0,0,1,,,ANZ Stadium,-4,0,-14.6247460932,0,0,,,,,,,
20111111350,2011,13,Sydney Roosters,New Zealand Warriors,1,13,6,0.482062806171,0.482062806171,0.400366398728,0.400366398728,20.1190130295,21.654547984,20.1190130295,21.654547984,True,,0,0,0,0,0,1,,,Allianz Stadium,-8,-5.91666666667,-33.7223516111,0,0,,,,,,,
20111111360,2011,13,Canberra Raiders,North Queensland Cowboys,0,24,40,0.480805851052,0.480805851052,0.393583988112,0.393583988112,20.3470798424,22.0016755925,20.3470798424,22.0016755925,True,,0,0,0,0,0,1,,,Canberra Stadium,-4,8,-30.5723837726,0,0,,,,,,,
20111111370,2011,13,South Sydney Rabbitohs,Melbourne Storm,0,6,16,0.508425951771,0.508425951771,0.547279749231,0.547279749231,20.2609123656,19.5565825411,20.2609123656,19.5565825411,True,,0,0,0,0,0,1,,,ANZ Stadium,-2,-1,-30.9201015876,0,0,,,,,,,
20111111380,2011,13,Wests Tigers,Newcastle Knights,1,17,16,0.563419791698,0.563419791698,0.807726836851,0.807726836851,22.8841600072,17.6579151644,22.8841600072,17.6579151644,True,,0,0,0,0,0,1,,,Leichhardt Oval,0,-1,17.9137631247,0,0,,,,,,,
20111111410,2011,14,St. George Illawarra Dragons,Gold Coast Titans,0,14,28,0.626370970797,0.626370970797,0.948221191071,0.948221191071,23.4789115994,14.0350051892,23.4789115994,14.0350051892,True,,0,0,0,0,0,1,,,Netstrata Jubilee Stadium,7,1,63.0280089735,0,0,,,,,,,
20111111420,2011,14,Manly-Warringah Sea Eagles,North Queensland Cowboys,1,24,4,0.627385177298,0.627385177298,0.949406205314,0.949406205314,24.2983841474,14.6030888459,24.2983841474,14.6030888459,True,,0,0,0,0,0,1,,,Lottoland,0,1,13.0262735989,0,0,,,,,,,
20111111430,2011,14,Brisbane Broncos,Canberra Raiders,1,25,24,0.571872304128,0.571872304128,0.836049747329,0.836049747329,24.6027755489,18.5217409745,24.6027755489,18.5217409745,True,,0,0,0,0,0,1,,,Suncorp Stadium,0,2,16.7526784176,0,0,,,,,,,
20111111440,2011,14,New Zealand Warriors,Wests Tigers,0,22,26,0.53735475207,0.53735475207,0.69897533864,0.69897533864,22.4329297133,19.2598984296,22.4329297133,19.2598984296,True,,0,0,0,0,0,1,,,Mt Smart Stadium,2,2,8.53815111127,0,0,,,,,,,
20111111450,2011,14,Melbourne Storm,Sydney Roosters,1,21,4,0.617186834185,0.617186834185,0.936304523338,0.936304523338,24.1273309505,15.0790688613,24.1273309505,15.0790688613,True,,0,0,0,0,0,1,,,AAMI Park,4,-1,42.6637587003,0,0,,,,,,,
20111111510,2011,15,Brisbane Broncos,St. George Illawarra Dragons,1,21,14,0.573895904503,0.573895904503,0.842329676833,0.842329676833,21.7607834565,15.947119561,21.7607834565,15.947119561,True,,0,0,0,0,0,1,,,Suncorp Stadium,-3,-2,-31.3218417806,0,0,,,,,,,
20111111520,2011,15,South Sydney Rabbitohs,Gold Coast Titans,1,31,8,0.548200837634,0.548200837634,0.748076235452,0.748076235452,22.7142718737,18.6594637344,22.7142718737,18.6594637344,True,,0,0,0,0,0,1,,,ANZ Stadium,2,5,17.6555745817,0,0,,,,,,,
20111111530,2011,15,Newcastle Knights,Penrith Panthers,1,16,12,0.503265361501,0.503265361501,0.518367773049,0.518367773049,21.2435270489,20.9618993977,21.2435270489,20.9618993977,True,,0,0,0,0,0,1,leadership_change,,McDonald Jones Stadium,-4,-2,-15.7482502572,0,0,4,leadership-panthers-2011-elliott-georgallis,effective,-1,away,panthers,1
20111111540,2011,15,North Queensland Cowboys,New Zealand Warriors,1,30,10,0.572271130859,0.572271130859,0.837302549679,0.837302549679,23.3535452713,17.4194468667,23.3535452713,17.4194468667,True,,0,0,0,0,0,1,,,1300SMILES Stadium,0,1.08333333333,2.16369252157,0,0,,,,,,,
20111111550,2011,15,Canterbury-Bankstown Bulldogs,Cronulla-Sutherland Sharks,0,10,26,0.543315647161,0.543315647161,0.726608560966,0.726608560966,24.7494167181,20.9005465255,24.7494167181,20.9005465255,True,,0,0,0,0,0,1,,,ANZ Stadium,0,-1,37.7335977052,0,0,,,,,,,
20111111560,2011,15,Wests Tigers,Melbourne Storm,0,4,12,0.546250178027,0.546250178027,0.739635287766,0.739635287766,21.6462408244,17.8461760779,21.6462408244,17.8461760779,True,,0,0,0,0,0,1,,,Leichhardt Oval,-2,0.916666666667,-17.0235995964,0,0,,,,,,,
20111111570,2011,15,Manly-Warringah Sea Eagles,Parramatta Eels,1,22,18,0.629396277186,0.629396277186,0.951684139186,0.951684139186,24.4878285481,14.6304656181,24.4878285481,14.6304656181,True,,0,0,0,0,0,1,,,Lottoland,7,-8,57.5664468328,0,0,,,,,,,
20111111610,2011,16,Wests Tigers,Canterbury-Bankstown Bulldogs,0,6,16,0.556516388349,0.556516388349,0.782047946998,0.782047946998,22.7502380111,18.054745775,22.7502380111,18.054745775,True,,0,0,0,0,0,1,leadership_change,,Campbelltown Stadium,4,0,17.6884740438,0,0,5,leadership-bulldogs-2011-moore-dymock,effective,-3,away,bulldogs,1
20111111620,2011,16,South Sydney Rabbitohs,Brisbane Broncos,1,16,12,0.557610896385,0.557610896385,0.786272808702,0.786272808702,22.2116349927,17.4972179902,22.2116349927,17.4972179902,True,,0,0,0,0,0,1,,,HBF Park,-2,0,-10.2973049431,0,0,,,,,,,
20111111630,2011,16,Gold Coast Titans,Cronulla-Sutherland Sharks,0,12,36,0.511692527709,0.511692527709,0.565434113053,0.565434113053,22.4167619324,21.389076382,22.4167619324,21.389076382,True,,0,0,0,0,0,1,,,Cbus Super Stadium,-2,2,23.4890407224,0,0,,,,,,,
20111111640,2011,16,Canberra Raiders,Parramatta Eels,1,25,12,0.47569376643,0.47569376643,0.366429833556,0.366429833556,20.4475133102,22.5569157956,20.4475133102,22.5569157956,True,,0,0,0,0,0,1,,,Canberra Stadium,1,8,-7.4926781341,0,0,,,,,,,
20111111650,2011,16,New Zealand Warriors,Melbourne Storm,0,8,16,0.536077761919,0.536077761919,0.692859603257,0.692859603257,21.4418021723,18.4465696251,21.4418021723,18.4465696251,True,,0,0,0,0,0,1,,,Mt Smart Stadium,-4,1,-18.9697722643,0,0,,,,,,,
20111111660,2011,16,Penrith Panthers,North Queensland Cowboys,1,30,20,0.550318101056,0.550318101056,0.757037385458,0.757037385458,23.2813562357,19.0045673199,23.2813562357,19.0045673199,True,,1,0,1,2,0,1,leadership_change,0,Panthers Stadium,-2,0,1.30180599558,0,0,4,leadership-panthers-2011-elliott-georgallis,effective,0,home,panthers,1
20111111670,2011,16,Newcastle Knights,Sydney Roosters,1,18,10,0.536472618738,0.536472618738,0.69475778464,0.69475778464,21.3816832912,18.3601131214,21.3816832912,18.3601131214,True,,0,0,0,0,0,1,,,McDonald Jones Stadium,0,-5,4.6906637979,0,0,,,,,,,
20111111680,2011,16,St. George Illawarra Dragons,Manly-Warringah Sea Eagles,1,24,6,0.565698843402,0.565698843402,0.815699441017,0.815699441017,21.9546896332,16.6855518627,21.9546896332,16.6855518627,True,,0,0,0,0,0,1,,,WIN Stadium,-5,3,-20.0725110277,0,0,,,,,,,
20111111710,2011,17,Parramatta Eels,Brisbane Broncos,0,12,16,0.509908093633,0.509908093633,0.555534898667,0.555534898667,19.4471584401,18.6384139275,19.4471584401,18.6384139275,True,,0,0,0,0,0,1,,,Bankwest Stadium,-3,-1.08333333333,-17.0015472621,0,0,,,,,,,
20111111720,2011,17,Penrith Panthers,Canterbury-Bankstown Bulldogs,1,20,6,0.591743943306,0.591743943306,0.889810575658,0.889810575658,23.4330351452,16.1395735749,23.4330351452,16.1395735749,True,,1,0,1,2,0,1,leadership_change,1,Panthers Stadium,2,-2,23.4398627854,0,0,4,leadership-panthers-2011-elliott-georgallis,effective,1,home,panthers,2
20111111730,2011,17,Cronulla-Sutherland Sharks,South Sydney Rabbitohs,1,26,4,0.554385243748,0.554385243748,0.773656033366,0.773656033366,22.5075506024,18.000392524,22.5075506024,18.000392524,True,,0,0,0,0,0,1,,,PointsBet Stadium,0,-1.08333333333,-26.3145872677,0,0,,,,,,,
20111111740,2011,17,St. George Illawarra Dragons,Newcastle Knights,0,10,14,0.611505815963,0.611505815963,0.927767339305,0.927767339305,23.4733174492,14.9120596438,23.4733174492,14.9120596438,True,,0,0,0,0,0,1,,,WIN Stadium,-1,-1,22.1334188954,0,0,,,,,,,
20111111750,2011,17,Sydney Roosters,Canberra Raiders,0,12,38,0.512847983801,0.512847983801,0.571817688923,0.571817688923,20.6622019401,19.5827822536,20.6622019401,19.5827822536,True,,0,0,0,0,0,1,,,Allianz Stadium,-2,-1,4.5464034647,0,0,,,,,,,
20111111810,2011,18,New Zealand Warriors,Gold Coast Titans,1,22,6,0.589110068528,0.589110068528,0.883655774772,0.883655774772,24.4461820569,17.1548270528,24.4461820569,17.1548270528,True,,0,0,0,0,0,1,,,Mt Smart Stadium,0,-1.08333333333,23.336934289,0,0,,,,,,,
20111111820,2011,18,Parramatta Eels,Wests Tigers,1,22,6,0.487456197207,0.487456197207,0.42986067098,0.42986067098,20.1929063721,21.2635349088,20.1929063721,21.2635349088,True,,0,0,0,0,0,1,,,Bankwest Stadium,-3,-7,-26.0038390374,0,0,,,,,,,
20111111830,2011,18,Cronulla-Sutherland Sharks,Canberra Raiders,1,26,12,0.567912551393,0.567912551393,0.823204993824,0.823204993824,23.616878229,17.9635621858,23.616878229,17.9635621858,True,,0,0,0,0,0,1,,,PointsBet Stadium,0,1,-0.966859394618,0,0,,,,,,,
20111111840,2011,18,Canterbury-Bankstown Bulldogs,Melbourne Storm,0,18,28,0.551426680503,0.551426680503,0.761645136724,0.761645136724,21.5043497776,17.3291059695,21.5043497776,17.3291059695,True,,0,0,0,0,0,1,leadership_change,,Other,-6,-5.91666666667,-40.5939048571,0,0,5,leadership-bulldogs-2011-moore-dymock,effective,-1,home,bulldogs,1
20111111850,2011,18,Sydney Roosters,Penrith Panthers,1,34,26,0.459302677069,0.459302677069,0.285339919341,0.285339919341,20.0647893468,23.6017933641,20.0647893468,23.6017933641,True,,0,1,1,2,0,1,leadership_change,2,Allianz Stadium,-6,-2,-29.1170926535,0,0,4,leadership-panthers-2011-elliott-georgallis,effective,2,away,panthers,1
20111111860,2011,18,Manly-Warringah Sea Eagles,South Sydney Rabbitohs,1,36,22,0.600204317065,0.600204317065,0.907756221282,0.907756221282,23.3541543631,15.5238474388,23.3541543631,15.5238474388,True,,0,0,0,0,0,1,,,Lottoland,4,6,36.0413549666,0,0,,,,,,,
20111111870,2011,18,Newcastle Knights,North Queensland Cowboys,0,12,22,0.558046813513,0.558046813513,0.787939372164,0.787939372164,23.6126692758,18.7013435275,23.6126692758,18.7013435275,True,,0,0,0,0,0,1,,,McDonald Jones Stadium,2,-7,-19.1210093113,0,0,,,,,,,
20111111910,2011,19,New Zealand Warriors,Canterbury-Bankstown Bulldogs,1,36,12,0.588135675631,0.588135675631,0.88130738413,0.88130738413,23.542128175,16.4714991925,23.542128175,16.4714991925,True,,0,1,1,2,0,1,leadership_change,0,Mt Smart Stadium,0,0.895833333333,13.8648096992,0,0,5,leadership-bulldogs-2011-moore-dymock,effective,0,away,bulldogs,1
20111111920,2011,19,Brisbane Broncos,Gold Coast Titans,1,30,10,0.620733573297,0.620733573297,0.941169068546,0.941169068546,24.9854501992,15.5326507622,24.9854501992,15.5326507622,True,,0,0,0,0,0,1,,,Suncorp Stadium,6,7.08333333333,37.4558025718,0,0,,,,,,,
20111111930,2011,19,South Sydney Rabbitohs,Sydney Roosters,1,21,20,0.515712393805,0.515712393805,0.587539174133,0.587539174133,22.8765632937,21.4872660333,22.8765632937,21.4872660333,True,,0,0,0,0,0,1,,,ANZ Stadium,0,0,20.2701405214,0,0,,,,,,,
20111111940,2011,19,North Queensland Cowboys,Wests Tigers,0,18,38,0.594258404485,0.594258404485,0.895428993113,0.895428993113,24.2364883993,16.6314979677,24.2364883993,16.6314979677,True,,0,0,0,0,0,1,,,1300SMILES Stadium,2,-3,10.1236078532,0,0,,,,,,,
20111111950,2011,19,Penrith Panthers,Parramatta Eels,1,23,22,0.549423117834,0.549423117834,0.753275107751,0.753275107751,23.9045756411,19.6360742554,23.9045756411,19.6360742554,True,,0,0,0,0,0,1,leadership_change,,Panthers Stadium,3,-2,32.213323588,0,0,4,leadership-panthers-2011-elliott-georgallis,effective,3,home,panthers,1
20111111960,2011,19,Canberra Raiders,Melbourne Storm,0,0,26,0.510148159012,0.510148159012,0.556869330492,0.556869330492,19.9271861025,19.0881872727,19.9271861025,19.0881872727,True,,0,0,0,0,0,1,,,Canberra Stadium,-6,-0.0208333333333,-34.1374427142,0,0,,,,,,,
20111111970,2011,19,Newcastle Knights,Manly-Warringah Sea Eagles,0,10,32,0.546131859748,0.546131859748,0.739117647701,0.739117647701,22.2260803215,18.3792014454,22.2260803215,18.3792014454,True,,0,0,0,0,0,1,,,McDonald Jones Stadium,-2,-1,-26.0365606842,0,0,,,,,,,
20111111980,2011,19,St. George Illawarra Dragons,Cronulla-Sutherland Sharks,1,38,8,0.577083899018,0.577083899018,0.851839378205,0.851839378205,22.6483686105,16.4795837256,22.6483686105,16.4795837256,True,,0,0,0,0,0,1,,,Netstrata Jubilee Stadium,-5,6,31.1381006375,0,0,,,,,,,
20111112010,2011,20,Canterbury-Bankstown Bulldogs,Parramatta Eels,1,8,7,0.537837924416,0.537837924416,0.701271775525,0.701271775525,22.9923757982,19.7369499991,22.9923757982,19.7369499991,True,,1,0,1,2,0,1,leadership_change,1,ANZ Stadium,0,0.916666666667,-5.14721588299,0,0,5,leadership-bulldogs-2011-moore-dymock,effective,1,home,bulldogs,1
20111112020,2011,20,Melbourne Storm,Brisbane Broncos,1,26,6,0.644535305564,0.644535305564,0.966070056473,0.966070056473,23.6048491602,13.1212979285,23.6048491602,13.1212979285,True,,0,0,0,0,0,1,,,AAMI Park,2,-2,27.7282164152,0,0,,,,,,,
20111112030,2011,20,Gold Coast Titans,North Queensland Cowboys,0,20,28,0.475854096486,0.475854096486,0.367270077123,0.367270077123,21.1985595864,23.3332257511,21.1985595864,23.3332257511,True,,0,0,0,0,0,1,,,Cbus Super Stadium,-2,1,-52.0979850091,0,0,,,,,,,
20111112040,2011,20,Wests Tigers,Sydney Roosters,1,19,12,0.546050733829,0.546050733829,0.738762352077,0.738762352077,24.4138477175,20.3691945003,24.4138477175,20.3691945003,True,,0,0,0,0,0,1,,,Leichhardt Oval,2,0,14.3216803774,0,0,,,,,,,
20111112050,2011,20,Cronulla-Sutherland Sharks,Newcastle Knights,0,0,18,0.578271416666,0.578271416666,0.855263295747,0.855263295747,23.4993893385,17.116613269,23.4993893385,17.116613269,True,,0,0,0,0,0,1,,,PointsBet Stadium,2,-1,3.25783698496,0,0,,,,,,,
20111112060,2011,20,South Sydney Rabbitohs,New Zealand Warriors,0,16,48,0.509992517348,0.509992517348,0.556004267282,0.556004267282,21.7968772843,20.9299281487,21.7968772843,20.9299281487,True,,0,0,0,0,0,1,,,ANZ Stadium,2,-0.916666666667,-14.4310431743,0,0,,,,,,,
20111112070,2011,20,Penrith Panthers,Manly-Warringah Sea Eagles,0,8,12,0.500536157628,0.500536157628,0.503017184867,0.503017184867,22.0664073392,22.0190822403,22.0664073392,22.0190822403,True,,0,0,0,0,0,1,,,Panthers Stadium,-2,1,-23.2992708599,0,0,,,,,,,
20111112080,2011,20,Canberra Raiders,St. George Illawarra Dragons,1,24,19,0.473575875806,0.473575875806,0.355405878701,0.355405878701,18.5686628955,20.7540872025,18.5686628955,20.7540872025,True,,0,0,0,0,0,1,,,Canberra Stadium,0,1,-30.8230260255,0,0,,,,,,,
20111112110,2011,21,Manly-Warringah Sea Eagles,Wests Tigers,0,12,14,0.603267339752,0.603267339752,0.913604927115,0.913604927115,23.7335659752,15.6336809067,23.7335659752,15.6336809067,True,,0,0,0,0,0,1,,,Central Coast Stadium,4,-1,33.2475311975,0,0,,,,,,,
20111112120,2011,21,Brisbane Broncos,Cronulla-Sutherland Sharks,1,46,16,0.598435403722,0.598435403722,0.904225919068,0.904225919068,23.7407988705,15.9508634109,23.7407988705,15.9508634109,True,,0,0,0,0,0,1,,,Suncorp Stadium,0,1,17.0023421847,0,0,,,,,,,
20111112130,2011,21,Sydney Roosters,Canterbury-Bankstown Bulldogs,1,32,28,0.4937184377,0.4937184377,0.46470751462,0.46470751462,21.5634274133,22.1150263688,21.5634274133,22.1150263688,True,,0,1,1,2,0,1,leadership_change,2,Allianz Stadium,-2,-1,1.7004849521,0,0,5,leadership-bulldogs-2011-moore-dymock,effective,2,away,bulldogs,1
20111112140,2011,21,North Queensland Cowboys,Penrith Panthers,1,30,18,0.558189770885,0.558189770885,0.78848391688,0.78848391688,22.5426434447,17.7459670627,22.5426434447,17.7459670627,True,,0,0,0,0,0,1,,,1300SMILES Stadium,0,1,-1.89953822341,0,0,,,,,,,
20111112150,2011,21,New Zealand Warriors,Canberra Raiders,1,29,10,0.625851244893,0.625851244893,0.947604326406,0.947604326406,25.241003547,15.4197552249,25.241003547,15.4197552249,True,,0,0,0,0,0,1,,,Mt Smart Stadium,0,1,28.2424416796,0,0,,,,,,,
20111112160,2011,21,Newcastle Knights,Gold Coast Titans,1,50,20,0.621465162362,0.621465162362,0.942130279749,0.942130279749,26.5999461812,16.7506370236,26.5999461812,16.7506370236,True,,0,0,0,0,0,1,,,McDonald Jones Stadium,6,0,33.2239682306,0,0,,,,,,,
20111112170,2011,21,St. George Illawarra Dragons,South Sydney Rabbitohs,0,24,34,0.64299435879,0.64299435879,0.964808520246,0.964808520246,24.7081487681,14.0218946624,24.7081487681,14.0218946624,True,,0,0,0,0,0,1,,,WIN Stadium,0,-1,44.8298769553,0,0,,,,,,,
20111112180,2011,21,Parramatta Eels,Melbourne Storm,0,18,22,0.49119374431,0.49119374431,0.450599472891,0.450599472891,19.1994131926,19.9287066167,19.1994131926,19.9287066167,True,,0,0,0,0,0,1,,,Bankwest Stadium,-8,0,-46.4351507361,0,0,,,,,,,
20111112210,2011,22,Wests Tigers,St. George Illawarra Dragons,1,16,14,0.551200635078,0.551200635078,0.760710314281,0.760710314281,21.5091913893,17.3502543521,21.5091913893,17.3502543521,True,,0,0,0,0,0,1,,,Allianz Stadium,2,2,-21.7568258335,0,0,,,,,,,
20111112220,2011,22,Canterbury-Bankstown Bulldogs,North Queensland Cowboys,1,14,6,0.508987970498,0.508987970498,0.550413257302,0.550413257302,22.083814585,21.2976168107,22.083814585,21.2976168107,True,,0,0,0,0,0,1,leadership_change,,ANZ Stadium,-4,0,-23.8726131678,0,0,5,leadership-bulldogs-2011-moore-dymock,effective,3,home,bulldogs,1
20111112230,2011,22,Melbourne Storm,Penrith Panthers,1,26,6,0.684349844186,0.684349844186,0.987317209711,0.987317209711,24.9274516213,12.0408841806,24.9274516213,12.0408841806,True,,0,0,0,0,0,1,,,AAMI Park,6,-2,37.5906431286,0,0,,,,,,,
20111112240,2011,22,Brisbane Broncos,New Zealand Warriors,1,21,20,0.556969519296,0.556969519296,0.783804068393,0.783804068393,23.3269646257,18.5309388338,23.3269646257,18.5309388338,True,,0,0,0,0,0,1,,,Suncorp Stadium,-2,2.08333333333,-20.9644153125,0,0,,,,,,,
20111112250,2011,22,Cronulla-Sutherland Sharks,Gold Coast Titans,0,16,20,0.570507531963,0.570507531963,0.831706262279,0.831706262279,25.9757127761,19.8117135265,25.9757127761,19.8117135265,True,,0,0,0,0,0,1,,,PointsBet Stadium,4,2,23.5951893546,0,0,,,,,,,
20111112260,2011,22,Newcastle Knights,Canberra Raiders,1,40,8,0.613969961954,0.613969961954,0.931587057747,0.931587057747,25.7426562139,16.5527235883,25.7426562139,16.5527235883,True,,0,0,0,0,0,1,,,McDonald Jones Stadium,2,0.0833333333333,9.60834948936,0,0,,,,,,,
20111112270,2011,22,Manly-Warringah Sea Eagles,Sydney Roosters,1,36,8,0.599429717575,0.599429717575,0.906224299517,0.906224299517,24.1490528264,16.2171939575,24.1490528264,16.2171939575,True,,0,0,0,0,0,1,,,Lottoland,2,1,57.1122907646,0,0,,,,,,,
20111112280,2011,22,South Sydney Rabbitohs,Parramatta Eels,1,56,6,0.521893888395,0.521893888395,0.620847191938,0.620847191938,22.6526330859,20.7421162892,22.6526330859,20.7421162892,True,,0,0,0,0,0,1,,,ANZ Stadium,2,1,-14.9191708391,0,0,,,,,,,
20111112310,2011,23,Penrith Panthers,Wests Tigers,0,18,32,0.527076873979,0.527076873979,0.647962686574,0.647962686574,22.1489540724,19.8310182328,22.1489540724,19.8310182328,True,,0,0,0,0,0,1,,,Panthers Stadium,-6,-1,-7.12102552191,0,0,,,,,,,
20111112320,2011,23,North Queensland Cowboys,Brisbane Broncos,0,16,34,0.549023515603,0.549023515603,0.751583125134,0.751583125134,22.7010069262,18.5836622893,22.7010069262,18.5836622893,True,,0,0,0,0,0,1,,,1300SMILES Stadium,-2,1,-5.16853668223,0,0,,,,,,,
20111112330,2011,23,New Zealand Warriors,Newcastle Knights,1,20,12,0.595398077947,0.595398077947,0.897894665646,0.897894665646,24.1132993944,16.45437265,24.1132993944,16.45437265,True,,0,0,0,0,0,1,,,Mt Smart Stadium,2,1,19.637744061,0,0,,,,,,,
20111112340,2011,23,Parramatta Eels,Manly-Warringah Sea Eagles,0,20,26,0.473558665185,0.473558665185,0.355316882172,0.355316882172,19.2587839467,21.4872728347,19.2587839467,21.4872728347,True,,0,0,0,0,0,1,,,Bankwest Stadium,-6,-1,-37.4415996302,0,0,,,,,,,
20111112350,2011,23,Gold Coast Titans,Melbourne Storm,0,16,40,0.459665893044,0.459665893044,0.287021152862,0.287021152862,19.6627921947,23.1316176125,19.6627921947,23.1316176125,True,,0,0,0,0,0,1,,,Cbus Super Stadium,-8,0,-90.492945611,0,0,,,,,,,
20111112360,2011,23,Canberra Raiders,South Sydney Rabbitohs,0,18,47,0.470994667818,0.470994667818,0.342169188828,0.342169188828,22.5293066485,25.184499889,22.5293066485,25.184499889,True,,0,0,0,0,0,1,,,Canberra Stadium,-4,1,-0.0321734988513,0,0,,,,,,,
20111112370,2011,23,St. George Illawarra Dragons,Sydney Roosters,0,12,20,0.626524473027,0.626524473027,0.948402131765,0.948402131765,24.9734195092,15.1727636925,24.9734195092,15.1727636925,True,,0,0,0,0,0,1,,,WIN Stadium,-2,2,35.8706925548,0,0,,,,,,,
20111112380,2011,23,Cronulla-Sutherland Sharks,Canterbury-Bankstown Bulldogs,0,12,19,0.494972864819,0.494972864819,0.471739059542,0.471739059542,20.8425977066,21.2756571547,20.8425977066,21.2756571547,True,,0,0,0,0,0,1,,,PointsBet Stadium,-2,-1,-5.60453187442,0,0,,,,,,,
20111112410,2011,24,Melbourne Storm,St. George Illawarra Dragons,1,8,6,0.671615521563,0.671615521563,0.982475447995,0.982475447995,24.036587854,12.0434197702,24.036587854,12.0434197702,True,,0,0,0,0,0,1,,,AAMI Park,8,1,30.6108354682,0,0,,,,,,,
20111112420,2011,24,South Sydney Rabbitohs,North Queensland Cowboys,1,26,24,0.594167891494,0.594167891494,0.895231027194,0.895231027194,24.9652284151,17.2366161612,24.9652284151,17.2366161612,True,,0,0,0,0,0,1,,,ANZ Stadium,4,-2,6.04243076659,0,0,,,,,,,
20111112430,2011,24,Gold Coast Titans,Canberra Raiders,1,26,18,0.548995392024,0.548995392024,0.75146376321,0.75146376321,23.7821535424,19.5597650655,23.7821535424,19.5597650655,True,,0,0,0,0,0,1,,,Cbus Super Stadium,0,1,-19.4851507906,0,0,,,,,,,
20111112440,2011,24,Penrith Panthers,New Zealand Warriors,0,12,26,0.486334952715,0.486334952715,0.423682065554,0.423682065554,21.4454557376,22.6503233884,21.4454557376,22.6503233884,True,,0,0,0,0,0,1,,,Panthers Stadium,-6,1.08333333333,-29.7236272888,0,0,,,,,,,
20111112450,2011,24,Sydney Roosters,Cronulla-Sutherland Sharks,1,36,25,0.572175670641,0.572175670641,0.837003365303,0.837003365303,23.1709044433,17.2698406082,23.1709044433,17.2698406082,True,,0,0,0,0,0,1,,,Allianz Stadium,4,1,5.71048001479,0,0,,,,,,,
20111112460,2011,24,Manly-Warringah Sea Eagles,Canterbury-Bankstown Bulldogs,1,27,16,0.628719455674,0.628719455674,0.950928040219,0.950928040219,24.3116209645,14.5352987034,24.3116209645,14.5352987034,True,,0,0,0,0,0,1,,,Lottoland,2,2,54.5232591147,0,0,,,,,,,
20111112470,2011,24,Wests Tigers,Parramatta Eels,1,31,12,0.604464412149,0.604464412149,0.915801988691,0.915801988691,26.0465795745,17.4212525003,26.0465795745,17.4212525003,True,,0,0,0,0,0,1,,,Allianz Stadium,10,1,38.111500986,0,0,,,,,,,
20111112480,2011,24,Newcastle Knights,Brisbane Broncos,0,6,26,0.573370442333,0.573370442333,0.840717300774,0.840717300774,23.865051758,17.778198015,23.865051758,17.778198015,True,,0,0,0,0,0,1,,,McDonald Jones Stadium,-2,-1.08333333333,4.91596990635,0,0,,,,,,,
20111112510,2011,25,Manly-Warringah Sea Eagles,Melbourne Storm,1,18,4,0.624817816445,0.624817816445,0.946358116426,0.946358116426,23.8340639263,14.3970451083,23.8340639263,14.3970451083,True,,0,0,0,0,0,1,,,Lottoland,-2,-2,-12.6104907886,0,0,,,,,,,
20111112520,2011,25,Parramatta Eels,Sydney Roosters,0,12,13,0.527753290417,0.527753290417,0.651438419238,0.651438419238,22.4315531464,20.0415260193,22.4315531464,20.0415260193,True,,0,0,0,0,0,1,,,Bankwest Stadium,-6,-1,-6.01145791619,0,0,,,,,,,
20111112530,2011,25,Canterbury-Bankstown Bulldogs,Newcastle Knights,1,32,22,0.559175455534,0.559175455534,0.792211651364,0.792211651364,23.1979797463,18.2494844282,23.1979797463,18.2494844282,True,,0,0,0,0,0,1,,,ANZ Stadium,0,1,-31.814896042,0,0,,,,,,,
20111112540,2011,25,North Queensland Cowboys,Cronulla-Sutherland Sharks,1,28,20,0.623563565002,0.623563565002,0.944809965325,0.944809965325,26.2809195651,16.368399555,26.2809195651,16.368399555,True,,0,0,0,0,0,1,,,1300SMILES Stadium,4,1,29.0884876376,0,0,,,,,,,
20111112550,2011,25,Canberra Raiders,Penrith Panthers,0,18,19,0.549316622095,0.549316622095,0.752824919204,0.752824919204,22.8104140554,18.6593357514,22.8104140554,18.6593357514,True,,0,0,0,0,0,1,,,Canberra Stadium,2,0,-27.1582756312,0,0,,,,,,,
20111112560,2011,25,St. George Illawarra Dragons,New Zealand Warriors,1,26,22,0.571509537776,0.571509537776,0.834903751195,0.834903751195,22.2875761232,16.5611974475,22.2875761232,16.5611974475,True,,0,0,0,0,0,1,,,WIN Stadium,-8,1,-22.2389341413,0,0,,,,,,,
20111112570,2011,25,Brisbane Broncos,South Sydney Rabbitohs,1,22,10,0.624050223076,0.624050223076,0.945415346826,0.945415346826,25.8901008945,16.0333840768,25.8901008945,16.0333840768,True,,0,0,0,0,0,1,,,Suncorp Stadium,0,-3,4.29597871734,0,0,,,,,,,
20111112580,2011,25,Wests Tigers,Gold Coast Titans,1,39,10,0.652519437922,0.652519437922,0.971970313172,0.971970313172,26.9516332171,15.1520984448,26.9516332171,15.1520984448,True,,0,0,0,0,0,1,,,Campbelltown Stadium,6,-1,62.0942524978,0,0,,,,,,,
20111112610,2011,26,Newcastle Knights,South Sydney Rabbitohs,1,40,24,0.560199769316,0.560199769316,0.796035718986,0.796035718986,24.753715145,19.5429580967,24.753715145,19.5429580967,True,,0,0,0,0,0,1,,,McDonald Jones Stadium,-4,1,-7.09090128366,0,0,,,,,,,
20111112620,2011,26,St. George Illawarra Dragons,Penrith Panthers,1,32,12,0.651880084114,0.651880084114,0.97153493076,0.97153493076,24.7874254062,13.5940706914,24.7874254062,13.5940706914,True,,0,0,0,0,0,1,,,WIN Stadium,0,-1,21.2944671372,0,0,,,,,,,
20111112630,2011,26,New Zealand Warriors,North Queensland Cowboys,1,18,6,0.63191563214,0.63191563214,0.954407184938,0.954407184938,24.2711803197,14.3196313254,24.2711803197,14.3196313254,True,,0,0,0,0,0,1,,,Mt Smart Stadium,2,-1,34.9935967492,0,0,,,,,,,
20111112640,2011,26,Cronulla-Sutherland Sharks,Wests Tigers,0,22,30,0.451681791425,0.451681791425,0.251421505876,0.251421505876,20.2702798943,24.5084233861,20.2702798943,24.5084233861,True,,0,0,0,0,0,1,,,PointsBet Stadium,-10,2,-55.9192261122,0,0,,,,,,,
20111112650,2011,26,Gold Coast Titans,Parramatta Eels,0,12,32,0.548883290711,0.548883290711,0.750987615402,0.750987615402,24.2243467813,19.9678231072,24.2243467813,19.9678231072,True,,0,0,0,0,0,1,,,Cbus Super Stadium,4,-3,-14.1490122871,0,0,,,,,,,
20111112660,2011,26,Canterbury-Bankstown Bulldogs,Canberra Raiders,1,36,22,0.620495101634,0.620495101634,0.940852684763,0.940852684763,26.7683271481,16.9450125624,26.7683271481,16.9450125624,True,,0,0,0,0,0,1,,,ANZ Stadium,6,0,25.8058026977,0,0,,,,,,,
20111112670,2011,26,Brisbane Broncos,Manly-Warringah Sea Eagles,1,18,10,0.613162569575,0.613162569575,0.930355604648,0.930355604648,24.14515331,15.3397910067,24.14515331,15.3397910067,True,,0,0,0,0,0,1,,,Suncorp Stadium,2,-2,-3.76708337326,0,0,,,,,,,
20111112680,2011,26,Sydney Roosters,Melbourne Storm,1,40,8,0.515594505042,0.515594505042,0.586895311697,0.586895311697,21.3535520688,20.024610226,21.3535520688,20.024610226,True,,0,0,0,0,0,1,,,Allianz Stadium,0,0,-59.4247146854,0,0,,,,,,,
20111112710,2011,27,Wests Tigers,St. George Illawarra Dragons,1,21,12,0.58909251738,0.58909251738,0.883613819046,0.883613819046,22.0020715523,15.1376906559,22.0020715523,15.1376906559,True,,0,0,0,0,0,1,,,ANZ Stadium,6,-1,11.2572394791,0,0,,,,,,,
20111112720,2011,27,Brisbane Broncos,New Zealand Warriors,1,40,10,0.653131658013,0.653131658013,0.972381496519,0.972381496519,25.5097051994,14.05497748,25.5097051994,14.05497748,True,,0,0,0,0,0,1,,,Suncorp Stadium,4,-0.916666666667,5.79165954327,0,0,,,,,,,
20111112730,2011,27,Manly-Warringah Sea Eagles,North Queensland Cowboys,1,42,8,0.665932500409,0.665932500409,0.97980850131,0.97980850131,25.68975428,13.5002480382,25.68975428,13.5002480382,True,,0,0,0,0,0,1,,,Allianz Stadium,6,-0.916666666667,44.4456999656,0,0,,,,,,,
20111112740,2011,27,Melbourne Storm,Newcastle Knights,1,18,8,0.640517719275,0.640517719275,0.962691208944,0.962691208944,25.1647481422,14.502286393,25.1647481422,14.502286393,True,,0,0,0,0,0,1,,,AAMI Park,2,-2,34.5674651916,0,0,,,,,,,
20111112810,2011,28,Wests Tigers,New Zealand Warriors,0,20,22,0.62859037415,0.62859037415,0.950782635289,0.950782635289,25.5361330216,15.4822924545,25.5361330216,15.4822924545,True,,0,0,0,0,0,1,,,Allianz Stadium,4,1,-7.12976046755,0,0,,,,,,,
20111112820,2011,28,Brisbane Broncos,St. George Illawarra Dragons,1,13,12,0.643507646373,0.643507646373,0.965233405406,0.965233405406,23.1570484317,12.8468193782,23.1570484317,12.8468193782,True,,0,0,0,0,0,1,,,Suncorp Stadium,6,-1,18.205968444,0,0,,,,,,,
20111112910,2011,29,Manly-Warringah Sea Eagles,Brisbane Broncos,1,26,14,0.584289837991,0.584289837991,0.871652189305,0.871652189305,23.6918165767,16.8588850541,23.6918165767,16.8588850541,True,,0,0,0,0,0,1,,,Allianz Stadium,-2,7,-12.7619433764,0,0,,,,,,,
20111112920,2011,29,Melbourne Storm,New Zealand Warriors,0,12,20,0.595032368686,0.595032368686,0.897108883663,0.897108883663,23.6963158389,16.1376556774,23.6963158389,16.1376556774,True,,0,0,0,0,0,1,,,AAMI Park,0,5,0.0616584790637,0,0,,,,,,,
20111113010,2011,30,Manly-Warringah Sea Eagles,New Zealand Warriors,1,24,10,0.634564606353,0.634564606353,0.957120142186,0.957120142186,24.5885414086,14.4080933189,24.5885414086,14.4080933189,True,,0,0,0,0,0,1,,,ANZ Stadium,2,1,27.5280166807,0,0,,,,,,,
20121110110,2012,1,Newcastle Knights,St. George Illawarra Dragons,0,14,15,0.494697320199,0.494697320199,0.482743604291,0.482743604291,20.5643711403,20.8262265261,20.5643711403,20.8262265261,True,,0,0,0,0,0,1,,,McDonald Jones Stadium,0,0,-6.21263557694,0,0,,,,,,,
20121110120,2012,1,Parramatta Eels,Brisbane Broncos,0,6,18,0.495818703604,0.495818703604,0.486391046571,0.486391046571,20.7993636488,21.006943051,20.7993636488,21.006943051,True,,0,0,0,0,0,1,,,Bankwest Stadium,0,0,-74.7433021904,0,0,,,,,,,
20121110130,2012,1,Canberra Raiders,Melbourne Storm,0,19,24,0.499682775289,0.499682775289,0.498967292386,0.498967292386,21.0302588099,21.0460615418,21.0302588099,21.0460615418,True,,0,0,0,0,0,1,,,Canberra Stadium,0,0,-58.9215451049,0,0,,,,,,,
20121110140,2012,1,Penrith Panthers,Canterbury-Bankstown Bulldogs,0,14,22,0.507201568665,0.507201568665,0.523428792974,0.523428792974,21.4212878178,21.0607323448,21.4212878178,21.0607323448,True,,0,0,0,0,0,1,,,Panthers Stadium,0,0,-5.47163953643,0,0,,,,,,,
20121110150,2012,1,North Queensland Cowboys,Gold Coast Titans,0,0,18,0.499625894737,0.499625894737,0.498782121489,0.498782121489,21.8093446967,21.828344208,21.8093446967,21.828344208,True,,0,0,0,0,0,1,,,1300SMILES Stadium,0,0,43.8518075439,0,0,,,,,,,
20121110160,2012,1,New Zealand Warriors,Manly-Warringah Sea Eagles,0,20,26,0.468984216012,0.468984216012,0.400255539251,0.400255539251,20.8014507516,22.3656959255,20.8014507516,22.3656959255,True,,0,0,0,0,0,1,,,Other,0,0,-28.450117469,0,0,,,,,,,
20121110170,2012,1,Wests Tigers,Cronulla-Sutherland Sharks,1,17,16,0.496344292623,0.496344292623,0.488101065171,0.488101065171,21.8339029955,22.0200471693,21.8339029955,22.0200471693,True,,0,0,0,0,0,1,,,Leichhardt Oval,0,0,62.8961444488,0,0,,,,,,,
20121110180,2012,1,South Sydney Rabbitohs,Sydney Roosters,0,20,24,0.474768839326,0.474768839326,0.418524268153,0.418524268153,21.8127076994,23.1129307924,21.8127076994,23.1129307924,True,,0,0,0,0,0,1,,,ANZ Stadium,0,0,28.626192444,0,0,,,,,,,
20121110210,2012,2,Manly-Warringah Sea Eagles,Wests Tigers,1,22,18,0.552563269557,0.552563269557,0.665300691463,0.665300691463,21.4866337862,18.9322342197,21.4866337862,18.9322342197,True,,0,0,0,0,0,1,,,Central Coast Stadium,0,-0.0833333333333,15.5811381667,0,0,,,,,,,
20121110220,2012,2,Brisbane Broncos,North Queensland Cowboys,0,26,28,0.647110286139,0.647110286139,0.878037743881,0.878037743881,22.3568684634,15.5792552163,22.3568684634,15.5792552163,True,,0,0,0,0,0,1,,,Suncorp Stadium,2,0.958333333333,28.6551652224,0,0,,,,,,,
20121110230,2012,2,Gold Coast Titans,Canberra Raiders,0,12,24,0.589919662946,0.589919662946,0.765628514046,0.765628514046,22.4798281037,17.8178650116,22.4798281037,17.8178650116,True,,0,0,0,0,0,1,,,Cbus Super Stadium,2,0.0416666666667,-7.7610448332,0,-0.0101134477565,,,,,,,
20121110240,2012,2,Canterbury-Bankstown Bulldogs,St. George Illawarra Dragons,1,30,4,0.523180392289,0.523180392289,0.574947709538,0.574947709538,20.4521096946,19.0873890548,20.4521096946,19.0873890548,True,,0,0,0,0,0,1,,,ANZ Stadium,0,-2,-12.2117901107,0,-0.0203253913326,,,,,,,
20121110250,2012,2,Cronulla-Sutherland Sharks,Newcastle Knights,0,6,18,0.479291224197,0.479291224197,0.432951327392,0.432951327392,20.7210913629,21.9237893616,20.7210913629,21.9237893616,True,,0,0,0,0,0,1,,,PointsBet Stadium,0,-3,-20.6232183643,0,-0.0101134477565,,,,,,,
20121110260,2012,2,Sydney Roosters,Penrith Panthers,0,0,18,0.599344159679,0.599344159679,0.787693394819,0.787693394819,22.7203390477,17.7681265723,22.7203390477,17.7681265723,True,,0,0,0,0,0,1,,,Allianz Stadium,2,-2,10.8271935149,0,0,,,,,,,
20121110270,2012,2,Melbourne Storm,South Sydney Rabbitohs,1,24,10,0.599916887701,0.599916887701,0.788989272436,0.788989272436,21.9579142287,17.2213738852,21.9579142287,17.2213738852,True,,0,0,0,0,0,1,,,AAMI Park,2,2,6.30210921662,0,0,,,,,,,
20121110280,2012,2,Parramatta Eels,New Zealand Warriors,0,20,36,0.543130303486,0.543130303486,0.637154102615,0.637154102615,20.7826590383,18.4559908504,20.7826590383,18.4559908504,True,,0,0,0,0,0,1,,,Bankwest Stadium,0,2.08333333333,-21.0255217215,0,0.00814398687763,,,,,,,
20121110310,2012,3,St. George Illawarra Dragons,Wests Tigers,1,36,12,0.498595202042,0.498595202042,0.495426867051,0.495426867051,19.7731030972,19.8408803742,19.7731030972,19.8408803742,True,,0,0,0,0,0,1,,,Netstrata Jubilee Stadium,0,-1,0.640550071902,0,0,,,,,,,
20121110320,2012,3,Newcastle Knights,Brisbane Broncos,0,10,24,0.600881112993,0.600881112993,0.791159241698,0.791159241698,21.5290388424,16.8029528233,21.5290388424,16.8029528233,True,,0,0,0,0,0,1,,,McDonald Jones Stadium,0,-2.04166666667,-19.9630505031,0,0,,,,,,,
20121110330,2012,3,Gold Coast Titans,Melbourne Storm,0,6,30,0.514447886564,0.514447886564,0.546909098133,0.546909098133,20.0775335182,19.3820936862,20.0775335182,19.3820936862,True,,0,0,0,0,0,1,,,Cbus Super Stadium,-2,1.04166666667,-26.0260348355,0,0,,,,,,,
20121110340,2012,3,North Queensland Cowboys,Parramatta Eels,1,42,6,0.582967570941,0.582967570941,0.74847020293,0.74847020293,22.2689151024,18.2512193764,22.2689151024,18.2512193764,True,,0,0,0,0,0,1,,,1300SMILES Stadium,2,3.04166666667,-5.01192517345,0,0,,,,,,,
20121110350,2012,3,New Zealand Warriors,Canterbury-Bankstown Bulldogs,0,18,32,0.56227869542,0.56227869542,0.693219462376,0.693219462376,21.8433231765,18.8919207432,21.8433231765,18.8919207432,True,,0,0,0,0,0,1,,,Mt Smart Stadium,-2,-2,8.57363409976,-1.41176470588,-0.0171928611861,,,,,,,
20121110360,2012,3,Sydney Roosters,Canberra Raiders,1,14,8,0.524091854335,0.524091854335,0.577852132048,0.577852132048,21.6644073649,20.3349653157,21.6644073649,20.3349653157,True,,0,0,0,0,0,1,,,Allianz Stadium,0,-1.04166666667,23.3775629209,-4.52941176471,-0.00904887430847,,,,,,,
20121110370,2012,3,Penrith Panthers,South Sydney Rabbitohs,0,24,40,0.539870698361,0.539870698361,0.627216232163,0.627216232163,21.9028436198,19.6954275651,21.9028436198,19.6954275651,True,,0,0,0,0,0,1,,,Panthers Stadium,2,0,-12.7297433799,2.64705882353,0,,,,,,,
20121110380,2012,3,Cronulla-Sutherland Sharks,Manly-Warringah Sea Eagles,1,17,14,0.457843760852,0.457843760852,0.365804943509,0.365804943509,19.3086829271,21.5079082782,19.3086829271,21.5079082782,True,,0,0,0,0,0,1,,,PointsBet Stadium,-4,-2,-43.2300626455,-1.76470588235,-0.019162322065,,,,,,,
20121110410,2012,4,Parramatta Eels,Penrith Panthers,0,6,39,0.56235313391,0.56235313391,0.693428817337,0.693428817337,21.2126449911,18.2257881614,21.2126449911,18.2257881614,True,,0,0,0,0,0,1,,,Bankwest Stadium,-2,1.04166666667,-15.3099163063,0,0,,,,,,,
20121110420,2012,4,South Sydney Rabbitohs,Brisbane Broncos,0,12,20,0.537972897287,0.537972897287,0.62138460811,0.62138460811,21.5990195688,19.7287171593,21.5990195688,19.7287171593,True,,0,0,0,0,0,1,,,HBF Park,-2,-2,-22.776742359,0,0,,,,,,,
20121110430,2012,4,New Zealand Warriors,Gold Coast Titans,1,26,6,0.594598592527,0.594598592527,0.776756849703,0.776756849703,22.8955383113,18.2858281541,22.8955383113,18.2858281541,True,,0,0,0,0,0,1,,,Mt Smart Stadium,0,-1.125,37.8631841685,0,0,,,,,,,
20121110440,2012,4,St. George Illawarra Dragons,Manly-Warringah Sea Eagles,1,17,6,0.519958205773,0.519958205773,0.564643633393,0.564643633393,21.3334833027,20.3447553323,21.3334833027,20.3447553323,True,,0,0,0,0,0,1,,,Netstrata Jubilee Stadium,0,3,-30.4182824897,0,0,,,,,,,
20121110450,2012,4,North Queensland Cowboys,Cronulla-Sutherland Sharks,0,14,20,0.621013076868,0.621013076868,0.833092516818,0.833092516818,22.0734290624,16.4179470006,22.0734290624,16.4179470006,True,,0,0,0,0,0,1,,,1300SMILES Stadium,2,2.04166666667,5.49957693912,0,0,,,,,,,
20121110460,2012,4,Melbourne Storm,Sydney Roosters,1,44,4,0.685069241545,0.685069241545,0.926220273316,0.926220273316,22.4675973678,13.6200522085,22.4675973678,13.6200522085,True,,0,0,0,0,0,1,,,AAMI Park,2,1.04166666667,19.499785433,1.70588235294,0,,,,,,,
20121110470,2012,4,Canterbury-Bankstown Bulldogs,Newcastle Knights,0,6,20,0.618872555224,0.618872555224,0.828939463359,0.828939463359,21.3666530248,15.8425317269,21.3666530248,15.8425317269,True,,0,0,0,0,0,1,,,ANZ Stadium,4,-2.08333333333,5.57866657903,-1.52941176471,-0.181828611861,,,,,,,
20121110480,2012,4,Wests Tigers,Canberra Raiders,0,16,30,0.540061252229,0.540061252229,0.627799957386,0.627799957386,21.2167247274,19.260602899,21.2167247274,19.260602899,True,,0,0,0,0,0,1,,,Campbelltown Stadium,0,2,23.8377772159,-0.596638655462,0.0101134477565,,,,,,,
20121110510,2012,5,Melbourne Storm,Newcastle Knights,1,34,22,0.712183970151,0.712183970151,0.950239147246,0.950239147246,22.2368752815,12.9940939524,22.2368752815,12.9940939524,True,,0,0,0,0,0,1,,,AAMI Park,4,0,18.605553467,0,0,,,,,,,
20121110520,2012,5,Brisbane Broncos,St. George Illawarra Dragons,1,28,20,0.593950721564,0.593950721564,0.775236325668,0.775236325668,20.7325434437,16.3985682873,20.7325434437,16.3985682873,True,,0,0,0,0,0,1,,,Suncorp Stadium,0,1.125,14.0226162445,0,0,,,,,,,
20121110530,2012,5,Penrith Panthers,Cronulla-Sutherland Sharks,0,14,15,0.578632249312,0.578632249312,0.7374006831,0.7374006831,21.8471003752,17.8322449019,21.8471003752,17.8322449019,True,,0,0,0,0,0,1,,,Panthers Stadium,0,0.958333333333,2.25593093949,1.33893557423,-0.0101134477565,,,,,,,
20121110540,2012,5,Parramatta Eels,Manly-Warringah Sea Eagles,1,29,20,0.479199607171,0.479199607171,0.432657954074,0.432657954074,20.001949821,20.9315566283,20.001949821,20.9315566283,True,,0,0,0,0,0,1,,,Bankwest Stadium,-4,1,-55.586421726,-1.59803921569,0,,,,,,,
20121110550,2012,5,Sydney Roosters,New Zealand Warriors,1,26,8,0.516538459582,0.516538459582,0.553652405591,0.553652405591,21.2767171315,20.5893196567,21.2767171315,20.5893196567,True,,0,0,0,0,0,1,,,Allianz Stadium,0,-0.916666666667,-12.4370910653,-6.48319327731,0.019162322065,,,,,,,
20121110560,2012,5,Gold Coast Titans,Canterbury-Bankstown Bulldogs,0,20,30,0.42265050466,0.42265050466,0.265927957829,0.265927957829,19.6778201947,23.6317973852,19.6778201947,23.6317973852,True,,0,0,0,0,0,1,,,Cbus Super Stadium,-4,0.916666666667,-49.9235347922,-6.47338935574,-0.019162322065,,,,,,,
20121110570,2012,5,Wests Tigers,South Sydney Rabbitohs,0,16,17,0.539302190992,0.539302190992,0.625472731971,0.625472731971,22.121495874,20.3246269702,22.121495874,20.3246269702,True,,0,0,0,0,0,1,,,Allianz Stadium,0,-3.125,-4.32404463693,-4.39215686275,0.0101134477565,,,,,,,
20121110580,2012,5,Canberra Raiders,North Queensland Cowboys,0,6,22,0.574128440352,0.574128440352,0.725608086505,0.725608086505,22.737614594,18.7827907517,22.737614594,18.7827907517,True,,0,0,0,0,0,1,,,Canberra Stadium,0,-2.04166666667,-17.8308175016,2.25350140056,-0.0101134477565,,,,,,,
20121110610,2012,6,South Sydney Rabbitohs,Canterbury-Bankstown Bulldogs,1,20,10,0.526458750907,0.526458750907,0.585371226915,0.585371226915,21.495325391,20.1850284921,21.495325391,20.1850284921,True,,0,0,0,0,0,1,,,ANZ Stadium,-4,0,-10.1008126332,0,0,,,,,,,
20121110620,2012,6,Wests Tigers,Brisbane Broncos,0,14,18,0.463623895107,0.463623895107,0.383546830476,0.383546830476,19.5509877549,21.3326720295,19.5509877549,21.3326720295,True,,0,0,0,0,0,1,,,Allianz Stadium,-6,-2,-34.4921084454,0,0,,,,,,,
20121110630,2012,6,Gold Coast Titans,Sydney Roosters,0,12,18,0.492935524434,0.492935524434,0.477016635908,0.477016635908,20.5888592943,20.9904573614,20.5888592943,20.9904573614,True,,0,0,0,0,0,1,,,Cbus Super Stadium,-4,-0.958333333333,-15.8628903965,0.981792717087,-0.0101134477565,,,,,,,
20121110640,2012,6,Cronulla-Sutherland Sharks,St. George Illawarra Dragons,1,12,0,0.531481338753,0.531481338753,0.601204552172,0.601204552172,19.4599093796,18.3268054236,19.4599093796,18.3268054236,True,,0,0,0,0,0,1,,,PointsBet Stadium,0,-1.04166666667,-23.2207605269,3.09243697479,-0.0101134477565,,,,,,,
20121110650,2012,6,Canberra Raiders,New Zealand Warriors,1,32,12,0.585632199386,0.585632199386,0.755133884062,0.755133884062,21.7993199005,17.4085832003,21.7993199005,17.4085832003,True,,0,0,0,0,0,1,,,Canberra Stadium,0,-1.95833333333,-20.0755732269,2.12978524743,0.0101134477565,,,,,,,
20121110660,2012,6,Newcastle Knights,Parramatta Eels,1,14,6,0.624342871313,0.624342871313,0.839409715069,0.839409715069,23.0168070196,16.9214548542,23.0168070196,16.9214548542,True,,0,0,0,0,0,1,,,McDonald Jones Stadium,2,1,55.3514746052,3.80112044818,-0.0101134477565,,,,,,,
20121110670,2012,6,North Queensland Cowboys,Melbourne Storm,0,18,42,0.552043931131,0.552043931131,0.66377642047,0.66377642047,21.5139744472,19.1209769624,21.5139744472,19.1209769624,True,,0,0,0,0,0,1,,,1300SMILES Stadium,-4,-2.95833333333,-37.2146334296,-2.98039215686,0.019162322065,,,,,,,
20121110680,2012,6,Manly-Warringah Sea Eagles,Penrith Panthers,1,30,0,0.544288795838,0.544288795838,0.640661215593,0.640661215593,21.3689093722,19.5044854853,21.3689093722,19.5044854853,True,,0,0,0,0,0,1,,,Lottoland,0,0,14.5781333024,-1.54621848739,0,,,,,,,
20121110710,2012,7,St. George Illawarra Dragons,Newcastle Knights,1,12,4,0.544326557208,0.544326557208,0.640775304847,0.640775304847,20.0907237302,18.001310906,20.0907237302,18.001310906,True,,0,0,0,0,0,1,,,Netstrata Jubilee Stadium,-2,1,5.4101849581,0,0,,,,,,,
20121110720,2012,7,Brisbane Broncos,Canberra Raiders,1,30,6,0.643878905531,0.643878905531,0.873028634298,0.873028634298,22.2668242966,15.6356621979,22.2668242966,15.6356621979,True,,0,0,0,0,0,1,,,Suncorp Stadium,2,2,41.7356202551,0,0,,,,,,,
20121110730,2012,7,Melbourne Storm,Canterbury-Bankstown Bulldogs,1,12,6,0.693901286685,0.693901286685,0.934888829824,0.934888829824,22.7171812669,14.0390479631,22.7171812669,14.0390479631,True,,0,0,0,0,0,1,,,AAMI Park,4,-2,26.3462035806,0,0,,,,,,,
20121110740,2012,7,Manly-Warringah Sea Eagles,Gold Coast Titans,0,14,26,0.677134522118,0.677134522118,0.917669603052,0.917669603052,22.9910537305,14.8993376839,22.9910537305,14.8993376839,True,,0,0,0,0,0,1,,,Lottoland,4,-2,42.2419813245,0,0,,,,,,,
20121110750,2012,7,Sydney Roosters,North Queensland Cowboys,0,12,50,0.560353305407,0.560353305407,0.68777960786,0.68777960786,22.1938398614,19.2257587121,22.1938398614,19.2257587121,True,,0,0,0,0,0,1,,,TIO Stadium,0,1,-13.1987371488,0,0,,,,,,,
20121110760,2012,7,New Zealand Warriors,South Sydney Rabbitohs,1,44,22,0.530229170457,0.530229170457,0.597273818389,0.597273818389,21.8070349176,20.3076109281,21.8070349176,20.3076109281,True,,0,0,0,0,0,1,,,Mt Smart Stadium,-2,-2,0.89412959019,-1.89495798319,-0.181828611861,,,,,,,
20121110770,2012,7,Cronulla-Sutherland Sharks,Parramatta Eels,1,24,18,0.660794296375,0.660794296375,0.897601149865,0.897601149865,22.3838884879,15.0357271873,22.3838884879,15.0357271873,True,,0,0,0,0,0,1,,,PointsBet Stadium,6,1,29.256145146,2.10690943044,-0.0101134477565,,,,,,,
20121110780,2012,7,Penrith Panthers,Wests Tigers,0,0,30,0.595409785786,0.595409785786,0.778651410417,0.778651410417,22.0791649519,17.6340477944,22.0791649519,17.6340477944,True,,0,0,0,0,0,1,,,Panthers Stadium,4,-3,9.58124972501,-1.83753501401,-0.0101134477565,,,,,,,
20121110810,2012,8,St. George Illawarra Dragons,Sydney Roosters,1,28,24,0.651852421799,0.651852421799,0.885115495148,0.885115495148,22.3815397328,15.4083959518,22.3815397328,15.4083959518,True,,0,0,0,0,0,1,,,Allianz Stadium,0,0.979166666667,14.4397272285,0,0,,,,,,,
20121110820,2012,8,Melbourne Storm,New Zealand Warriors,1,32,14,0.715469936113,0.715469936113,0.95265771895,0.95265771895,23.8192577856,14.0701317763,23.8192577856,14.0701317763,True,,0,0,0,0,0,1,,,AAMI Park,6,1.08333333333,53.4577625949,0,0,,,,,,,
20121110830,2012,8,Canterbury-Bankstown Bulldogs,Manly-Warringah Sea Eagles,0,10,12,0.563824226024,0.563824226024,0.697551390821,0.697551390821,21.7923428816,18.6929142169,21.7923428816,18.6929142169,True,,0,0,0,0,0,1,,,ANZ Stadium,2,0,-13.1233218699,0,0,,,,,,,
20121110840,2012,8,Brisbane Broncos,Gold Coast Titans,1,26,6,0.711042635921,0.711042635921,0.949376032696,0.949376032696,23.5520982601,14.0341240581,23.5520982601,14.0341240581,True,,0,0,0,0,0,1,,,Suncorp Stadium,8,1,61.1745558353,0,0,,,,,,,
20121110850,2012,8,South Sydney Rabbitohs,North Queensland Cowboys,1,20,16,0.51968090166,0.51968090166,0.56375436967,0.56375436967,23.2186531508,22.1982713085,23.2186531508,22.1982713085,True,,0,0,0,0,0,1,,,ANZ Stadium,0,-1.10416666667,8.7232791303,0,0,,,,,,,
20121110860,2012,8,Canberra Raiders,Cronulla-Sutherland Sharks,0,22,44,0.50222391627,0.50222391627,0.507239388334,0.507239388334,20.0568859016,19.8656890835,20.0568859016,19.8656890835,True,,0,0,0,0,0,1,,,Canberra Stadium,-6,2,-5.01528963254,-1.05975723623,-0.181828611861,,,,,,,
20121110870,2012,8,Parramatta Eels,Wests Tigers,0,30,31,0.516120345251,0.516120345251,0.552305100983,0.552305100983,20.0909165361,19.4047292591,20.0909165361,19.4047292591,True,,0,0,0,0,0,1,,,Bankwest Stadium,0,0,-26.8926492638,-4.10477941176,4.68568731491e-05,,,,,,,
20121110880,2012,8,Newcastle Knights,Penrith Panthers,1,34,14,0.668213184265,0.668213184265,0.907138634875,0.907138634875,23.0159616428,15.3383166448,23.0159616428,15.3383166448,True,,0,0,0,0,0,1,,,McDonald Jones Stadium,2,2,18.1359539729,8.62133520075,0,,,,,,,
20121110910,2012,9,Parramatta Eels,Canterbury-Bankstown Bulldogs,0,12,46,0.488005856947,0.488005856947,0.461025410495,0.461025410495,19.9218668619,20.5067285301,19.9218668619,20.5067285301,True,,0,0,0,0,0,1,,,ANZ Stadium,0,-2,-40.8264457534,0,0,,,,,,,
20121110920,2012,9,North Queensland Cowboys,St. George Illawarra Dragons,1,30,6,0.539463156003,0.539463156003,0.625966680734,0.625966680734,20.8141929138,18.9111176824,20.8141929138,18.9111176824,True,,0,0,0,0,0,1,,,1300SMILES Stadium,-2,-3,4.16256989834,0,0,,,,,,,
20121110930,2012,9,New Zealand Warriors,Brisbane Broncos,1,30,20,0.458028136962,0.458028136962,0.366366086307,0.366366086307,19.292334456,21.5114697008,19.292334456,21.5114697008,True,,0,0,0,0,0,1,,,Mt Smart Stadium,-6,2,-30.5511070428,-3.59663865546,-0.019162322065,,,,,,,
20121110940,2012,9,Gold Coast Titans,Wests Tigers,0,14,15,0.520295702919,0.520295702919,0.565725417016,0.565725417016,21.1275523917,20.0485193507,21.1275523917,20.0485193507,True,,0,0,0,0,0,1,,,Cbus Super Stadium,-2,2,-29.9904892655,-4.95448179272,-0.0101134477565,,,,,,,
20121110950,2012,9,Penrith Panthers,Melbourne Storm,0,10,44,0.446805648907,0.446805648907,0.33285125161,0.33285125161,20.2375681186,23.0548906494,20.2375681186,23.0548906494,True,,0,0,0,0,0,1,,,Panthers Stadium,-8,-5,-68.1114932841,-14.841209893,0.00834967592567,,,,,,,
20121110960,2012,9,Manly-Warringah Sea Eagles,Canberra Raiders,1,18,12,0.620912223849,0.620912223849,0.832898462567,0.832898462567,22.7735859535,16.6116478467,22.7735859535,16.6116478467,True,,0,0,0,0,0,1,,,Lottoland,0,2,19.7199045249,0.433566760037,0.00904887430847,,,,,,,
20121110970,2012,9,Sydney Roosters,Newcastle Knights,1,24,6,0.473472885809,0.473472885809,0.414412116191,0.414412116191,20.6847755211,21.969761365,20.6847755211,21.969761365,True,,0,0,0,0,0,1,,,Allianz Stadium,-2,5,-27.9440302735,-7.55081407563,-0.0101603046297,,,,,,,
20121110980,2012,9,South Sydney Rabbitohs,Cronulla-Sutherland Sharks,1,34,28,0.503253888529,0.503253888529,0.510591433879,0.510591433879,21.4426388853,21.1278390402,21.4426388853,21.1278390402,True,,0,0,0,0,0,1,,,ANZ Stadium,-4,1,-4.35023675304,-3.50592903828,0,,,,,,,
20121111010,2012,10,Brisbane Broncos,Manly-Warringah Sea Eagles,0,22,24,0.675196149605,0.675196149605,0.915465924688,0.915465924688,22.0942383986,14.2611087756,22.0942383986,14.2611087756,True,,0,0,0,0,0,1,,,Suncorp Stadium,2,0.916666666667,26.3035871564,0,0,,,,,,,
20121111020,2012,10,Canterbury-Bankstown Bulldogs,Gold Coast Titans,0,14,25,0.693505891606,0.693505891606,0.93451909854,0.93451909854,23.6036696584,14.7449026954,23.6036696584,14.7449026954,True,,0,0,0,0,0,1,,,Suncorp Stadium,2,1,33.7073197258,0,0,,,,,,,
20121111030,2012,10,New Zealand Warriors,Sydney Roosters,1,30,26,0.538892668302,0.538892668302,0.624214977733,0.624214977733,22.7625799992,20.4954064878,22.7625799992,20.4954064878,True,,0,0,0,0,0,1,,,Mt Smart Stadium,-2,0.916666666667,21.6011699473,-1.68750954927,0.0101134477565,,,,,,,
20121111040,2012,10,Newcastle Knights,North Queensland Cowboys,0,12,32,0.554958470711,0.554958470711,0.672290116175,0.672290116175,21.9293635894,19.3353474528,21.9293635894,19.3353474528,True,,0,0,0,0,0,1,,,McDonald Jones Stadium,-2,-2,-1.33227714281,3.92198879552,0,,,,,,,
20121111050,2012,10,Canberra Raiders,Parramatta Eels,1,40,34,0.565522407634,0.565522407634,0.702274927591,0.702274927591,22.456544222,19.4917306194,22.456544222,19.4917306194,True,,0,0,0,0,0,1,,,Canberra Stadium,0,-2,9.66740065092,2.6359052712,-0.0101134477565,,,,,,,
20121111060,2012,10,Cronulla-Sutherland Sharks,Melbourne Storm,1,12,10,0.539161204034,0.539161204034,0.625039895113,0.625039895113,21.1563147018,19.2644234978,21.1563147018,19.2644234978,True,,0,0,0,0,0,1,,,PointsBet Stadium,-2,-2,-38.617866456,-11.6848739496,-0.181828611861,,,,,,,
20121111070,2012,10,Penrith Panthers,St. George Illawarra Dragons,1,13,12,0.462219668789,0.462219668789,0.379208920427,0.379208920427,19.84665277,21.769391225,19.84665277,21.769391225,True,,0,0,0,0,0,1,,,Panthers Stadium,-4,-1,-37.6915082351,-3.43132586368,0.00904887430847,,,,,,,
20121111110,2012,11,Wests Tigers,New Zealand Warriors,1,24,22,0.614949409483,0.614949409483,0.821139712543,0.821139712543,23.3382006719,17.76756325,23.3382006719,17.76756325,True,,0,0,0,0,0,1,,,Leichhardt Oval,0,7.08333333333,-4.24814090976,0,0,,,,,,,
20121111120,2012,11,North Queensland Cowboys,Penrith Panthers,1,30,28,0.687954230579,0.687954230579,0.929147578286,0.929147578286,24.4898968867,15.4792583953,24.4898968867,15.4792583953,True,,0,0,0,0,0,1,,,1300SMILES Stadium,4,2,57.9521739858,8.06571320836,0,,,,,,,
20121111130,2012,11,Manly-Warringah Sea Eagles,Sydney Roosters,1,18,10,0.658031738138,0.658031738138,0.89386152188,0.89386152188,23.6753741148,16.1297234478,23.6753741148,16.1297234478,True,,0,0,0,0,0,1,,,Lottoland,4,1.08333333333,20.6199382896,3.61211909006,-0.00904887430847,,,,,,,
20121111140,2012,11,St. George Illawarra Dragons,South Sydney Rabbitohs,0,18,19,0.580842159942,0.580842159942,0.743078303405,0.743078303405,21.3351576523,17.263076964,21.3351576523,17.263076964,True,,0,0,0,0,0,1,,,Netstrata Jubilee Stadium,-4,-7,-0.924089126713,-3.51785714286,0,,,,,,,
20121111150,2012,11,Canterbury-Bankstown Bulldogs,Cronulla-Sutherland Sharks,1,26,6,0.551470582039,0.551470582039,0.662090046723,0.662090046723,21.8187330881,19.4474609184,21.8187330881,19.4474609184,True,,0,0,0,0,0,1,,,ANZ Stadium,-6,2,13.0673302804,2.88338001867,0.0101134477565,,,,,,,
20121111210,2012,12,Melbourne Storm,Brisbane Broncos,1,34,10,0.728129568764,0.728129568764,0.961101223359,0.961101223359,23.0323060949,13.0099095309,23.0323060949,13.0099095309,True,,0,0,0,0,0,1,,,AAMI Park,2,-2,26.5593235144,0,0,,,,,,,
20121111220,2012,12,South Sydney Rabbitohs,Canberra Raiders,1,36,18,0.652613991548,0.652613991548,0.886222278294,0.886222278294,23.1150696158,15.9808532765,23.1150696158,15.9808532765,True,,0,0,0,0,0,1,,,ANZ Stadium,4,-7,21.4197553444,0,0,,,,,,,
20121111230,2012,12,Newcastle Knights,Gold Coast Titans,0,14,24,0.580088571797,0.580088571797,0.741150346077,0.741150346077,21.9797554525,18.0922977123,21.9797554525,18.0922977123,True,,0,0,0,0,0,1,,,McDonald Jones Stadium,0,-1,23.0983124592,4.01496477379,0.019162322065,,,,,,,
20121111240,2012,12,St. George Illawarra Dragons,Parramatta Eels,1,14,12,0.616572539504,0.616572539504,0.824396283011,0.824396283011,22.7583960843,17.057873646,22.7583960843,17.057873646,True,,0,0,0,0,0,1,,,Netstrata Jubilee Stadium,4,-7,35.3418238064,-1.59835752483,-0.0245612302659,,,,,,,
20121111250,2012,12,Penrith Panthers,Manly-Warringah Sea Eagles,1,22,4,0.470249021963,0.470249021963,0.404230309975,0.404230309975,20.0297962386,21.4342071999,20.0297962386,21.4342071999,True,,0,0,0,0,0,1,,,Panthers Stadium,-6,1,-45.9027457482,-9.33890525324,0.01872334717,,,,,,,
20121111260,2012,12,Wests Tigers,North Queensland Cowboys,1,26,18,0.597075179937,0.597075179937,0.782508587822,0.782508587822,23.6967038785,18.8567511728,23.6967038785,18.8567511728,True,,0,0,0,0,0,1,,,Campbelltown Stadium,0,1,-26.8137599134,0.0726890756303,0.0171928611861,,,,,,,
20121111270,2012,12,Sydney Roosters,Canterbury-Bankstown Bulldogs,0,12,30,0.529152487579,0.529152487579,0.593884877672,0.593884877672,20.6886143908,19.2685176929,20.6886143908,19.2685176929,True,,0,0,0,0,0,1,,,Allianz Stadium,-2,1,-20.1550172557,-7.96436831143,0,,,,,,,
20121111310,2012,13,Manly-Warringah Sea Eagles,St. George Illawarra Dragons,1,20,8,0.638746304129,0.638746304129,0.864756141889,0.864756141889,21.2408352472,14.9894910446,21.2408352472,14.9894910446,True,,0,0,0,0,0,1,,,Lottoland,4,-1,18.7567109037,0,0,,,,,,,
20121111320,2012,13,Gold Coast Titans,North Queensland Cowboys,1,28,12,0.603391631207,0.603391631207,0.796739974859,0.796739974859,23.1694371452,18.1329412362,23.1694371452,18.1329412362,True,,0,0,0,0,0,1,,,Cbus Super Stadium,0,1,-36.9903999255,0,0,,,,,,,
20121111330,2012,13,Canberra Raiders,Wests Tigers,0,0,40,0.461926922488,0.461926922488,0.378306745457,0.378306745457,20.2830777916,22.3504995051,20.2830777916,22.3504995051,True,,0,0,0,0,0,1,,,Canberra Stadium,-8,2,-20.919748293,-0.841993464052,-0.0101134477565,,,,,,,
20121111340,2012,13,Canterbury-Bankstown Bulldogs,South Sydney Rabbitohs,1,23,18,0.670434534211,0.670434534211,0.909854582985,0.909854582985,22.9673573897,15.1074576217,22.9673573897,15.1074576217,True,,0,0,0,0,0,1,,,ANZ Stadium,-2,-3,15.5805309771,7.04687208217,0,,,,,,,
20121111350,2012,13,New Zealand Warriors,Melbourne Storm,0,12,22,0.490392137772,0.490392137772,0.468758992126,0.468758992126,19.8072995154,20.4164810047,19.8072995154,20.4164810047,True,,0,0,0,0,0,1,,,Mt Smart Stadium,-2,7,-42.6790900116,-10.3912231559,0,,,,,,,
20121111360,2012,13,Brisbane Broncos,Newcastle Knights,1,50,24,0.626767742947,0.626767742947,0.843900896021,0.843900896021,22.9156120563,16.9944181566,22.9156120563,16.9944181566,True,,0,0,0,0,0,1,,,Suncorp Stadium,2,1,33.4385250957,-2.00612002377,0,,,,,,,
20121111370,2012,13,Parramatta Eels,Cronulla-Sutherland Sharks,1,29,20,0.448360881708,0.448360881708,0.337413854716,0.337413854716,20.4697004619,23.3479199509,20.4697004619,23.3479199509,True,,0,0,0,0,0,1,,,Bankwest Stadium,-6,-5,-52.1517202387,-2.27282651989,0.0101134477565,,,,,,,
20121111410,2012,14,Melbourne Storm,Wests Tigers,0,6,10,0.762372121368,0.762372121368,0.978010840285,0.978010840285,23.6479709576,12.222766398,23.6479709576,12.222766398,True,,0,0,0,0,0,1,,,AAMI Park,-2,-1.08333333333,50.0981930936,0,0,,,,,,,
20121111420,2012,14,Newcastle Knights,Canberra Raiders,0,16,32,0.592868528622,0.592868528622,0.772681827763,0.772681827763,22.5245594053,18.0339494507,22.5245594053,18.0339494507,True,,0,0,0,0,0,1,,,McDonald Jones Stadium,0,-1,10.945170687,0,0,,,,,,,
20121111430,2012,14,Cronulla-Sutherland Sharks,Gold Coast Titans,1,22,12,0.569746513033,0.569746513033,0.713855884697,0.713855884697,21.1435602579,17.7508464926,21.1435602579,17.7508464926,True,,0,0,0,0,0,1,,,PointsBet Stadium,-2,-3,12.0167659493,0.487247556365,-0.0101134477565,,,,,,,
20121111440,2012,14,Sydney Roosters,Brisbane Broncos,0,22,40,0.473213754658,0.473213754658,0.4135911504,0.4135911504,21.5908196937,22.8263889065,21.5908196937,22.8263889065,True,,0,0,0,0,0,1,,,Allianz Stadium,-2,6,-29.3691935157,-4.61545709193,-0.0190515142681,,,,,,,
20121111450,2012,14,Penrith Panthers,New Zealand Warriors,0,16,30,0.560036898551,0.560036898551,0.686881127743,0.686881127743,22.1543208636,19.1596582101,22.1543208636,19.1596582101,True,,0,0,0,0,0,1,,,Panthers Stadium,0,7.08333333333,-33.6600026563,-2.60470265029,0.0101134477565,,,,,,,
20121111510,2012,15,St. George Illawarra Dragons,Canterbury-Bankstown Bulldogs,0,20,28,0.509530775018,0.509530775018,0.53099093468,0.53099093468,19.6090400627,19.1545302183,19.6090400627,19.1545302183,True,,0,0,0,0,0,1,,,WIN Stadium,-6,1,-31.5832748027,0,0,,,,,,,
20121111520,2012,15,North Queensland Cowboys,Brisbane Broncos,1,12,0,0.565111562601,0.565111562601,0.701135664076,0.701135664076,22.9739527275,19.7222863147,22.9739527275,19.7222863147,True,,0,0,0,0,0,1,,,1300SMILES Stadium,2,9,-8.68609128396,0,0,,,,,,,
20121111530,2012,15,Cronulla-Sutherland Sharks,New Zealand Warriors,1,20,19,0.577979126101,0.577979126101,0.735708898282,0.735708898282,22.602237387,18.7740607448,22.602237387,18.7740607448,True,,0,0,0,0,0,1,,,PointsBet Stadium,-2,1,-11.364523538,0.91037377655,-0.019162322065,,,,,,,
20121111540,2012,15,Parramatta Eels,South Sydney Rabbitohs,0,6,24,0.467353372902,0.467353372902,0.39514800009,0.39514800009,21.3964783246,23.0281758114,21.3964783246,23.0281758114,True,,0,0,0,0,0,1,,,ANZ Stadium,-6,-2,-45.7658366705,-0.679246733658,0.00904887430847,,,,,,,
20121111550,2012,15,Gold Coast Titans,Penrith Panthers,1,36,18,0.643942345174,0.643942345174,0.873128444607,0.873128444607,23.4127727404,16.5045068614,23.4127727404,16.5045068614,True,,0,0,0,0,0,1,,,Cbus Super Stadium,2,1,16.1075030718,3.33871145195,0.0222108733026,,,,,,,
20121111560,2012,15,Wests Tigers,Sydney Roosters,0,28,42,0.695768078872,0.695768078872,0.936611878841,0.936611878841,24.9304272418,15.4317277945,24.9304272418,15.4317277945,True,,0,0,0,0,0,1,,,Leichhardt Oval,8,2,38.7871113804,9.67317841472,0.00834967592567,,,,,,,
20121111570,2012,15,Manly-Warringah Sea Eagles,Melbourne Storm,0,22,26,0.573792007038,0.573792007038,0.724715418923,0.724715418923,21.033211354,17.5473920134,21.033211354,17.5473920134,True,,0,0,0,0,0,1,,,Lottoland,2,7,-55.2655145465,-8.83000912486,0.010211943576,,,,,,,
20121111610,2012,16,Brisbane Broncos,South Sydney Rabbitohs,1,26,12,0.593786224882,0.593786224882,0.77484921366,0.77484921366,22.7018846095,18.1503820371,22.7018846095,18.1503820371,True,,0,0,0,0,0,1,,,Suncorp Stadium,-4,1,22.0822363043,0,0,,,,,,,
20121111620,2012,16,St. George Illawarra Dragons,Gold Coast Titans,1,8,6,0.541090194603,0.541090194603,0.630946074165,0.630946074165,20.6848736025,18.7123623949,20.6848736025,18.7123623949,True,,0,0,0,0,0,1,,,WIN Stadium,-6,2,-7.68417179342,0,0,,,,,,,
20121111630,2012,16,North Queensland Cowboys,Canberra Raiders,1,40,18,0.654260049088,0.654260049088,0.888586560915,0.888586560915,24.4892397232,16.6532673179,24.4892397232,16.6532673179,True,,0,0,0,0,0,1,,,1300SMILES Stadium,2,-6,46.5357445277,2.9348841722,-0.000699198382802,,,,,,,
20121111640,2012,16,Penrith Panthers,Parramatta Eels,0,18,19,0.604083306446,0.604083306446,0.798259949108,0.798259949108,24.1649100572,19.1357695527,24.1649100572,19.1357695527,True,,0,0,0,0,0,1,,,Panthers Stadium,2,-1,9.87910751024,-2.90605072551,0,,,,,,,
20121111650,2012,16,Canterbury-Bankstown Bulldogs,Melbourne Storm,1,20,4,0.584774740703,0.584774740703,0.753001299991,0.753001299991,21.1543976935,17.2988066474,21.1543976935,17.2988066474,True,,0,0,0,0,0,1,,,Other,2,3,-27.8235632754,-2.44073083779,-0.019162322065,,,,,,,
20121111660,2012,16,Sydney Roosters,Manly-Warringah Sea Eagles,0,14,52,0.52313412597,0.52313412597,0.574800152886,0.574800152886,22.2177301715,20.9915174956,22.2177301715,20.9915174956,True,,0,0,0,0,0,1,,,Allianz Stadium,-4,1,-26.3473088142,-3.25034083563,-0.0273063089426,,,,,,,
20121111670,2012,16,Newcastle Knights,Wests Tigers,1,38,20,0.432952410819,0.432952410819,0.293515588092,0.293515588092,20.2901703541,23.6332892997,20.2901703541,23.6332892997,True,,0,0,0,0,0,1,,,McDonald Jones Stadium,-8,8,-48.7759933818,-5.42583886702,0.00904887430847,,,,,,,
20121111710,2012,17,Brisbane Broncos,Cronulla-Sutherland Sharks,0,12,26,0.628885671438,0.628885671438,0.8477487082,0.8477487082,23.3886356392,17.2049062474,23.3886356392,17.2049062474,True,,0,0,0,0,0,1,,,Suncorp Stadium,0,-6,22.9563981754,0,0,,,,,,,
20121111720,2012,17,Parramatta Eels,Newcastle Knights,0,12,20,0.553247861417,0.553247861417,0.667305235587,0.667305235587,22.4643248888,19.9056675703,22.4643248888,19.9056675703,True,,0,0,0,0,0,1,leadership_change,,Bankwest Stadium,2,2,-4.26364440741,-2.26942567237,0.00904887430847,6,leadership-eels-2012-kearney-arthur,effective,-3,home,eels,1
20121111730,2012,17,New Zealand Warriors,North Queensland Cowboys,1,35,18,0.544855030032,0.544855030032,0.642370478038,0.642370478038,22.6393502528,20.1817297298,22.6393502528,20.1817297298,True,,0,0,0,0,0,1,,,Mt Smart Stadium,-2,7,-4.35004969551,-3.39111705288,0.00904887430847,,,,,,,
20121111740,2012,17,South Sydney Rabbitohs,Penrith Panthers,1,38,12,0.660820053716,0.660820053716,0.897635529751,0.897635529751,24.6181194152,16.7817856809,24.6181194152,16.7817856809,True,,0,0,0,0,0,1,,,ANZ Stadium,4,1,38.2315080344,6.30323845224,0,,,,,,,
20121111750,2012,17,Canberra Raiders,St. George Illawarra Dragons,1,22,18,0.534429039726,0.534429039726,0.610410618682,0.610410618682,20.6046827352,18.9826248949,20.6046827352,18.9826248949,True,,0,0,0,0,0,1,,,Canberra Stadium,0,-1,-17.2898333294,-0.198380704263,0.0101134477565,,,,,,,
20121111810,2012,18,Wests Tigers,Canterbury-Bankstown Bulldogs,0,20,32,0.507351453939,0.507351453939,0.523915746245,0.523915746245,20.5249103457,20.165167054,20.5249103457,20.165167054,True,,0,0,0,0,0,1,,,Allianz Stadium,-4,-1,-7.48606437294,0,0,,,,,,,
20121111820,2012,18,Melbourne Storm,Canberra Raiders,0,12,40,0.719700255008,0.719700255008,0.955630036626,0.955630036626,24.9887541169,14.5198183955,24.9887541169,14.5198183955,True,,0,0,0,0,0,1,,,AAMI Park,2,8,83.4923319211,9.50534334946,-0.0171928611861,,,,,,,
20121111830,2012,18,Gold Coast Titans,New Zealand Warriors,0,14,32,0.579964277794,0.579964277794,0.740831545451,0.740831545451,23.3458275175,19.0053451677,23.3458275175,19.0053451677,True,,0,0,0,0,0,1,,,Cbus Super Stadium,2,9.08333333333,-7.85719345777,-0.205126355126,-0.01159924432,,,,,,,
20121111840,2012,18,South Sydney Rabbitohs,Newcastle Knights,1,34,14,0.669787582784,0.669787582784,0.909070106996,0.909070106996,24.7563272225,16.4041332677,24.7563272225,16.4041332677,True,,0,0,0,0,0,1,,,ANZ Stadium,2,-1,25.2526836443,2.5370170679,-0.00904887430847,,,,,,,
20121111850,2012,18,Manly-Warringah Sea Eagles,Parramatta Eels,1,40,24,0.685667125425,0.685667125425,0.926834717029,0.926834717029,25.7464359783,16.524414681,25.7464359783,16.524414681,True,,0,0,0,0,0,1,leadership_change,,Lottoland,2,6,41.1545302157,5.81592851593,-0.0171928611861,6,leadership-eels-2012-kearney-arthur,effective,-2,away,eels,1
20121111910,2012,19,Canterbury-Bankstown Bulldogs,Parramatta Eels,1,32,12,0.719413203523,0.719413203523,0.955433267894,0.955433267894,25.6292570062,15.2962271088,25.6292570062,15.2962271088,True,,0,0,0,0,0,1,leadership_change,,ANZ Stadium,6,2,68.2919181402,0,0,6,leadership-eels-2012-kearney-arthur,effective,-1,away,eels,1
20121111920,2012,19,Brisbane Broncos,New Zealand Warriors,1,10,8,0.570827609288,0.570827609288,0.716780438649,0.716780438649,22.9418586151,19.4225675444,22.9418586151,19.4225675444,True,,0,0,0,0,0,1,,,Suncorp Stadium,0,8,9.80499878595,0,0,,,,,,,
20121111930,2012,19,Newcastle Knights,Manly-Warringah Sea Eagles,1,32,6,0.483306212664,0.483306212664,0.44584725704,0.44584725704,21.3571859842,22.4001356474,21.3571859842,22.4001356474,True,,0,0,0,0,0,1,,,McDonald Jones Stadium,-2,0,-39.0822704885,-4.96285430256,0.019162322065,,,,,,,
20121111940,2012,19,Melbourne Storm,North Queensland Cowboys,0,16,20,0.650693008001,0.650693008001,0.883414744226,0.883414744226,23.6961246829,16.4482890018,23.6961246829,16.4482890018,True,,0,0,0,0,0,1,,,AAMI Park,0,-5.91666666667,19.955832032,2.69013045778,-0.00814398687763,,,,,,,
20121111950,2012,19,Wests Tigers,Penrith Panthers,1,26,18,0.642870868416,0.642870868416,0.871434731822,0.871434731822,25.8720178271,18.2417688394,25.8720178271,18.2417688394,True,,0,0,0,0,0,1,,,Campbelltown Stadium,2,-5,31.9176377189,9.50848650502,-0.000699198382802,,,,,,,
20121111960,2012,19,Canberra Raiders,Gold Coast Titans,0,26,38,0.609265512631,0.609265512631,0.809405951517,0.809405951517,23.6472612195,18.427313685,23.6472612195,18.427313685,True,,0,0,0,0,0,1,,,Canberra Stadium,2,0,-30.1853507607,1.39345589051,0,,,,,,,
20121111970,2012,19,St. George Illawarra Dragons,Cronulla-Sutherland Sharks,1,18,10,0.494865868561,0.494865868561,0.483291731604,0.483291731604,20.1702923452,20.1396519129,20.1702923452,20.1396519129,True,,0,0,0,0,0,1,,,WIN Stadium,-3,7,-20.3683957027,-3.48352843811,0,,,,,,,
20121111980,2012,19,Sydney Roosters,South Sydney Rabbitohs,0,22,24,0.497497657563,0.497497657563,0.491854403941,0.491854403941,22.3635347812,22.166759951,22.3635347812,22.166759951,True,,0,0,0,0,0,1,,,Allianz Stadium,-3,-1,-39.3574058278,-8.15182484999,0.0190515142681,,,,,,,
20121112010,2012,20,Manly-Warringah Sea Eagles,Canterbury-Bankstown Bulldogs,0,12,20,0.536914770496,0.536914770496,0.61811922515,0.61811922515,21.1383907021,19.3399429636,21.1383907021,19.3399429636,True,,0,0,0,0,0,1,,,Lottoland,-4,-1,-11.4694278795,0,0,,,,,,,
20121112020,2012,20,Gold Coast Titans,Brisbane Broncos,1,14,10,0.584143942043,0.584143942043,0.751425316087,0.751425316087,21.9795178852,17.938009741,21.9795178852,17.938009741,True,,0,0,0,0,0,1,,,Cbus Super Stadium,-2,-2,-25.0878797948,0,0,,,,,,,
20121112030,2012,20,New Zealand Warriors,Newcastle Knights,0,19,24,0.654922479649,0.654922479649,0.889527313183,0.889527313183,23.3615637018,16.0890540681,23.3615637018,16.0890540681,True,,0,0,0,0,0,1,,,Mt Smart Stadium,0,1,44.9470441129,0,0,,,,,,,
20121112040,2012,20,South Sydney Rabbitohs,St. George Illawarra Dragons,1,36,14,0.633051582215,0.633051582215,0.855115063673,0.855115063673,22.55033019,16.3184971358,22.55033019,16.3184971358,True,,0,0,0,0,0,1,,,ANZ Stadium,4,-1,34.5070491127,0,0,,,,,,,
20121112050,2012,20,Parramatta Eels,Melbourne Storm,1,16,10,0.499431955826,0.499431955826,0.498150768663,0.498150768663,20.7159681855,20.7440451155,20.7159681855,20.7440451155,True,,0,0,0,0,0,1,leadership_change,,Bankwest Stadium,0,1,-56.2555204239,0,0,6,leadership-eels-2012-kearney-arthur,effective,0,home,eels,1
20121112060,2012,20,Cronulla-Sutherland Sharks,Canberra Raiders,0,4,36,0.648808224719,0.648808224719,0.880609028558,0.880609028558,24.8883114831,17.4888154058,24.8883114831,17.4888154058,True,,0,0,0,0,0,1,,,PointsBet Stadium,1,0,17.3045116529,1.12161393969,-0.181828611861,,,,,,,
20121112070,2012,20,Penrith Panthers,Sydney Roosters,1,28,16,0.493378003491,0.493378003491,0.478454516268,0.478454516268,22.6549684884,22.86019563,22.6549684884,22.86019563,True,,0,0,0,0,0,1,,,Panthers Stadium,-3,2,-14.5641317791,-2.64234848854,0,,,,,,,
20121112080,2012,20,North Queensland Cowboys,Wests Tigers,1,29,16,0.597398924484,0.597398924484,0.783253337717,0.783253337717,23.5335767947,18.5194560341,23.5335767947,18.5194560341,True,,0,0,0,0,0,1,,,1300SMILES Stadium,2,0,10.1016377468,-1.62433856993,0,,,,,,,
20121112110,2012,21,St. George Illawarra Dragons,Melbourne Storm,1,26,18,0.575183560212,0.575183560212,0.728397135998,0.728397135998,20.6605288273,17.146299895,20.6605288273,17.146299895,True,,0,0,0,0,0,1,,,WIN Stadium,2,0,-26.3164238491,0,0,,,,,,,
20121112120,2012,21,Sydney Roosters,Gold Coast Titans,0,16,36,0.552588572503,0.552588572503,0.665374877057,0.665374877057,22.9644152181,20.3145007359,22.9644152181,20.3145007359,True,,0,0,0,0,0,1,,,Allianz Stadium,-3,-2,-16.1079198608,0,0,,,,,,,
20121112130,2012,21,Canterbury-Bankstown Bulldogs,North Queensland Cowboys,1,32,18,0.696666558759,0.696666558759,0.9374280061,0.9374280061,24.2904341884,14.9251089632,24.2904341884,14.9251089632,True,,0,0,0,0,0,1,,,ANZ Stadium,2,3,22.537151782,4.12366505083,0,,,,,,,
20121112140,2012,21,Manly-Warringah Sea Eagles,New Zealand Warriors,1,24,22,0.577797386264,0.577797386264,0.735237023838,0.735237023838,24.3068171672,20.0884168647,24.3068171672,20.0884168647,True,,0,0,0,0,0,1,,,Other,0,1.08333333333,-14.1046872029,0.694712640301,-0.00904887430847,,,,,,,
20121112150,2012,21,Cronulla-Sutherland Sharks,Penrith Panthers,0,20,21,0.655502610564,0.655502610564,0.890346160797,0.890346160797,24.7438395002,17.0739955947,24.7438395002,17.0739955947,True,,0,0,0,0,0,1,,,PointsBet Stadium,3,0,35.7525632132,5.68648770416,-0.00904887430847,,,,,,,
20121112160,2012,21,Canberra Raiders,Newcastle Knights,0,6,36,0.562650982249,0.562650982249,0.69426578328,0.69426578328,23.897648827,20.6211508294,23.897648827,20.6211508294,True,,0,0,0,0,0,1,,,Canberra Stadium,-2,-0.916666666667,-10.810788845,-0.00654243872237,0,,,,,,,
20121112170,2012,21,South Sydney Rabbitohs,Wests Tigers,1,32,6,0.682211773068,0.682211773068,0.923226598523,0.923226598523,25.6419284933,16.4153196862,25.6419284933,16.4153196862,True,,0,0,0,0,0,1,,,ANZ Stadium,6,2,16.2808449721,3.042175341,-0.0193078212769,,,,,,,
20121112180,2012,21,Brisbane Broncos,Parramatta Eels,0,22,42,0.688258084293,0.688258084293,0.929450404673,0.929450404673,25.834150344,16.4683488761,25.834150344,16.4683488761,True,,0,1,1,2,0,1,leadership_change,1,Suncorp Stadium,0,1,56.7606395876,6.2378337685,0,6,leadership-eels-2012-kearney-arthur,effective,1,away,eels,1
20121112210,2012,22,Sydney Roosters,St. George Illawarra Dragons,1,26,10,0.522458261928,0.522458261928,0.572643264015,0.572643264015,21.861305442,20.7359412395,21.861305442,20.7359412395,True,,0,0,0,0,0,1,,,Allianz Stadium,-5,0,-8.77197753242,0,0,,,,,,,
20121112220,2012,22,Melbourne Storm,Penrith Panthers,1,46,6,0.671725925499,0.671725925499,0.911404578361,0.911404578361,25.2401396596,16.9262215931,25.2401396596,16.9262215931,True,,0,0,0,0,0,1,,,AAMI Park,-4,1,37.6621249524,0,0,,,,,,,
20121112230,2012,22,Newcastle Knights,Canterbury-Bankstown Bulldogs,0,10,26,0.579192932001,0.579192932001,0.738848010145,0.738848010145,21.4990231461,17.7269379866,21.4990231461,17.7269379866,True,,0,0,0,0,0,1,,,McDonald Jones Stadium,-2,-1,-38.1227878799,0,0,,,,,,,
20121112240,2012,22,North Queensland Cowboys,Manly-Warringah Sea Eagles,0,6,8,0.581526111326,0.581526111326,0.744820780599,0.744820780599,22.8518222502,18.8426127891,22.8518222502,18.8426127891,True,,0,0,0,0,0,1,,,1300SMILES Stadium,0,-0.0833333333333,10.8404896753,0,0,,,,,,,
20121112250,2012,22,New Zealand Warriors,Cronulla-Sutherland Sharks,0,4,45,0.652580025748,0.652580025748,0.886173090668,0.886173090668,23.2211940475,16.0696610059,23.2211940475,16.0696610059,True,,0,0,0,0,0,1,leadership_change,,Mt Smart Stadium,1,0.0833333333333,32.5397305914,0,0,7,leadership-warriors-2012-mcclennan-iro,effective,-3,home,warriors,1
20121112260,2012,22,Canberra Raiders,Brisbane Broncos,1,28,12,0.578645212472,0.578645212472,0.737434198081,0.737434198081,23.1723401634,19.2663186455,23.1723401634,19.2663186455,True,,0,0,0,0,0,1,,,Canberra Stadium,2,1,-16.0262943504,0,0,,,,,,,
20121112270,2012,22,Gold Coast Titans,South Sydney Rabbitohs,0,18,22,0.581577489462,0.581577489462,0.744951392625,0.744951392625,22.3919482284,18.4252049896,22.3919482284,18.4252049896,True,,0,0,0,0,0,1,,,Cbus Super Stadium,-4,2,-22.110667537,0,0,,,,,,,
20121112280,2012,22,Wests Tigers,Parramatta Eels,1,51,26,0.607354825527,0.607354825527,0.805346131361,0.805346131361,26.0943027343,20.5239627131,26.0943027343,20.5239627131,True,,0,1,1,2,0,1,leadership_change,2,Campbelltown Stadium,-2,1,26.5761241555,0,0,6,leadership-eels-2012-kearney-arthur,effective,2,away,eels,1
20121112310,2012,23,South Sydney Rabbitohs,Manly-Warringah Sea Eagles,0,6,23,0.716324801372,0.716324801372,0.953271029661,0.953271029661,23.6656888652,13.921420309,23.6656888652,13.921420309,True,,0,0,0,0,0,1,,,Central Coast Stadium,4,-1,23.0632097242,0,0,,,,,,,
20121112320,2012,23,Melbourne Storm,Gold Coast Titans,1,24,16,0.654933300307,0.654933300307,0.889542629315,0.889542629315,23.9581150651,16.5795693196,23.9581150651,16.5795693196,True,,0,0,0,0,0,1,,,AAMI Park,-4,1,-4.49210595364,0,0,,,,,,,
20121112330,2012,23,Parramatta Eels,Sydney Roosters,1,36,22,0.562064191713,0.562064191713,0.692615778928,0.692615778928,24.3187770243,20.9567388363,24.3187770243,20.9567388363,True,,0,0,0,0,0,1,leadership_change,,Bankwest Stadium,1,-3,14.8964946857,2.39596144562,0.0101134477565,6,leadership-eels-2012-kearney-arthur,effective,3,home,eels,1
20121112340,2012,23,Wests Tigers,St. George Illawarra Dragons,1,22,12,0.619840402004,0.619840402004,0.830826236782,0.830826236782,23.9366221136,18.1510216495,23.9366221136,18.1510216495,True,,0,0,0,0,0,1,,,Allianz Stadium,0,-3,-1.39409404854,1.61381735335,0.0101134477565,,,,,,,
20121112350,2012,23,North Queensland Cowboys,New Zealand Warriors,1,52,12,0.648309002688,0.648309002688,0.879857344107,0.879857344107,24.9900498407,17.6666416688,24.9900498407,17.6666416688,True,,0,0,0,0,0,1,leadership_change,,1300SMILES Stadium,2,1.08333333333,-1.19978270723,-0.0178173902222,-0.00904887430847,7,leadership-warriors-2012-mcclennan-iro,effective,-2,away,warriors,1
20121112360,2012,23,Penrith Panthers,Canberra Raiders,0,10,20,0.447213616894,0.447213616894,0.334045417364,0.334045417364,22.2926433123,25.2728016518,22.2926433123,25.2728016518,True,,0,0,0,0,0,1,,,Panthers Stadium,-2,1,-12.4766533976,-5.03025191688,0.00904887430847,,,,,,,
20121112370,2012,23,Canterbury-Bankstown Bulldogs,Brisbane Broncos,1,22,14,0.749532056098,0.749532056098,0.972571393242,0.972571393242,25.4420899253,13.6991105223,25.4420899253,13.6991105223,True,,0,0,0,0,0,1,,,ANZ Stadium,8,1,39.6587267703,6.17217749571,-0.0101134477565,,,,,,,
20121112380,2012,23,Newcastle Knights,Cronulla-Sutherland Sharks,1,26,4,0.577655103102,0.577655103102,0.734867258023,0.734867258023,22.911305319,19.0670614455,22.911305319,19.0670614455,True,,0,0,0,0,0,1,,,McDonald Jones Stadium,3,1.08333333333,30.4751906982,3.25112287245,-0.0101134477565,,,,,,,
20121112410,2012,24,Canterbury-Bankstown Bulldogs,Wests Tigers,1,23,22,0.742080680478,0.742080680478,0.968943406056,0.968943406056,24.688059666,13.7177829527,24.688059666,13.7177829527,True,,0,0,0,0,0,1,,,ANZ Stadium,4,-1,47.5158238904,0,0,,,,,,,
20121112420,2012,24,Brisbane Broncos,Melbourne Storm,0,18,19,0.561769307995,0.561769307995,0.691784909363,0.691784909363,22.0015410772,18.9814684174,22.0015410772,18.9814684174,True,,0,0,0,0,0,1,,,Suncorp Stadium,-2,-2,-24.0326556798,0,0,,,,,,,
20121112430,2012,24,Canberra Raiders,Sydney Roosters,1,24,20,0.696350095028,0.696350095028,0.937141518565,0.937141518565,26.3337602378,16.6980498752,26.3337602378,16.6980498752,True,,0,0,0,0,0,1,,,Canberra Stadium,4,-1,16.7472593479,4.01311526754,0,,,,,,,
20121112440,2012,24,Cronulla-Sutherland Sharks,South Sydney Rabbitohs,1,20,7,0.586478861759,0.586478861759,0.757228630029,0.757228630029,22.9990613271,18.5324910118,22.9990613271,18.5324910118,True,,0,0,0,0,0,1,,,PointsBet Stadium,-6,-3,-27.5569213412,-6.4589609254,0.00904887430847,,,,,,,
20121112450,2012,24,New Zealand Warriors,Penrith Panthers,0,16,18,0.622214706434,0.622214706434,0.835392293976,0.835392293976,25.310422903,19.0580746785,25.310422903,19.0580746785,True,,0,0,0,0,0,1,leadership_change,,Mt Smart Stadium,-4,1,34.629583326,3.63949130867,-0.0101134477565,7,leadership-warriors-2012-mcclennan-iro,effective,-1,home,warriors,1
20121112460,2012,24,Gold Coast Titans,Parramatta Eels,1,24,16,0.678657527801,0.678657527801,0.919368951989,0.919368951989,26.0189377889,17.0394273952,26.0189377889,17.0394273952,True,,0,0,0,0,0,1,,,Cbus Super Stadium,0,1,34.7799639421,0.170620890977,0,,,,,,,
20121112470,2012,24,Manly-Warringah Sea Eagles,Newcastle Knights,1,42,20,0.62958253154,0.62958253154,0.848999552378,0.848999552378,24.0873181988,17.6284450434,24.0873181988,17.6284450434,True,,0,0,0,0,0,1,,,Lottoland,-2,3,2.10569835705,-1.79898608999,0,,,,,,,
20121112480,2012,24,St. George Illawarra Dragons,North Queensland Cowboys,0,22,32,0.530676530625,0.530676530625,0.598679469163,0.598679469163,22.4043517523,20.7797606935,22.4043517523,20.7797606935,True,,0,0,0,0,0,1,,,WIN Stadium,-2,0,-31.7364918504,-2.57770073064,0.191942059618,,,,,,,
20121112510,2012,25,Manly-Warringah Sea Eagles,Brisbane Broncos,1,16,6,0.747351308314,0.747351308314,0.971547385442,0.971547385442,25.4164540668,14.0540485716,25.4164540668,14.0540485716,True,,0,0,0,0,0,1,,,Lottoland,8,-2,24.8739394244,0,0,,,,,,,
20121112520,2012,25,Canberra Raiders,Canterbury-Bankstown Bulldogs,1,34,6,0.587056435604,0.587056435604,0.758651335253,0.758651335253,21.8041989362,17.6509116041,21.8041989362,17.6509116041,True,,0,0,0,0,0,1,,,Canberra Stadium,-2,-1,-48.4461622718,0,0,,,,,,,
20121112530,2012,25,Penrith Panthers,Gold Coast Titans,1,36,22,0.520215737413,0.520215737413,0.565469153498,0.565469153498,22.4697561279,21.557831247,22.4697561279,21.557831247,True,,0,0,0,0,0,1,,,Panthers Stadium,0,-0.0833333333333,-47.8400664425,-5.32357395521,0.0101134477565,,,,,,,
20121112540,2012,25,St. George Illawarra Dragons,New Zealand Warriors,1,38,6,0.655036701882,0.655036701882,0.889688907044,0.889688907044,25.5820970434,17.7589006684,25.5820970434,17.7589006684,True,,0,1,1,1,1,1,leadership_change,0,WIN Stadium,2,-0.916666666667,-0.0859371543672,-1.73446806436,0,7,leadership-warriors-2012-mcclennan-iro,effective,0,away,warriors,1
20121112550,2012,25,North Queensland Cowboys,Newcastle Knights,1,22,14,0.633285978217,0.633285978217,0.855521615933,0.855521615933,24.910928791,18.2903097524,24.910928791,18.2903097524,True,,0,0,0,0,0,1,,,1300SMILES Stadium,0,-1,10.5323836946,1.12998242171,0.0101134477565,,,,,,,
20121112560,2012,25,Sydney Roosters,Wests Tigers,1,44,20,0.508670676008,0.508670676008,0.528199817976,0.528199817976,23.3999568897,22.6787745852,23.3999568897,22.6787745852,True,,0,0,0,0,0,1,,,Allianz Stadium,-2,-1,-29.411978999,-4.63927133996,0,,,,,,,
20121112570,2012,25,South Sydney Rabbitohs,Parramatta Eels,1,38,6,0.67396146916,0.67396146916,0.914038130835,0.914038130835,26.3961653009,17.3132629023,26.3961653009,17.3132629023,True,,0,0,0,0,0,1,,,ANZ Stadium,0,1,42.0310193528,4.98350816119,-0.0180397688164,,,,,,,
20121112580,2012,25,Melbourne Storm,Cronulla-Sutherland Sharks,1,20,18,0.682952990188,0.682952990188,0.924012273281,0.924012273281,23.9110155403,15.0402154125,23.9110155403,15.0402154125,True,,0,0,0,0,0,1,,,AAMI Park,2,1,24.6828104372,4.71898191248,0.0101134477565,,,,,,,
20121112610,2012,26,Newcastle Knights,South Sydney Rabbitohs,0,6,18,0.602933992763,0.602933992763,0.79573012549,0.79573012549,23.1588174286,18.1440744354,23.1588174286,18.1440744354,True,,0,0,0,0,0,1,,,McDonald Jones Stadium,-2,1,-5.30880277835,0,0,,,,,,,
20121112620,2012,26,Brisbane Broncos,Penrith Panthers,1,19,12,0.656566819645,0.656566819645,0.891836125546,0.891836125546,25.6424767729,17.9017294926,25.6424767729,17.9017294926,True,,0,0,0,0,0,1,,,Suncorp Stadium,-6,1,35.8899466071,0,0,,,,,,,
20121112630,2012,26,Gold Coast Titans,Manly-Warringah Sea Eagles,0,16,24,0.521533040012,0.521533040012,0.569686554444,0.569686554444,22.18496404,20.8732737003,22.18496404,20.8732737003,True,,0,0,0,0,0,1,,,Cbus Super Stadium,-6,-1,-22.9240531289,-4.11922500798,0,,,,,,,
20121112640,2012,26,Wests Tigers,Melbourne Storm,0,6,26,0.574167282757,0.574167282757,0.725711043818,0.725711043818,22.8012734822,19.1512961731,22.8012734822,19.1512961731,True,,0,0,0,0,0,1,,,Leichhardt Oval,-4,1,-13.2313697752,-5.02725469961,0,,,,,,,
20121112650,2012,26,Canterbury-Bankstown Bulldogs,Sydney Roosters,1,42,10,0.669200548823,0.669200548823,0.908353655684,0.908353655684,25.8898023418,17.3864984433,25.8898023418,17.3864984433,True,,0,0,0,0,0,1,,,ANZ Stadium,4,2,67.4160750168,10.0040834041,-0.0101134477565,,,,,,,
20121112660,2012,26,New Zealand Warriors,Canberra Raiders,0,22,42,0.465783970167,0.465783970167,0.390252337098,0.390252337098,22.2635473786,24.1848519393,22.2635473786,24.1848519393,True,,1,0,1,1,1,1,leadership_change,1,Mt Smart Stadium,-8,-1,-19.0764789322,-2.86360306765,-0.0273063089426,7,leadership-warriors-2012-mcclennan-iro,effective,1,home,warriors,1
20121112670,2012,26,Cronulla-Sutherland Sharks,North Queensland Cowboys,0,22,36,0.620179082044,0.620179082044,0.831482986869,0.831482986869,23.3487198009,17.5611514217,23.3487198009,17.5611514217,True,,0,0,0,0,0,1,,,PointsBet Stadium,-2,-2,-24.4307168736,-3.73817601084,-0.164635750675,,,,,,,
20121112680,2012,26,Parramatta Eels,St. George Illawarra Dragons,0,8,29,0.537579239746,0.537579239746,0.620170925048,0.620170925048,22.6818062143,20.4237523687,22.6818062143,20.4237523687,True,,0,0,0,0,0,1,,,ANZ Stadium,0,-1,0.33466598538,-2.4258746828,0.019162322065,,,,,,,
20121112710,2012,27,Canterbury-Bankstown Bulldogs,Manly-Warringah Sea Eagles,1,16,10,0.665369691465,0.665369691465,0.903568917708,0.903568917708,23.5800528473,15.8414240308,23.5800528473,15.8414240308,True,,0,0,0,0,0,1,,,ANZ Stadium,-2,0,-7.08185219628,0,0,,,,,,,
20121112720,2012,27,Melbourne Storm,South Sydney Rabbitohs,1,24,6,0.722447328832,0.722447328832,0.957477658186,0.957477658186,24.0824622802,14.0055870376,24.0824622802,14.0055870376,True,,0,0,0,0,0,1,,,AAMI Park,4,-1,-6.69502223052,0,0,,,,,,,
20121112730,2012,27,North Queensland Cowboys,Brisbane Broncos,1,33,16,0.729061297794,0.729061297794,0.961670643759,0.961670643759,24.7049422722,14.2225409757,24.7049422722,14.2225409757,True,,0,0,0,0,0,1,,,1300SMILES Stadium,6,-2,32.4491171088,0,0,,,,,,,
20121112740,2012,27,Canberra Raiders,Cronulla-Sutherland Sharks,1,34,16,0.662114348145,0.662114348145,0.899351598105,0.899351598105,24.3409825821,16.5949698381,24.3409825821,16.5949698381,True,,0,0,0,0,0,1,,,Canberra Stadium,6,-0.0833333333333,6.80474552422,0,0,,,,,,,
20121112810,2012,28,Manly-Warringah Sea Eagles,North Queensland Cowboys,1,22,12,0.722392429363,0.722392429363,0.95744135674,0.95744135674,25.3258498657,14.9481824961,25.3258498657,14.9481824961,True,,0,0,0,0,0,1,,,Allianz Stadium,-2,1,-2.1493733437,0,0,,,,,,,
20121112820,2012,28,South Sydney Rabbitohs,Canberra Raiders,1,38,16,0.672473351125,0.672473351125,0.912292047734,0.912292047734,24.9396868739,16.6516679205,24.9396868739,16.6516679205,True,,0,0,0,0,0,1,,,ANZ Stadium,-6,0.260416701389,12.6634314497,0,0,,,,,,,
20121112910,2012,29,Melbourne Storm,Manly-Warringah Sea Eagles,1,40,12,0.710011111267,0.710011111267,0.948585563467,0.948585563467,23.7875042125,14.2530168653,23.7875042125,14.2530168653,True,,0,0,0,0,0,1,,,AAMI Park,2,5.26041670139,-4.94613582994,0,0,,,,,,,
20121112920,2012,29,Canterbury-Bankstown Bulldogs,South Sydney Rabbitohs,1,32,8,0.656425118449,0.656425118449,0.891638639718,0.891638639718,23.5752908943,16.2028828252,23.5752908943,16.2028828252,True,,0,0,0,0,0,1,,,ANZ Stadium,2,8,13.3774227559,0,0,,,,,,,
20121113010,2012,30,Canterbury-Bankstown Bulldogs,Melbourne Storm,0,4,14,0.649769186545,0.649769186545,0.882045882204,0.882045882204,22.9801587355,15.986067305,22.9801587355,15.986067305,True,,0,0,0,0,0,1,,,ANZ Stadium,-2,-1,3.58058180919,0,0,,,,,,,
20131110110,2013,1,Sydney Roosters,South Sydney Rabbitohs,0,10,28,0.441127433528,0.441127433528,0.324063684731,0.324063684731,19.4363754252,22.1344182653,19.4363754252,22.1344182653,True,-3.5,0,0,0,0,0,1,,,Allianz Stadium,0,0,-43.4824379688,-7.76167475866,0.00814398687763,,,,,,,
20131110120,2013,1,Brisbane Broncos,Manly-Warringah Sea Eagles,0,14,22,0.444395941624,0.444395941624,0.333145244009,0.333145244009,19.3566466836,22.0103190715,19.3566466836,22.0103190715,True,5.5,0,0,0,0,0,1,,,Suncorp Stadium,0,0,-36.7451887762,-1.46815647828,0.00904887430847,,,,,,,
20131110130,2013,1,Parramatta Eels,New Zealand Warriors,1,40,10,0.476204366831,0.476204366831,0.426538475976,0.426538475976,20.1763664004,21.319298818,20.1763664004,21.319298818,True,1.5,0,0,0,0,0,1,leadership_change,,Bankwest Stadium,0,0,6.87214453958,-0.594153584128,0.019162322065,7,leadership-warriors-2012-mcclennan-iro,effective,2,away,warriors,1
20131110140,2013,1,Canterbury-Bankstown Bulldogs,North Queensland Cowboys,0,12,24,0.496970630191,0.496970630191,0.490587709197,0.490587709197,20.3072952194,20.498765465,20.3072952194,20.498765465,True,-2.5,0,0,0,0,0,1,,,Central Coast Stadium,0,0,8.47847368005,2.64955339739,0.00904887430847,,,,,,,
20131110150,2013,1,Penrith Panthers,Canberra Raiders,1,32,10,0.449371976147,0.449371976147,0.347184491431,0.347184491431,19.7558235053,22.1470191776,19.7558235053,22.1470191776,True,-2,0,0,0,0,0,1,,,Panthers Stadium,0,0,-49.4326853238,-3.83039748804,0,,,,,,,
20131110160,2013,1,Melbourne Storm,St. George Illawarra Dragons,1,30,10,0.503928889712,0.503928889712,0.512206229075,0.512206229075,19.9951115036,19.5790482514,19.9951115036,19.5790482514,True,12,0,0,0,0,0,1,,,AAMI Park,0,0,51.619547989,4.74259147715,0,,,,,,,
20131110170,2013,1,Cronulla-Sutherland Sharks,Gold Coast Titans,1,12,10,0.475947745023,0.475947745023,0.425756671479,0.425756671479,19.64118689,20.6788329588,19.64118689,20.6788329588,True,6.5,0,0,0,0,0,1,,,PointsBet Stadium,0,0,4.00378912322,0.456741189768,-0.0171928611861,,,,,,,
20131110180,2013,1,Newcastle Knights,Wests Tigers,1,42,10,0.505888520854,0.505888520854,0.518290328506,0.518290328506,20.2574908864,20.1964097266,20.2574908864,20.1964097266,True,6.5,0,0,0,0,0,1,,,McDonald Jones Stadium,0,0,15.6712905881,2.36996757542,0.00904887430847,,,,,,,
20131110210,2013,2,Parramatta Eels,Canterbury-Bankstown Bulldogs,0,16,20,0.486190527249,0.486190527249,0.457183452452,0.457183452452,19.4131518018,20.0476737456,19.4131518018,20.0476737456,True,-3,0,0,0,0,0,1,,,ANZ Stadium,2,0.0833333333333,-39.1386093981,0,0,,,,,,,
20131110220,2013,2,St. George Illawarra Dragons,Brisbane Broncos,0,6,22,0.568188186477,0.568188186477,0.701164601798,0.701164601798,20.0463055867,17.0288331988,20.0463055867,17.0288331988,True,-2,0,0,0,0,0,1,,,WIN Stadium,0,-1.83333333333,3.05193546767,0,0,,,,,,,
20131110230,2013,2,North Queensland Cowboys,Melbourne Storm,0,10,32,0.556104436436,0.556104436436,0.668252437412,0.668252437412,20.1612699386,17.6487978496,20.1612699386,17.6487978496,True,,0,0,0,0,0,1,,,1300SMILES Stadium,0,0.8125,-8.53358700371,0,0,,,,,,,
20131110240,2013,2,New Zealand Warriors,Sydney Roosters,0,14,16,0.482586137604,0.482586137604,0.446077798895,0.446077798895,20.5272620667,21.3529671212,20.5272620667,21.3529671212,True,-3.5,0,0,0,0,0,1,leadership_change,,Other,0,-1.89583333333,-8.96926866983,0,0,7,leadership-warriors-2012-mcclennan-iro,effective,3,home,warriors,1
20131110250,2013,2,Gold Coast Titans,Canberra Raiders,1,36,0,0.556054539429,0.556054539429,0.668113180865,0.668113180865,20.6653182612,18.1208414091,20.6653182612,18.1208414091,True,6.5,0,0,0,0,0,1,,,Cbus Super Stadium,0,-0.1875,-7.94746245266,0,0,,,,,,,
20131110260,2013,2,Wests Tigers,Penrith Panthers,1,28,18,0.468686754831,0.468686754831,0.403786184681,0.403786184681,19.6533550851,21.1160761305,19.6533550851,21.1160761305,True,3.5,0,0,0,0,0,1,,,Campbelltown Stadium,-2,-1.20833333333,6.75324184187,0,0,,,,,,,
20131110270,2013,2,Manly-Warringah Sea Eagles,Newcastle Knights,1,32,0,0.56706461805,0.56706461805,0.698175392849,0.698175392849,20.8247740108,17.7916371252,20.8247740108,17.7916371252,True,3.5,0,0,0,0,0,1,,,Lottoland,0,3,9.04733043532,0,0,,,,,,,
20131110280,2013,2,South Sydney Rabbitohs,Cronulla-Sutherland Sharks,1,14,12,0.576792500918,0.576792500918,0.723541091195,0.723541091195,20.1245938276,16.7406406532,20.1245938276,16.7406406532,True,10,0,0,0,0,0,1,,,ANZ Stadium,0,2.9375,12.760373219,0,0,,,,,,,
20131110310,2013,3,Melbourne Storm,Canterbury-Bankstown Bulldogs,1,22,18,0.707506098193,0.707506098193,0.939614610828,0.939614610828,21.6498730161,13.0222683385,21.6498730161,13.0222683385,True,10.5,0,0,0,0,0,1,,,AAMI Park,2,-1.9375,16.2192091808,0,0,,,,,,,
20131110320,2013,3,Wests Tigers,Parramatta Eels,1,31,18,0.470633581478,0.470633581478,0.409646581587,0.409646581587,19.6507948089,21.0209980578,19.6507948089,21.0209980578,True,2,0,0,0,0,0,1,,,Leichhardt Oval,0,-2.79166666667,-13.7904085586,0,0,,,,,,,
20131110330,2013,3,Gold Coast Titans,Manly-Warringah Sea Eagles,1,16,14,0.531831732223,0.531831732223,0.597770511297,0.597770511297,19.2294419836,17.8163099338,19.2294419836,17.8163099338,True,-4,0,0,0,0,0,1,,,Cbus Super Stadium,-2,0.229166666667,-15.8025249862,0,0,,,,,,,
20131110340,2013,3,Sydney Roosters,Brisbane Broncos,1,8,0,0.525852488018,0.525852488018,0.579718248198,0.579718248198,19.4310558988,18.2721660416,19.4310558988,18.2721660416,True,6,0,0,0,0,0,1,,,Allianz Stadium,0,-0.979166666667,-12.2782900503,0,0,,,,,,,
20131110350,2013,3,Cronulla-Sutherland Sharks,New Zealand Warriors,1,28,4,0.586830446794,0.586830446794,0.748437745062,0.748437745062,21.0134116485,17.1234951577,21.0134116485,17.1234951577,True,8,0,0,0,0,0,1,,,PointsBet Stadium,2,-1.97916666667,31.4009775283,0,0,,,,,,,
20131110360,2013,3,Penrith Panthers,South Sydney Rabbitohs,0,32,44,0.451279783702,0.451279783702,0.352632204927,0.352632204927,18.5818770978,20.8135195243,18.5818770978,20.8135195243,True,-12,0,0,0,0,0,1,,,Panthers Stadium,-2,1.16666666667,-18.7244597263,0,0,,,,,,,
20131110370,2013,3,Canberra Raiders,St. George Illawarra Dragons,1,30,17,0.499678335644,0.499678335644,0.499000480072,0.499000480072,20.9774187521,20.99269316,20.9774187521,20.99269316,True,3.5,0,0,0,0,0,1,,,GIO Stadium,0,-1.70833333333,0.825029659876,0,0,,,,,,,
20131110380,2013,3,Newcastle Knights,North Queensland Cowboys,1,34,6,0.566619408692,0.566619408692,0.696986758632,0.696986758632,20.9196045925,17.898098208,20.9196045925,17.898098208,True,-4,0,0,0,0,0,1,,,McDonald Jones Stadium,0,-1,-7.33969117614,0,0,,,,,,,
20131110410,2013,4,Manly-Warringah Sea Eagles,Wests Tigers,1,26,0,0.673071919165,0.673071919165,0.904118621352,0.904118621352,22.647315349,15.0692526886,22.647315349,15.0692526886,True,7.5,0,0,0,0,0,1,,,Lottoland,0,-0.850694444444,41.3571046061,0,0,,,,,,,
20131110420,2013,4,Canterbury-Bankstown Bulldogs,South Sydney Rabbitohs,0,12,17,0.537612925411,0.537612925411,0.615002558073,0.615002558073,20.4122843499,18.6944595163,20.4122843499,18.6944595163,True,-1.5,0,0,0,0,0,1,,,ANZ Stadium,-4,2.78819444444,-0.530380012693,0,0,,,,,,,
20131110430,2013,4,Brisbane Broncos,Melbourne Storm,0,26,32,0.48407458317,0.48407458317,0.450658650217,0.450658650217,18.9356899548,19.6588106414,18.9356899548,19.6588106414,True,-8.5,0,0,0,0,0,1,,,Suncorp Stadium,-4,-1.97569444444,-37.8566865924,0,0,,,,,,,
20131110440,2013,4,Cronulla-Sutherland Sharks,St. George Illawarra Dragons,0,12,25,0.621771306728,0.621771306728,0.824129068271,0.824129068271,21.1417557586,15.8108837803,21.1417557586,15.8108837803,True,8.5,0,0,0,0,0,1,,,PointsBet Stadium,4,0.1875,12.5359160518,0,0,,,,,,,
20131110450,2013,4,Penrith Panthers,Gold Coast Titans,0,10,28,0.419471551834,0.419471551834,0.267036746782,0.267036746782,18.7764659121,22.54454869,18.7764659121,22.54454869,True,-2.5,0,0,0,0,0,1,,,Panthers Stadium,-2,-0.9375,-21.1627570947,0,0,,,,,,,
20131110460,2013,4,Newcastle Knights,Canberra Raiders,1,28,12,0.634377305907,0.634377305907,0.847131237602,0.847131237602,21.954195429,16.0022507065,21.954195429,16.0022507065,True,8.5,0,0,0,0,0,1,,,McDonald Jones Stadium,2,-1.02083333333,21.2216539996,0,0,,,,,,,
20131110470,2013,4,New Zealand Warriors,North Queensland Cowboys,1,20,18,0.439842472253,0.439842472253,0.320525120801,0.320525120801,19.6307363473,22.4819448471,19.6307363473,22.4819448471,True,-6,0,0,0,0,0,1,,,Mt Smart Stadium,-2,1.20833333333,-45.9511353435,0,0,,,,,,,
20131110480,2013,4,Sydney Roosters,Parramatta Eels,1,50,0,0.587056014256,0.587056014256,0.748981682177,0.748981682177,21.652941436,17.6881596432,21.652941436,17.6881596432,True,8,0,0,0,0,0,1,,,Allianz Stadium,2,-0.975694444444,-11.9683378511,0,0,,,,,,,
20131110510,2013,5,Canterbury-Bankstown Bulldogs,Manly-Warringah Sea Eagles,0,6,20,0.490106993842,0.490106993842,0.469293725747,0.469293725747,18.683342769,19.1277538167,18.683342769,19.1277538167,True,,0,0,0,0,0,1,,,ANZ Stadium,-4,-0.829861111111,-9.74106780902,0,0,,,,,,,
20131110520,2013,5,Gold Coast Titans,Brisbane Broncos,0,12,32,0.675471361794,0.675471361794,0.907021383253,0.907021383253,21.5438040856,14.0927235563,21.5438040856,14.0927235563,True,5.5,0,0,0,0,0,1,,,Cbus Super Stadium,4,-1.82986111111,18.1801701683,0,0,,,,,,,
20131110530,2013,5,Parramatta Eels,Cronulla-Sutherland Sharks,1,13,6,0.41074587686,0.41074587686,0.245754230079,0.245754230079,18.489769203,22.6507360635,18.489769203,22.6507360635,True,-5.5,0,0,0,0,0,1,,,Bankwest Stadium,-2,-1.97916666667,-18.5984078901,0,0,,,,,,,
20131110540,2013,5,North Queensland Cowboys,Penrith Panthers,1,30,0,0.560928326004,0.560928326004,0.681588754547,0.681588754547,21.7515259228,18.9169696181,21.7515259228,18.9169696181,True,12,0,0,0,0,0,1,,,1300SMILES Stadium,0,-1.125,11.4513265347,0,0,,,,,,,
20131110550,2013,5,St. George Illawarra Dragons,Newcastle Knights,1,19,16,0.477823929511,0.477823929511,0.431479964577,0.431479964577,18.5650363845,19.5652766983,18.5650363845,19.5652766983,True,-3,0,0,0,0,0,1,,,Netstrata Jubilee Stadium,-4,0.958333333333,-33.3896986884,0,0,,,,,,,
20131110560,2013,5,New Zealand Warriors,South Sydney Rabbitohs,0,22,24,0.380847437683,0.380847437683,0.180935591393,0.180935591393,18.6875598133,24.3455020206,18.6875598133,24.3455020206,True,-8,0,0,0,0,0,1,,,Mt Smart Stadium,-6,-3.08333333333,-58.0100087586,0,0,,,,,,,
20131110570,2013,5,Canberra Raiders,Sydney Roosters,1,24,22,0.412911999808,0.412911999808,0.250941242619,0.250941242619,18.6870156478,22.7646759582,18.6870156478,22.7646759582,True,-6,0,0,0,0,0,1,,,GIO Stadium,-4,1.02083333333,-1.30360921017,0,0,,,,,,,
20131110580,2013,5,Melbourne Storm,Wests Tigers,1,26,12,0.69793060064,0.69793060064,0.931008395863,0.931008395863,22.5425268178,14.0567878675,22.5425268178,14.0567878675,True,14,0,0,0,0,0,1,,,AAMI Park,4,-0.958333333333,46.510332748,0,0,,,,,,,
20131110610,2013,6,Brisbane Broncos,North Queensland Cowboys,1,12,10,0.622364931718,0.622364931718,0.825263383646,0.825263383646,21.5404954413,16.1292817966,21.5404954413,16.1292817966,True,,0,0,0,0,0,1,,,Suncorp Stadium,0,0.954861111111,2.60667369537,0,0,,,,,,,
20131110620,2013,6,Sydney Roosters,Canterbury-Bankstown Bulldogs,1,38,0,0.64479604132,0.64479604132,0.864447014011,0.864447014011,21.7124190869,15.3897876496,21.7124190869,15.3897876496,True,3.5,0,0,0,0,0,1,,,Allianz Stadium,4,-1.95486111111,-4.52140951992,0,0,,,,,,,
20131110630,2013,6,Newcastle Knights,Penrith Panthers,1,8,6,0.67904477199,0.67904477199,0.911217876585,0.911217876585,22.6148685643,14.8165882783,22.6148685643,14.8165882783,True,13.5,0,0,0,0,0,1,,,McDonald Jones Stadium,4,-0.854166666667,35.0583205461,0,0,,,,,,,
20131110640,2013,6,Canberra Raiders,New Zealand Warriors,1,20,16,0.55009124358,0.55009124358,0.651286286861,0.651286286861,22.287531195,19.9083036802,22.287531195,19.9083036802,True,5.5,0,0,0,0,0,1,,,GIO Stadium,2,-0.104166666667,17.2750025881,0,0,,,,,,,
20131110650,2013,6,South Sydney Rabbitohs,Melbourne Storm,0,10,17,0.554020108786,0.554020108786,0.662413167206,0.662413167206,20.3216827735,17.8884279466,20.3216827735,17.8884279466,True,-2,0,0,0,0,0,1,,,ANZ Stadium,0,1.125,-16.9546482657,0,0,,,,,,,
20131110660,2013,6,Manly-Warringah Sea Eagles,Cronulla-Sutherland Sharks,1,25,18,0.681103576031,0.681103576031,0.913568032969,0.913568032969,20.9242564489,13.3955777602,20.9242564489,13.3955777602,True,12.5,0,0,0,0,0,1,,,Lottoland,4,0.913194444444,35.2429666953,0,0,,,,,,,
20131110670,2013,6,Wests Tigers,St. George Illawarra Dragons,0,12,13,0.527953012452,0.527953012452,0.586084205206,0.586084205206,20.43070185,19.1451110971,20.43070185,19.1451110971,True,-4.5,0,0,0,0,0,1,,,Sydney Cricket Ground,0,-1.16666666667,-4.93155066864,0,0,,,,,,,
20131110680,2013,6,Gold Coast Titans,Parramatta Eels,1,28,22,0.608922337721,0.608922337721,0.798328983672,0.798328983672,22.1588034237,17.214833353,22.1588034237,17.214833353,True,3.5,0,0,0,0,0,1,,,Cbus Super Stadium,2,0.913194444444,54.2736043355,0,0,,,,,,,
20131110710,2013,7,Sydney Roosters,St. George Illawarra Dragons,1,34,10,0.68007216762,0.68007216762,0.9123967877,0.9123967877,22.2273436918,14.4683060711,22.2273436918,14.4683060711,True,10,0,0,0,0,0,1,,,Allianz Stadium,2,1.8125,12.31419305,0,0,,,,,,,
20131110720,2013,7,Melbourne Storm,New Zealand Warriors,1,28,18,0.736990665921,0.736990665921,0.960900479606,0.960900479606,22.6651382882,12.7496686311,22.6651382882,12.7496686311,True,14.5,0,0,0,0,0,1,,,AAMI Park,8,0,68.7764936311,0,0,,,,,,,
20131110730,2013,7,Manly-Warringah Sea Eagles,South Sydney Rabbitohs,0,12,20,0.75673492109,0.75673492109,0.971429724682,0.971429724682,22.2062551596,11.7332629768,22.2062551596,11.7332629768,True,4,0,0,0,0,0,1,,,Lottoland,0,-0.770833333333,21.4468517095,0,0,,,,,,,
20131110740,2013,7,North Queensland Cowboys,Canberra Raiders,1,30,12,0.590553396641,0.590553396641,0.757326034147,0.757326034147,21.6953303305,17.5774155646,21.6953303305,17.5774155646,True,10.5,0,0,0,0,0,1,,,1300SMILES Stadium,-4,1,21.6583732527,0,0,,,,,,,
20131110750,2013,7,Wests Tigers,Brisbane Broncos,0,10,20,0.434592145772,0.434592145772,0.306259775458,0.306259775458,19.0510718065,22.1118899624,19.0510718065,22.1118899624,True,-6,0,0,0,0,0,1,,,Campbelltown Stadium,-2,-1.8125,-25.41651298,0,0,,,,,,,
20131110760,2013,7,Gold Coast Titans,Newcastle Knights,0,6,30,0.527374888528,0.527374888528,0.584334595421,0.584334595421,19.4038509394,18.1789051798,19.4038509394,18.1789051798,True,4,0,0,0,0,0,1,,,Cbus Super Stadium,2,-1.04166666667,-5.02784280722,0,0,,,,,,,
20131110770,2013,7,Cronulla-Sutherland Sharks,Canterbury-Bankstown Bulldogs,0,8,24,0.591260679002,0.591260679002,0.758993008891,0.758993008891,20.7607109655,16.7131632247,20.7607109655,16.7131632247,True,-2,0,0,0,0,0,1,,,Central Coast Stadium,0,-1.77083333333,-17.0238416237,0,0,,,,,,,
20131110780,2013,7,Penrith Panthers,Parramatta Eels,1,44,12,0.501636996763,0.501636996763,0.505086551275,0.505086551275,20.5439523964,20.467165889,20.5439523964,20.467165889,True,-2,0,0,0,0,0,1,,,Panthers Stadium,-2,1.04166666667,-0.685313194043,0,0,,,,,,,
20131110810,2013,8,Brisbane Broncos,South Sydney Rabbitohs,0,12,26,0.616598362101,0.616598362101,0.814029133029,0.814029133029,21.1472884688,16.0218320515,21.1472884688,16.0218320515,True,-6,0,0,0,0,0,1,,,Suncorp Stadium,-2,-0.989583333333,-5.24658246329,0,0,,,,,,,
20131110820,2013,8,Canterbury-Bankstown Bulldogs,Wests Tigers,1,40,4,0.587455924856,0.587455924856,0.749944325469,0.749944325469,21.3101101684,17.3633895486,21.3101101684,17.3633895486,True,13.5,0,0,0,0,0,1,,,ANZ Stadium,0,-0.8125,8.15104513445,0,0,,,,,,,
20131110830,2013,8,Melbourne Storm,Canberra Raiders,0,20,24,0.707760985515,0.707760985515,0.939831457195,0.939831457195,22.9270159617,13.9950705244,22.9270159617,13.9950705244,True,15.5,0,0,0,0,0,1,,,AAMI Park,4,1.9375,53.9745383519,0,0,,,,,,,
20131110840,2013,8,Parramatta Eels,North Queensland Cowboys,0,10,14,0.433318020764,0.433318020764,0.302846046161,0.302846046161,19.7995125782,22.9839250062,19.7995125782,22.9839250062,True,-6.5,0,0,0,0,0,1,,,Bankwest Stadium,-2,-2.0625,-33.1447005601,0,0,,,,,,,
20131110850,2013,8,New Zealand Warriors,Gold Coast Titans,1,25,24,0.449745523066,0.449745523066,0.348248385019,0.348248385019,20.5015341803,22.925101348,20.5015341803,22.925101348,True,6.5,0,0,0,0,0,1,,,Mt Smart Stadium,-4,2.79166666667,-38.3879214001,0,0,,,,,,,
20131110860,2013,8,Newcastle Knights,Cronulla-Sutherland Sharks,0,20,21,0.715727005638,0.715727005638,0.946303065869,0.946303065869,22.8695358753,13.6610651247,22.8695358753,13.6610651247,True,8.5,0,0,0,0,0,1,,,McDonald Jones Stadium,6,0.0416666666667,16.74998144,0,0,,,,,,,
20131110870,2013,8,Sydney Roosters,Penrith Panthers,1,30,6,0.717836088063,0.717836088063,0.947920049481,0.947920049481,23.0218478593,13.7008484512,23.0218478593,13.7008484512,True,16.5,0,0,0,0,0,1,,,Allianz Stadium,6,4.125,47.0991595452,0,0,,,,,,,
20131110880,2013,8,St. George Illawarra Dragons,Manly-Warringah Sea Eagles,0,18,24,0.424055963699,0.424055963699,0.278623986312,0.278623986312,18.4549870861,21.9698739187,18.4549870861,21.9698739187,True,-5.5,0,0,0,0,0,1,,,Netstrata Jubilee Stadium,0,1.15625,-42.6464791237,0,0,,,,,,,
20131110910,2013,9,South Sydney Rabbitohs,North Queensland Cowboys,1,28,10,0.670269398425,0.670269398425,0.900640357289,0.900640357289,22.1836468098,14.8011403572,22.1836468098,14.8011403572,True,10,0,0,0,0,0,1,,,ANZ Stadium,2,0.996527777778,8.75203292789,0,0,,,,,,,
20131110920,2013,9,Wests Tigers,Cronulla-Sutherland Sharks,0,6,30,0.495076793868,0.495076793868,0.484706193345,0.484706193345,20.0345968578,20.2633848153,20.0345968578,20.2633848153,True,-6,0,0,0,0,0,1,,,Allianz Stadium,-2,1.76736111111,-4.24994942941,0,0,,,,,,,
20131110930,2013,9,New Zealand Warriors,Canterbury-Bankstown Bulldogs,0,16,24,0.472013102136,0.472013102136,0.413813305344,0.413813305344,20.2168326083,21.5411574285,20.2168326083,21.5411574285,True,-4.5,0,0,0,0,0,1,,,Other,0,-1.76736111111,-27.5070848608,0,0,,,,,,,
20131110940,2013,9,Parramatta Eels,Brisbane Broncos,1,19,18,0.409952815075,0.409952815075,0.243871297961,0.243871297961,19.5789656458,23.9011030098,19.5789656458,23.9011030098,True,-6.5,0,0,0,0,0,1,,,Bankwest Stadium,-4,-0.996527777778,-51.7977022877,0,0,,,,,,,
20131110950,2013,9,Canberra Raiders,Newcastle Knights,1,44,14,0.438015021631,0.438015021631,0.315524246613,0.315524246613,18.8398166108,21.7190374322,18.8398166108,21.7190374322,True,4.5,0,0,0,0,0,1,,,GIO Stadium,0,0.854166666667,-41.2504128742,0,0,,,,,,,
20131110960,2013,9,Gold Coast Titans,St. George Illawarra Dragons,1,15,14,0.561232724595,0.561232724595,0.682421724112,0.682421724112,21.4773384927,18.6489345413,21.4773384927,18.6489345413,True,6,0,0,0,0,0,1,,,Cbus Super Stadium,-2,1.20833333333,11.4050400031,0,0,,,,,,,
20131110970,2013,9,Penrith Panthers,Melbourne Storm,1,12,10,0.437746565238,0.437746565238,0.31479277507,0.31479277507,19.0800597919,21.9909612091,19.0800597919,21.9909612091,True,-14,0,0,0,0,0,1,,,Panthers Stadium,-6,-0.895833333333,-47.5971215266,0,0,,,,,,,
20131110980,2013,9,Manly-Warringah Sea Eagles,Sydney Roosters,0,4,16,0.606495749359,0.606495749359,0.793188684247,0.793188684247,20.1064492421,15.5206771147,20.1064492421,15.5206771147,True,-2,0,0,0,0,0,1,,,Lottoland,0,-1.16666666667,0.316056423556,0,0,,,,,,,
20131111010,2013,10,Brisbane Broncos,Gold Coast Titans,1,32,6,0.590858588699,0.590858588699,0.758046184048,0.758046184048,21.3017578503,17.2127115933,21.3017578503,17.2127115933,True,2,0,0,0,0,0,1,,,Suncorp Stadium,2,0.822916666667,11.6900548006,0,0,,,,,,,
20131111020,2013,10,South Sydney Rabbitohs,Wests Tigers,1,54,10,0.708639371994,0.708639371994,0.940574017009,0.940574017009,23.9657174623,14.7664285894,23.9657174623,14.7664285894,True,22,0,0,0,0,0,1,,,ANZ Stadium,8,-0.00347222222222,57.9891185476,0,0,,,,,,,
20131111030,2013,10,St. George Illawarra Dragons,Parramatta Eels,1,32,12,0.600694044709,0.600694044709,0.780555636424,0.780555636424,21.611155754,17.0763260809,21.611155754,17.0763260809,True,6.5,0,0,0,0,0,1,,,WIN Stadium,0,-0.822916666667,24.1538831724,0,0,,,,,,,
20131111040,2013,10,Penrith Panthers,New Zealand Warriors,1,62,6,0.556359224514,0.556359224514,0.668963110349,0.668963110349,21.6545314028,19.030582673,21.6545314028,19.030582673,True,2.5,0,0,0,0,0,1,,,Panthers Stadium,2,-0.958333333333,7.70794350149,0,0,,,,,,,
20131111050,2013,10,North Queensland Cowboys,Sydney Roosters,0,8,12,0.463307552509,0.463307552509,0.38772498728,0.38772498728,18.5790902342,20.2486312555,18.5790902342,20.2486312555,True,-1.5,0,0,0,0,0,1,,,1300SMILES Stadium,-2,2.97569444444,-26.7054666287,0,0,,,,,,,
20131111060,2013,10,Cronulla-Sutherland Sharks,Canberra Raiders,1,30,20,0.535283577848,0.535283577848,0.60808809801,0.60808809801,20.5512750071,18.931346409,20.5512750071,18.931346409,True,1.5,0,0,0,0,0,1,,,PointsBet Stadium,-4,1.77083333333,3.05118051764,0,0,,,,,,,
20131111070,2013,10,Newcastle Knights,Canterbury-Bankstown Bulldogs,1,44,8,0.549868635359,0.549868635359,0.650651283734,0.650651283734,20.7996700687,18.5180751852,20.7996700687,18.5180751852,True,-4,0,0,0,0,0,1,,,McDonald Jones Stadium,-2,-0.770833333333,3.3817317665,0,0,,,,,,,
20131111110,2013,11,Wests Tigers,North Queensland Cowboys,1,22,20,0.507240799657,0.507240799657,0.522486035339,0.522486035339,20.0337587156,19.6997890091,20.0337587156,19.6997890091,True,-8,0,0,0,0,0,1,,,Leichhardt Oval,-4,0.996527777778,-43.3211383578,0,0,,,,,,,
20131111120,2013,11,Canterbury-Bankstown Bulldogs,Brisbane Broncos,1,24,14,0.511868414059,0.511868414059,0.536819378211,0.536819378211,20.1700134096,19.6222242977,20.1700134096,19.6222242977,True,5.5,0,0,0,0,0,1,,,ANZ Stadium,0,-1.80902777778,11.5196043616,0,0,,,,,,,
20131111130,2013,11,St. George Illawarra Dragons,Penrith Panthers,0,0,19,0.539723236351,0.539723236351,0.621231225055,0.621231225055,20.0526223153,18.258420179,20.0526223153,18.258420179,True,7.5,0,0,0,0,0,1,,,Netstrata Jubilee Stadium,-2,0.0833333333333,0.144645406985,0,0,,,,,,,
20131111140,2013,11,Sydney Roosters,Melbourne Storm,0,18,26,0.712183403109,0.712183403109,0.943496445062,0.943496445062,21.3746775602,12.6487074083,21.3746775602,12.6487074083,True,4,0,0,0,0,0,1,,,Allianz Stadium,5,1.97916666667,17.0388378525,0,0,,,,,,,
20131111150,2013,11,Manly-Warringah Sea Eagles,Canberra Raiders,1,16,10,0.710157119057,0.710157119057,0.941839907332,0.941839907332,23.0415004157,13.9956250306,23.0415004157,13.9956250306,True,6.5,0,0,0,0,0,1,,,Lottoland,-1,-1.20833333333,20.3122816295,0,0,,,,,,,
20131111160,2013,11,New Zealand Warriors,Newcastle Knights,1,28,12,0.363944751468,0.363944751468,0.149977537676,0.149977537676,19.5251781696,26.1713116714,19.5251781696,26.1713116714,True,-4,0,0,0,0,0,1,,,Mt Smart Stadium,-4,0.8125,-26.0736725269,0,0,,,,,,,
20131111170,2013,11,Parramatta Eels,Gold Coast Titans,0,4,42,0.476129334623,0.476129334623,0.426309854371,0.426309854371,20.5845979679,21.7222421679,20.5845979679,21.7222421679,True,-2,0,0,0,0,0,1,,,Other,-2,-0.913194444444,-26.3703413033,0,0,,,,,,,
20131111180,2013,11,Cronulla-Sutherland Sharks,South Sydney Rabbitohs,1,14,12,0.487694896101,0.487694896101,0.461830519523,0.461830519523,19.1349944493,19.6956017978,19.1349944493,19.6956017978,True,-8.5,0,0,0,0,0,1,,,PointsBet Stadium,-2,-1.76736111111,-33.0864861024,0,0,,,,,,,
20131111210,2013,12,Canterbury-Bankstown Bulldogs,St. George Illawarra Dragons,1,16,14,0.644304736498,0.644304736498,0.863664292941,0.863664292941,21.8263189425,15.5039399855,21.8263189425,15.5039399855,True,7.5,0,0,0,0,0,1,,,ANZ Stadium,6,0.913194444444,2.33877506217,0,0,,,,,,,
20131111220,2013,12,South Sydney Rabbitohs,Newcastle Knights,1,25,18,0.729976590823,0.729976590823,0.956489325525,0.956489325525,23.2222862081,13.4141511336,23.2222862081,13.4141511336,True,7.5,0,0,0,0,0,1,,,ANZ Stadium,4,-1.125,26.2383221766,0,0,,,,,,,
20131111230,2013,12,Gold Coast Titans,North Queensland Cowboys,1,31,12,0.567697963065,0.567697963065,0.699862242989,0.699862242989,21.5624046897,18.4429107943,21.5624046897,18.4429107943,True,10,0,0,0,0,0,1,,,Cbus Super Stadium,0,-1.80902777778,-21.0968147386,0,0,,,,,,,
20131111240,2013,12,Brisbane Broncos,New Zealand Warriors,0,18,56,0.611209227351,0.611209227351,0.803095569143,0.803095569143,23.3779397161,18.1854855486,23.3779397161,18.1854855486,True,,0,0,0,0,0,1,,,Suncorp Stadium,0,1.85069444444,60.0609610486,0,0,,,,,,,
20131111310,2013,13,Parramatta Eels,Sydney Roosters,0,24,38,0.324423917437,0.324423917437,0.0928534939357,0.0928534939357,18.2995112137,26.7402178707,18.2995112137,26.7402178707,True,-14.5,0,0,0,0,0,1,,,Bankwest Stadium,-6,-0.8125,-77.5452851746,0,0,,,,,,,
20131111320,2013,13,Newcastle Knights,St. George Illawarra Dragons,0,8,14,0.644019127528,0.644019127528,0.863207752342,0.863207752342,22.7093936806,16.2540583152,22.7093936806,16.2540583152,True,8,0,0,0,0,0,1,,,McDonald Jones Stadium,0,-0.989583333333,17.115239716,0,0,,,,,,,
20131111330,2013,13,North Queensland Cowboys,Canterbury-Bankstown Bulldogs,0,26,36,0.5050967651,0.5050967651,0.515832645244,0.515832645244,19.9886529652,19.7535395836,19.9886529652,19.7535395836,True,-6.5,0,0,0,0,0,1,,,1300SMILES Stadium,-6,-1.80208333333,-3.72230180506,0,0,,,,,,,
20131111340,2013,13,New Zealand Warriors,Manly-Warringah Sea Eagles,1,18,16,0.471939671011,0.471939671011,0.413591229299,0.413591229299,19.6409694816,20.9489343959,19.6409694816,20.9489343959,True,-2.5,0,0,0,0,0,1,,,Mt Smart Stadium,1,-8.97916666667,-58.5486576147,0,0,,,,,,,
20131111350,2013,13,Penrith Panthers,Wests Tigers,0,18,20,0.706298440376,0.706298440376,0.938578746171,0.938578746171,23.6861066513,14.6371841699,23.6861066513,14.6371841699,True,12,0,0,0,0,0,1,,,Panthers Stadium,6,-0.913194444444,62.6535226169,0,0,,,,,,,
20131111360,2013,13,Melbourne Storm,Cronulla-Sutherland Sharks,1,38,6,0.702625367845,0.702625367845,0.935341324035,0.935341324035,22.310485857,13.7053502674,22.310485857,13.7053502674,True,8.5,0,0,0,0,0,1,,,AAMI Park,-3,1.97916666667,19.5512561803,0,0,,,,,,,
20131111370,2013,13,Canberra Raiders,Brisbane Broncos,1,30,18,0.586857473115,0.586857473115,0.748502953382,0.748502953382,21.6238227226,17.6704564078,21.6238227226,17.6704564078,True,8,0,0,0,0,0,1,,,GIO Stadium,2,8.97916666667,-7.73960206286,0,0,,,,,,,
20131111410,2013,14,St. George Illawarra Dragons,North Queensland Cowboys,0,16,22,0.654107167187,0.654107167187,0.878661829533,0.878661829533,21.72977807,15.0453157385,21.72977807,15.0453157385,True,5.5,0,0,0,0,0,1,,,WIN Stadium,4,0.0833333333333,-2.25356426158,0,0,,,,,,,
20131111420,2013,14,Manly-Warringah Sea Eagles,Canterbury-Bankstown Bulldogs,0,30,32,0.661953424251,0.661953424251,0.889747989317,0.889747989317,21.8649958057,14.8572492676,21.8649958057,14.8572492676,True,3.5,0,0,0,0,0,1,,,Lottoland,-3,-0.854166666667,22.2809357518,0,0,,,,,,,
20131111430,2013,14,Canberra Raiders,Penrith Panthers,1,24,12,0.545978684942,0.545978684942,0.639479340725,0.639479340725,20.9313448656,18.8147919439,20.9313448656,18.8147919439,True,12,0,0,0,0,0,1,,,GIO Stadium,0,-1.16666666667,-18.704209641,0,0,,,,,,,
20131111440,2013,14,Cronulla-Sutherland Sharks,Parramatta Eels,1,32,14,0.628535295906,0.628535295906,0.836753775259,0.836753775259,22.7260995894,16.8948260785,22.7260995894,16.8948260785,True,14.5,0,0,0,0,0,1,,,PointsBet Stadium,6,-1.94791666667,61.6439719548,0,0,,,,,,,
20131111450,2013,14,South Sydney Rabbitohs,Gold Coast Titans,1,30,24,0.705003405039,0.705003405039,0.937452326415,0.937452326415,22.8733638164,14.0546175151,22.8733638164,14.0546175151,True,10,0,0,0,0,0,1,,,Other,2,0.8125,40.9439775681,0,0,,,,,,,
20131111460,2013,14,Melbourne Storm,Newcastle Knights,1,16,14,0.7747262027,0.7747262027,0.978920870094,0.978920870094,23.7433528525,12.2045675932,23.7433528525,12.2045675932,True,12,0,0,0,0,0,1,,,AAMI Park,3,-1.04166666667,23.2999708694,0,0,,,,,,,
20131111470,2013,14,Sydney Roosters,New Zealand Warriors,0,12,23,0.632361441207,0.632361441207,0.843605141214,0.843605141214,23.4114558271,17.3225141724,23.4114558271,17.3225141724,True,10.5,0,0,0,0,0,1,,,Allianz Stadium,2,1.84375,47.0411428757,0,0,,,,,,,
20131111480,2013,14,Brisbane Broncos,Wests Tigers,1,32,12,0.614665864891,0.614665864891,0.810156766753,0.810156766753,23.4801107065,18.1268218853,23.4801107065,18.1268218853,True,10.5,0,0,0,0,0,1,,,Suncorp Stadium,-2,-1.16666666667,31.1541825758,0,0,,,,,,,
20131111510,2013,15,Canterbury-Bankstown Bulldogs,Sydney Roosters,0,18,20,0.523025895118,0.523025895118,0.571114538649,0.571114538649,19.7515500306,18.7082602102,19.7515500306,18.7082602102,True,8.5,0,0,0,0,0,1,,,ANZ Stadium,2,1.95486111111,-26.2854572934,0,0,,,,,,,
20131111520,2013,15,Wests Tigers,Canberra Raiders,1,17,12,0.407379943781,0.407379943781,0.237822635164,0.237822635164,19.5541722114,24.0020094484,19.5541722114,24.0020094484,True,-8,0,0,0,0,0,1,,,Campbelltown Stadium,-2,-2.0625,-40.7720794846,0,0,,,,,,,
20131111530,2013,15,Parramatta Eels,South Sydney Rabbitohs,0,10,30,0.341073093116,0.341073093116,0.114433493659,0.114433493659,18.4556179417,26.0771478321,18.4556179417,26.0771478321,True,-10,0,0,0,0,0,1,,,ANZ Stadium,-6,0.770833333333,-89.875515132,0,0,,,,,,,
20131111540,2013,15,Gold Coast Titans,Melbourne Storm,1,18,12,0.532101411601,0.532101411601,0.598579496665,0.598579496665,19.3885866616,17.9573766798,19.3885866616,17.9573766798,True,8.5,0,0,0,0,0,1,,,Cbus Super Stadium,-1,0.0416666666667,-33.7527742768,0,0,,,,,,,
20131111610,2013,16,South Sydney Rabbitohs,Canberra Raiders,1,32,2,0.763856383861,0.763856383861,0.974613705819,0.974613705819,23.7470133115,12.5912483215,23.7470133115,12.5912483215,True,10.5,0,0,0,0,0,1,,,ANZ Stadium,4,-0.8125,29.4313253629,0,0,,,,,,,
20131111620,2013,16,Wests Tigers,Melbourne Storm,1,22,4,0.431438157973,0.431438157973,0.297844664652,0.297844664652,18.6022546831,21.7768167894,18.6022546831,21.7768167894,True,-4.5,0,0,0,0,0,1,,,Leichhardt Oval,-1,1.97916666667,-81.4268832895,0,0,,,,,,,
20131111630,2013,16,Penrith Panthers,St. George Illawarra Dragons,1,25,10,0.66925085064,0.66925085064,0.899352484936,0.899352484936,22.1706778996,14.829164998,22.1706778996,14.829164998,True,4,0,0,0,0,0,1,,,Panthers Stadium,2,-0.913194444444,17.2455853271,0,0,,,,,,,
20131111640,2013,16,Newcastle Knights,Gold Coast Titans,1,46,16,0.521706526938,0.521706526938,0.567085070542,0.567085070542,20.1918141639,19.1957110736,20.1918141639,19.1957110736,True,4.5,0,0,0,0,0,1,,,McDonald Jones Stadium,-4,8.16666666667,-6.74304781367,0,0,,,,,,,
20131111650,2013,16,New Zealand Warriors,Brisbane Broncos,1,18,16,0.557954205609,0.557954205609,0.673396236139,0.673396236139,22.1106407269,19.3845738736,22.1106407269,19.3845738736,True,8,0,0,0,0,0,1,,,Mt Smart Stadium,4,1.02083333333,8.81547881164,0,0,,,,,,,
20131111660,2013,16,North Queensland Cowboys,Cronulla-Sutherland Sharks,1,24,4,0.468571070584,0.468571070584,0.403438705043,0.403438705043,20.4170054042,21.9146825324,20.4170054042,21.9146825324,True,7.5,0,0,0,0,0,1,,,1300SMILES Stadium,-6,0.996527777778,-9.59863733144,0,0,,,,,,,
20131111670,2013,16,Sydney Roosters,Manly-Warringah Sea Eagles,1,18,12,0.632864017146,0.632864017146,0.844489619677,0.844489619677,20.8827929255,15.1560259511,20.8827929255,15.1560259511,True,3.5,0,0,0,0,0,1,,,Allianz Stadium,3,-7.00694444444,2.72763689193,0,0,,,,,,,
20131111710,2013,17,Melbourne Storm,Brisbane Broncos,1,32,0,0.729012526316,0.729012526316,0.955853138119,0.955853138119,24.1411206172,14.1414355754,24.1411206172,14.1414355754,True,9.5,0,0,0,0,0,1,,,AAMI Park,4,0.9375,43.214192314,0,0,,,,,,,
20131111720,2013,17,Cronulla-Sutherland Sharks,Wests Tigers,1,36,22,0.571205397201,0.571205397201,0.709116096402,0.709116096402,21.5528246373,18.2807316038,21.5528246373,18.2807316038,True,4,0,0,0,0,0,1,,,PointsBet Stadium,-2,-1.04166666667,36.8211730743,0,0,,,,,,,
20131111730,2013,17,St. George Illawarra Dragons,Sydney Roosters,0,0,36,0.475857705955,0.475857705955,0.425482443891,0.425482443891,18.212253525,19.2915279293,18.212253525,19.2915279293,True,-12,0,0,0,0,0,1,,,Netstrata Jubilee Stadium,-4,1.97916666667,-32.3836056907,0,0,,,,,,,
20131111740,2013,17,Gold Coast Titans,Penrith Panthers,0,18,40,0.560064905615,0.560064905615,0.679220422937,0.679220422937,21.5425005796,18.7611514505,21.5425005796,18.7611514505,True,1.5,0,0,0,0,0,1,,,TIO Stadium,0,-0.770833333333,8.14375816328,0,0,,,,,,,
20131111750,2013,17,Canberra Raiders,North Queensland Cowboys,1,26,18,0.497249782698,0.497249782698,0.491454880525,0.491454880525,20.9866791132,21.1174946176,20.9866791132,21.1174946176,True,4,0,0,0,0,0,1,,,GIO Stadium,0,1.94791666667,10.5855562703,0,0,,,,,,,
20131111760,2013,17,Canterbury-Bankstown Bulldogs,Newcastle Knights,0,12,18,0.557577001417,0.557577001417,0.6723502875,0.6723502875,21.9703184172,19.2706858397,21.9703184172,19.2706858397,True,5.5,0,0,0,0,0,1,,,Other,6,8.76041666667,3.60123660956,0,0,,,,,,,
20131111770,2013,17,South Sydney Rabbitohs,New Zealand Warriors,1,30,13,0.719913272036,0.719913272036,0.949474401259,0.949474401259,24.1174248981,14.4610780377,24.1174248981,14.4610780377,True,9.5,0,0,0,0,0,1,,,HBF Park,-2,1.84375,37.834969566,0,0,,,,,,,
20131111780,2013,17,Manly-Warringah Sea Eagles,Parramatta Eels,1,50,10,0.739470527968,0.739470527968,0.962371410133,0.962371410133,25.6403746565,14.8805109051,25.6403746565,14.8805109051,True,18,0,0,0,0,0,1,,,Lottoland,3,-8.16666666667,70.7680533146,0,0,,,,,,,
20131111810,2013,18,Brisbane Broncos,Cronulla-Sutherland Sharks,0,18,19,0.50035251113,0.50035251113,0.501095371023,0.501095371023,20.9395355927,20.9228192062,20.9395355927,20.9228192062,True,-3.5,0,0,0,0,0,1,,,Suncorp Stadium,-4,0,-1.13319680087,0,0,,,,,,,
20131111820,2013,18,Parramatta Eels,Penrith Panthers,0,10,17,0.358817290761,0.358817290761,0.141387243232,0.141387243232,19.0894574681,25.9241427494,19.0894574681,25.9241427494,True,-10.5,0,0,0,0,0,1,,,Bankwest Stadium,-6,-2,-63.2722310553,0,0,,,,,,,
20131111830,2013,18,Canterbury-Bankstown Bulldogs,Melbourne Storm,1,39,0,0.487722919138,0.487722919138,0.461917142719,0.461917142719,19.183809191,19.7438828236,19.183809191,19.7438828236,True,12.5,0,0,0,0,0,1,,,ANZ Stadium,0,-1.80902777778,-9.1943281543,0,0,,,,,,,
20131111840,2013,18,North Queensland Cowboys,Manly-Warringah Sea Eagles,0,14,34,0.447768717677,0.447768717677,0.342633837356,0.342633837356,18.9817060637,21.4050770188,18.9817060637,21.4050770188,True,-8.5,0,0,0,0,0,1,,,1300SMILES Stadium,0,1.20833333333,-15.0687590942,0,0,,,,,,,
20131111910,2013,19,Wests Tigers,New Zealand Warriors,0,14,24,0.493774939713,0.493774939713,0.480665255912,0.480665255912,21.19453456,21.4927892895,21.19453456,21.4927892895,True,-4,0,0,0,0,0,1,,,Leichhardt Oval,-2,1.87152777778,-22.296430982,0,0,,,,,,,
20131111920,2013,19,Canberra Raiders,Parramatta Eels,1,14,0,0.744471709671,0.744471709671,0.965203102294,0.965203102294,26.4892681876,15.3272783844,26.4892681876,15.3272783844,True,18,0,0,0,0,0,1,,,GIO Stadium,6,6.14583333333,56.3459512439,0,0,,,,,,,
20131111930,2013,19,Sydney Roosters,Cronulla-Sutherland Sharks,1,40,0,0.765817989133,0.765817989133,0.975438842938,0.975438842938,23.5085387969,12.351111838,23.5085387969,12.351111838,True,10.5,0,0,0,0,0,1,,,Allianz Stadium,2,6.09375,29.0756578653,0,0,,,,,,,
20131111940,2013,19,Penrith Panthers,Newcastle Knights,0,14,32,0.675064138669,0.675064138669,0.90653358445,0.90653358445,21.9179631208,14.4074189605,21.9179631208,14.4074189605,True,-1.5,0,0,0,0,0,1,,,Panthers Stadium,2,-6.10416666667,0.429464677692,0,0,,,,,,,
20131111950,2013,19,Manly-Warringah Sea Eagles,Gold Coast Titans,1,38,20,0.717034142536,0.717034142536,0.947309855525,0.947309855525,23.927558249,14.4228391645,23.927558249,14.4228391645,True,16,0,0,0,0,0,1,,,Lottoland,0,-9,26.3238296413,0,0,,,,,,,
20131111960,2013,19,South Sydney Rabbitohs,St. George Illawarra Dragons,0,18,22,0.805467011751,0.805467011751,0.988049681041,0.988049681041,25.5027062311,12.3235719582,25.5027062311,12.3235719582,True,16,0,0,0,0,0,1,,,ANZ Stadium,8,-0.958333333333,62.177612906,0,0,,,,,,,
20131112010,2013,20,North Queensland Cowboys,Brisbane Broncos,0,16,18,0.57837741762,0.57837741762,0.72756052139,0.72756052139,23.350767567,19.605936951,23.350767567,19.605936951,True,6,0,0,0,0,0,1,,,1300SMILES Stadium,2,-2.96875,17.8261066796,0,0,,,,,,,
20131112020,2013,20,Canterbury-Bankstown Bulldogs,Parramatta Eels,1,40,12,0.811523312013,0.811523312013,0.989402980377,0.989402980377,28.0723758914,13.8653144664,28.0723758914,13.8653144664,True,22,0,0,0,0,0,1,,,ANZ Stadium,6,6.10416666667,65.5267419655,0,0,,,,,,,
20131112030,2013,20,St. George Illawarra Dragons,Canberra Raiders,0,18,22,0.525169298602,0.525169298602,0.577642512747,0.577642512747,20.4691586236,19.308289001,20.4691586236,19.308289001,True,-2,0,0,0,0,0,1,,,WIN Stadium,-2,-2.0625,-23.4076001856,0,0,,,,,,,
20131112040,2013,20,Gold Coast Titans,South Sydney Rabbitohs,0,4,32,0.418235509264,0.418235509264,0.263959759544,0.263959759544,19.6415387785,23.5578633813,19.6415387785,23.5578633813,True,-8,0,0,0,0,0,1,,,Cbus Super Stadium,-6,1.16666666667,-59.185003192,0,0,,,,,,,
20131112050,2013,20,New Zealand Warriors,Melbourne Storm,1,30,22,0.522793579957,0.522793579957,0.570405625665,0.570405625665,20.4387115531,19.3866198778,20.4387115531,19.3866198778,True,-2,0,0,0,0,0,1,,,Mt Smart Stadium,4,-5.19791666667,-31.0351181481,0,0,,,,,,,
20131112060,2013,20,Cronulla-Sutherland Sharks,Penrith Panthers,1,38,10,0.496087243886,0.496087243886,0.487843876854,0.487843876854,19.9064114237,20.0875146304,19.9064114237,20.0875146304,True,6,0,0,0,0,0,1,,,PointsBet Stadium,0,0.770833333333,-19.6970611981,0,0,,,,,,,
20131112070,2013,20,Newcastle Knights,Sydney Roosters,0,12,28,0.540544712685,0.540544712685,0.623646320355,0.623646320355,19.117066016,17.3337177767,19.117066016,17.3337177767,True,-6,0,0,0,0,0,1,,,McDonald Jones Stadium,-2,-0.770833333333,-16.1231378085,0,0,,,,,,,
20131112080,2013,20,Wests Tigers,Manly-Warringah Sea Eagles,0,18,36,0.406424117345,0.406424117345,0.235599035179,0.235599035179,18.764439034,23.1680007675,18.764439034,23.1680007675,True,-12,0,0,0,0,0,1,,,Campbelltown Stadium,-2,1.80208333333,-58.8883589841,0,0,,,,,,,
20131112110,2013,21,Penrith Panthers,Sydney Roosters,0,6,42,0.427913495063,0.427913495063,0.288582957636,0.288582957636,18.7127279961,22.066380316,18.7127279961,22.066380316,True,-13.5,0,0,0,0,0,1,,,Panthers Stadium,-4,0.0416666666667,-42.962353166,0,0,,,,,,,
20131112130,2013,21,Parramatta Eels,Manly-Warringah Sea Eagles,0,6,40,0.335195042309,0.335195042309,0.106419361164,0.106419361164,17.9779483816,25.8005948131,17.9779483816,25.8005948131,True,-20,0,0,0,0,0,1,,,Bankwest Stadium,-8,2.97569444444,-94.6634287938,0,0,,,,,,,
20131112140,2013,21,New Zealand Warriors,Cronulla-Sutherland Sharks,0,14,18,0.619083879261,0.619083879261,0.818930242652,0.818930242652,22.8366569919,17.3809277643,22.8366569919,17.3809277643,True,8,0,0,0,0,0,1,,,Mt Smart Stadium,2,0,18.4843251692,0,0,,,,,,,
20131112150,2013,21,North Queensland Cowboys,South Sydney Rabbitohs,1,30,12,0.399992980098,0.399992980098,0.220972240269,0.220972240269,18.3004671846,22.9614599516,18.3004671846,22.9614599516,True,-8,0,0,0,0,0,1,,,1300SMILES Stadium,-4,0.996527777778,-49.8264775032,0,0,,,,,,,
20131112160,2013,21,Canberra Raiders,Melbourne Storm,0,4,68,0.567100700088,0.567100700088,0.698271622433,0.698271622433,20.7699230015,17.73963156,20.7699230015,17.73963156,True,-4,0,0,0,0,0,1,leadership_change,,GIO Stadium,4,0.854166666667,-12.7486722577,0,0,8,leadership-raiders-2013-furner-dunemann,effective,-3,home,raiders,1
20131112170,2013,21,Gold Coast Titans,Wests Tigers,1,36,6,0.631474440337,0.631474440337,0.842035369906,0.842035369906,26.1671063121,19.7242172295,26.1671063121,19.7242172295,True,3.5,0,0,0,0,0,1,,,Cbus Super Stadium,-2,1.97916666667,16.3627637502,0,0,,,,,,,
20131112180,2013,21,St. George Illawarra Dragons,Canterbury-Bankstown Bulldogs,0,20,39,0.434441757431,0.434441757431,0.305855847785,0.305855847785,20.2953738394,23.4641935712,20.2953738394,23.4641935712,True,-6,0,0,0,0,0,1,,,Netstrata Jubilee Stadium,-4,-0.913194444444,-42.7319411448,0,0,,,,,,,
20131112210,2013,22,Melbourne Storm,South Sydney Rabbitohs,1,26,8,0.702556162634,0.702556162634,0.935279056387,0.935279056387,21.0245180526,12.7162807389,21.0245180526,12.7162807389,True,8.5,0,0,0,0,0,1,,,AAMI Park,-2,-0.770833333333,-42.0572286842,0,0,,,,,,,
20131112220,2013,22,Parramatta Eels,Wests Tigers,1,26,22,0.560132928544,0.560132928544,0.679407308287,0.679407308287,22.411763126,19.566534456,22.411763126,19.566534456,True,4.5,0,0,0,0,0,1,,,Bankwest Stadium,-2,0.895833333333,-31.9650031759,0,0,,,,,,,
20131112230,2013,22,Cronulla-Sutherland Sharks,Newcastle Knights,0,14,18,0.563441882322,0.563441882322,0.688435560115,0.688435560115,20.9310151498,18.0461910257,20.9310151498,18.0461910257,True,5.5,0,0,0,0,0,1,,,PointsBet Stadium,1,-0.892361111111,-26.9274755311,0,0,,,,,,,
20131112240,2013,22,Sydney Roosters,Canberra Raiders,1,28,22,0.813048304358,0.813048304358,0.989723917146,0.989723917146,24.9394061352,11.6633852349,24.9394061352,11.6633852349,True,13.5,0,0,0,0,0,1,leadership_change,,Allianz Stadium,4,1.76736111111,57.0066745948,0,0,8,leadership-raiders-2013-furner-dunemann,effective,-2,away,raiders,1
20131112250,2013,22,Brisbane Broncos,St. George Illawarra Dragons,1,26,24,0.669212645597,0.669212645597,0.899303929776,0.899303929776,25.0647226977,17.18934202,25.0647226977,17.18934202,True,8.5,0,0,0,0,0,1,,,Suncorp Stadium,1,2.97569444444,-0.314675698106,0,0,,,,,,,
20131112260,2013,22,Manly-Warringah Sea Eagles,New Zealand Warriors,1,27,12,0.730964345674,0.730964345674,0.957133520161,0.957133520161,24.3203469644,14.2046506408,24.3203469644,14.2046506408,True,8.5,0,0,0,0,0,1,,,Lottoland,4,-0.0208333333333,33.2260770986,0,0,,,,,,,
20131112270,2013,22,Penrith Panthers,North Queensland Cowboys,0,4,36,0.556924126058,0.556924126058,0.670536319214,0.670536319214,23.9280359577,21.1307114355,23.9280359577,21.1307114355,True,-6,0,0,0,0,0,1,,,Panthers Stadium,0,0.996527777778,3.80715303245,0,0,,,,,,,
20131112280,2013,22,Canterbury-Bankstown Bulldogs,Gold Coast Titans,0,16,26,0.678654864901,0.678654864901,0.910767258527,0.910767258527,24.3167396869,16.2007257245,24.3167396869,16.2007257245,True,14.5,0,0,0,0,0,1,,,ANZ Stadium,4,-1.16666666667,49.134822115,0,0,,,,,,,
20131112310,2013,23,Brisbane Broncos,Parramatta Eels,1,22,12,0.737807534552,0.737807534552,0.961389999612,0.961389999612,27.1893001003,16.1181676279,27.1893001003,16.1181676279,True,14,0,0,0,0,0,1,,,Suncorp Stadium,3,-1.80902777778,54.4251564634,0,0,,,,,,,
20131112320,2013,23,South Sydney Rabbitohs,Manly-Warringah Sea Eagles,1,22,10,0.615574240468,0.615574240468,0.811983712001,0.811983712001,20.573506444,15.5673001513,20.573506444,15.5673001513,True,-1.5,0,0,0,0,0,1,,,Central Coast Stadium,-6,1.76736111111,-8.5498274439,0,0,,,,,,,
20131112330,2013,23,North Queensland Cowboys,Gold Coast Titans,1,22,10,0.603148947498,0.603148947498,0.785960017843,0.785960017843,22.7183134807,17.9503190523,22.7183134807,17.9503190523,True,9.5,0,0,0,0,0,1,,,1300SMILES Stadium,0,1.02083333333,9.90139140178,0,0,,,,,,,
20131112340,2013,23,St. George Illawarra Dragons,Cronulla-Sutherland Sharks,0,18,22,0.482528391386,0.482528391386,0.445900239374,0.445900239374,20.7450942311,21.5781692639,20.7450942311,21.5781692639,True,-10.5,0,0,0,0,0,1,,,WIN Stadium,-4,-0.8125,-20.3731924205,0,0,,,,,,,
20131112350,2013,23,Canberra Raiders,Canterbury-Bankstown Bulldogs,0,16,28,0.437212411022,0.437212411022,0.313339785274,0.313339785274,21.9045183175,25.0559306334,21.9045183175,25.0559306334,True,1.5,0,0,0,0,0,1,leadership_change,,GIO Stadium,0,2.0625,-63.053819893,0,0,8,leadership-raiders-2013-furner-dunemann,effective,-1,home,raiders,1
20131112360,2013,23,New Zealand Warriors,Penrith Panthers,0,24,28,0.654403315543,0.654403315543,0.879094887148,0.879094887148,25.1697461591,17.8887468975,25.1697461591,17.8887468975,True,15.5,0,0,0,0,0,1,,,Mt Smart Stadium,2,0.1875,18.944049088,0,0,,,,,,,
20131112370,2013,23,Newcastle Knights,Melbourne Storm,0,10,23,0.536020164517,0.536020164517,0.610278918477,0.610278918477,19.7951751754,18.1754673649,19.7951751754,18.1754673649,True,-6.5,0,0,0,0,0,1,,,McDonald Jones Stadium,1,-0.996527777778,-14.6451037581,0,0,,,,,,,
20131112380,2013,23,Wests Tigers,Sydney Roosters,0,14,56,0.343293346902,0.343293346902,0.117576403733,0.117576403733,18.7434317044,26.3081678615,18.7434317044,26.3081678615,True,-24.5,0,0,0,0,0,1,,,Allianz Stadium,-10,0.913194444444,-106.896493816,0,0,,,,,,,
20131112410,2013,24,South Sydney Rabbitohs,Canterbury-Bankstown Bulldogs,1,28,20,0.714406023076,0.714406023076,0.945270104055,0.945270104055,24.3121453741,14.8172544304,24.3121453741,14.8172544304,True,9.5,0,0,0,0,0,1,,,ANZ Stadium,-4,0.809027777778,2.08035958582,0,0,,,,,,,
20131112420,2013,24,Penrith Panthers,Brisbane Broncos,1,28,12,0.580561771983,0.580561771983,0.733046474184,0.733046474184,23.2139382948,19.3830941279,23.2139382948,19.3830941279,True,-2,0,0,0,0,0,1,,,Panthers Stadium,-5,-1.85069444444,-16.2360022347,0,0,,,,,,,
20131112430,2013,24,North Queensland Cowboys,Newcastle Knights,1,26,6,0.59825465656,0.59825465656,0.775100248218,0.775100248218,22.0445272437,17.5621498041,22.0445272437,17.5621498041,True,4.5,0,0,0,0,0,1,,,1300SMILES Stadium,1,0.895833333333,-4.39332744603,0,0,,,,,,,
20131112440,2013,24,Gold Coast Titans,New Zealand Warriors,0,22,24,0.617371283935,0.617371283935,0.815562801626,0.815562801626,24.8990052164,19.2478577938,24.8990052164,19.2478577938,True,-1.5,0,0,0,0,0,1,,,Cbus Super Stadium,0,0.9375,1.58027251714,0,0,,,,,,,
20131112450,2013,24,St. George Illawarra Dragons,Wests Tigers,0,18,34,0.664187226047,0.664187226047,0.892759106123,0.892759106123,26.6276881361,18.6897936439,26.6276881361,18.6897936439,True,7.5,0,0,0,0,0,1,,,Netstrata Jubilee Stadium,2,1.97916666667,25.094875938,0,0,,,,,,,
20131112460,2013,24,Melbourne Storm,Parramatta Eels,1,64,4,0.864454430443,0.864454430443,0.996850176685,0.996850176685,27.8724403926,11.6014884331,27.8724403926,11.6014884331,True,29.5,0,0,0,0,0,1,,,AAMI Park,4,-1.80902777778,104.757445818,0,0,,,,,,,
20131112470,2013,24,Canberra Raiders,Manly-Warringah Sea Eagles,0,22,36,0.438959352572,0.438959352572,0.318103763297,0.318103763297,19.6597210538,22.5562358455,19.6597210538,22.5562358455,True,-7.5,1,0,1,1,1,1,leadership_change,0,GIO Stadium,-4,-0.809027777778,-67.7078258515,0,0,8,leadership-raiders-2013-furner-dunemann,effective,0,home,raiders,1
20131112480,2013,24,Cronulla-Sutherland Sharks,Sydney Roosters,1,32,22,0.475324264508,0.475324264508,0.42385861453,0.42385861453,19.5617573294,20.7073367082,19.5617573294,20.7073367082,True,-7.5,0,0,0,0,0,1,,,PointsBet Stadium,-4,1.97916666667,-58.8266207497,0,0,,,,,,,
20131112510,2013,25,Wests Tigers,South Sydney Rabbitohs,0,18,32,0.439583703107,0.439583703107,0.319814721638,0.319814721638,19.307749778,22.1473532948,19.307749778,22.1473532948,True,-24,0,0,0,0,0,1,,,Allianz Stadium,-4,-0.809027777778,-88.1757423279,0,0,,,,,,,
20131112520,2013,25,Brisbane Broncos,Newcastle Knights,0,18,26,0.586020112297,0.586020112297,0.746477972444,0.746477972444,22.82834337,18.7913533713,22.82834337,18.7913533713,True,2,0,0,0,0,0,1,,,Suncorp Stadium,4,0.996527777778,-29.5341853134,0,0,,,,,,,
20131112530,2013,25,Canterbury-Bankstown Bulldogs,Penrith Panthers,1,34,14,0.718445401073,0.718445401073,0.948379894072,0.948379894072,27.0489230827,16.7829157981,27.0489230827,16.7829157981,True,7.5,0,0,0,0,0,1,,,ANZ Stadium,2,0,50.2727312481,0,0,,,,,,,
20131112540,2013,25,Manly-Warringah Sea Eagles,Melbourne Storm,1,28,8,0.623020858507,0.623020858507,0.826510840847,0.826510840847,21.1487616501,15.7673474987,21.1487616501,15.7673474987,True,-4,0,0,0,0,0,1,,,Lottoland,0,0.0416666666667,-6.51466698876,0,0,,,,,,,
20131112550,2013,25,New Zealand Warriors,Canberra Raiders,1,50,16,0.668768542271,0.668768542271,0.898738195613,0.898738195613,26.626315948,18.4936186426,26.626315948,18.4936186426,True,10,0,1,1,1,1,1,leadership_change,1,Mt Smart Stadium,2,0.854166666667,17.8670517133,0,0,8,leadership-raiders-2013-furner-dunemann,effective,1,away,raiders,1
20131112560,2013,25,Cronulla-Sutherland Sharks,North Queensland Cowboys,0,18,31,0.590620137286,0.590620137286,0.757483629736,0.757483629736,22.7732721391,18.5401731732,22.7732721391,18.5401731732,True,1.5,0,0,0,0,0,1,,,PointsBet Stadium,0,-1.97916666667,-18.9686979388,0,0,,,,,,,
20131112570,2013,25,Sydney Roosters,Gold Coast Titans,0,22,30,0.760259204822,0.760259204822,0.973043037922,0.973043037922,25.9003011779,14.2864440898,25.9003011779,14.2864440898,True,24.5,0,0,0,0,0,1,,,Allianz Stadium,4,-2.0625,68.9138668665,0,0,,,,,,,
20131112580,2013,25,Parramatta Eels,St. George Illawarra Dragons,1,26,22,0.532121693494,0.532121693494,0.598640318995,0.598640318995,22.6928429235,21.133827101,22.6928429235,21.133827101,True,-2,0,0,0,0,0,1,,,Bankwest Stadium,2,-1,-41.6695012803,0,0,,,,,,,
20131112610,2013,26,Brisbane Broncos,Canterbury-Bankstown Bulldogs,1,16,11,0.489389604325,0.489389604325,0.467072647349,0.467072647349,22.2156834705,22.7381246458,22.2156834705,22.7381246458,True,-6,0,0,0,0,0,1,,,Suncorp Stadium,-1,0.913194444444,-45.3165536155,0,0,,,,,,,
20131112620,2013,26,South Sydney Rabbitohs,Sydney Roosters,0,12,24,0.621902282786,0.621902282786,0.824379777833,0.824379777833,20.7160370266,15.4409715732,20.7160370266,15.4409715732,True,6,0,0,0,0,0,1,,,ANZ Stadium,0,1.80902777778,-19.6158203851,0,0,,,,,,,
20131112630,2013,26,St. George Illawarra Dragons,New Zealand Warriors,1,19,10,0.485129928726,0.485129928726,0.453911178959,0.453911178959,22.6466392153,23.3879948526,22.6466392153,23.3879948526,True,-10,0,0,0,0,0,1,,,WIN Stadium,-4,-2.08333333333,-27.670008062,0,0,,,,,,,
20131112640,2013,26,North Queensland Cowboys,Wests Tigers,1,50,22,0.795926610807,0.795926610807,0.985644705607,0.985644705607,27.857498482,14.3283699498,27.857498482,14.3283699498,True,16,0,0,0,0,0,1,,,1300SMILES Stadium,8,-1.76736111111,70.1173125798,0,0,,,,,,,
20131112650,2013,26,Melbourne Storm,Gold Coast Titans,1,23,22,0.820110093111,0.820110093111,0.991112024974,0.991112024974,26.2552912496,12.2893518111,26.2552912496,12.2893518111,True,17.5,0,0,0,0,0,1,,,AAMI Park,2,0.8125,64.3573294394,0,0,,,,,,,
20131112660,2013,26,Newcastle Knights,Parramatta Eels,1,54,6,0.774769882205,0.774769882205,0.978936912747,0.978936912747,27.7864287201,15.1071065266,27.7864287201,15.1071065266,True,20,0,0,0,0,0,1,,,McDonald Jones Stadium,1,2.97569444444,85.1398741413,0,0,,,,,,,
20131112670,2013,26,Canberra Raiders,Cronulla-Sutherland Sharks,0,18,38,0.479395694797,0.479395694797,0.436287339292,0.436287339292,22.0266249191,23.0421914353,22.0266249191,23.0421914353,True,6,1,0,1,1,1,1,leadership_change,2,GIO Stadium,-6,0.875,-33.5235533908,0,0,8,leadership-raiders-2013-furner-dunemann,effective,2,home,raiders,1
20131112680,2013,26,Manly-Warringah Sea Eagles,Penrith Panthers,0,26,38,0.807055306047,0.807055306047,0.988417053346,0.988417053346,27.1000646647,13.3651252705,27.1000646647,13.3651252705,True,10.5,0,0,0,0,0,1,,,Lottoland,4,-0.0833333333333,55.612976217,0,0,,,,,,,
20131112710,2013,27,South Sydney Rabbitohs,Melbourne Storm,1,20,10,0.609904388028,0.609904388028,0.800385135629,0.800385135629,21.0789675985,16.2318263929,21.0789675985,16.2318263929,True,1.5,0,0,0,0,0,1,,,ANZ Stadium,-2,0.90625,-15.2142081812,0,0,,,,,,,
20131112720,2013,27,Cronulla-Sutherland Sharks,North Queensland Cowboys,1,20,18,0.603622159571,0.603622159571,0.786991859459,0.786991859459,24.2302499619,19.2671911581,24.2302499619,19.2671911581,True,2,0,0,0,0,0,1,,,Allianz Stadium,-4,-0.979166666667,-25.0384267249,0,0,,,,,,,
20131112730,2013,27,Sydney Roosters,Manly-Warringah Sea Eagles,1,4,0,0.638895321608,0.638895321608,0.854825956762,0.854825956762,21.8752215539,15.7568527172,21.8752215539,15.7568527172,True,2.5,0,0,0,0,0,1,,,Allianz Stadium,0,1.76041666667,-3.39395079049,0,0,,,,,,,
20131112740,2013,27,Newcastle Knights,Canterbury-Bankstown Bulldogs,1,22,6,0.928568714114,0.928568714114,0.928568714114,0.928568714114,24.5676475251,15.7453300121,24.5676475251,15.7453300121,False,,0,0,0,0,0,1,,,ANZ Stadium,2,-2.80208333333,-19.7394329066,0,0,,,,,,,
20131112810,2013,28,Manly-Warringah Sea Eagles,Cronulla-Sutherland Sharks,1,24,18,0.716300006076,0.716300006076,0.94674627455,0.94674627455,24.4264058604,14.8338816434,24.4264058604,14.8338816434,True,10,0,0,0,0,0,1,,,Allianz Stadium,-4,-0.125,26.294510139,0,0,,,,,,,
20131112820,2013,28,Melbourne Storm,Newcastle Knights,0,16,18,0.779373995296,0.779373995296,0.980574156296,0.980574156296,24.8537981513,12.8243837129,24.8537981513,12.8243837129,True,8,0,0,0,0,0,1,,,AAMI Park,0,1.84375,24.7907238033,0,0,,,,,,,
20131112910,2013,29,South Sydney Rabbitohs,Manly-Warringah Sea Eagles,0,20,30,0.695036854659,0.695036854659,0.928225620636,0.928225620636,21.6611688576,13.4745058099,21.6611688576,13.4745058099,True,6.5,0,0,0,0,0,1,,,ANZ Stadium,2,7,-6.52708780442,0,0,,,,,,,
20131112920,2013,29,Sydney Roosters,Newcastle Knights,1,40,14,0.744671197509,0.744671197509,0.965312404899,0.965312404899,24.521926341,13.8497432898,24.521926341,13.8497432898,True,7.5,0,0,0,0,0,1,,,Allianz Stadium,-2,7.03125,22.9297826451,0,0,,,,,,,
20131113010,2013,30,Sydney Roosters,Manly-Warringah Sea Eagles,1,26,18,0.634939018319,0.634939018319,0.848103532183,0.848103532183,21.7073963225,15.7713282191,21.7073963225,15.7713282191,True,3.5,0,0,0,0,0,1,,,Allianz Stadium,0,-1,13.7443573174,0,0,,,,,,,
20141110110,2014,1,South Sydney Rabbitohs,Sydney Roosters,1,28,8,0.4860561503,0.4860561503,0.485971596741,0.485971596741,18.9901484866,19.3347020031,18.9901484866,19.3347020031,True,-3.5,0,0,0,0,0,1,,,ANZ Stadium,0,0,-23.6487645189,0,0,,,,,,,
20141110120,2014,1,Canterbury-Bankstown Bulldogs,Brisbane Broncos,0,12,18,0.552462873474,0.552462873474,0.552778805032,0.552778805032,21.8533952928,17.4373423947,21.8533952928,17.4373423947,True,4,0,0,0,0,0,1,,,ANZ Stadium,0,0,43.6645612124,0,0,,,,,,,
20141110130,2014,1,Penrith Panthers,Newcastle Knights,1,30,8,0.536168811134,0.536168811134,0.53638747531,0.53638747531,19.8668162331,18.7364805166,19.8668162331,18.7364805166,True,1.5,0,0,0,0,0,1,serious_human_event,,Panthers Stadium,0,0,-51.1887760041,0,0,34,human-knights-mckinnon-injury-2014,announcement,-3,away,knights,1
20141110140,2014,1,Manly-Warringah Sea Eagles,Melbourne Storm,0,22,23,0.51370010005,0.51370010005,0.513783177052,0.513783177052,20.0555746719,18.4627832049,20.0555746719,18.4627832049,True,5.5,0,0,0,0,0,1,,,Lottoland,0,0,1.36924011333,0,0,,,,,,,
20141110150,2014,1,North Queensland Cowboys,Canberra Raiders,1,28,22,0.599156024161,0.599156024161,0.599741566607,0.599741566607,21.7948596696,16.0151162464,21.7948596696,16.0151162464,True,10,0,0,0,0,0,1,leadership_change,,1300SMILES Stadium,0,0,71.5218789663,0,0,8,leadership-raiders-2013-furner-dunemann,effective,3,away,raiders,1
20141110160,2014,1,St. George Illawarra Dragons,Wests Tigers,1,44,24,0.537476357148,0.537476357148,0.537702867255,0.537702867255,20.9485072593,20.5973612932,20.9485072593,20.5973612932,True,1.5,0,0,0,0,0,1,,,ANZ Stadium,0,0,4.60335330542,0,0,,,,,,,
20141110170,2014,1,Parramatta Eels,New Zealand Warriors,1,36,16,0.445628095366,0.445628095366,0.445300849476,0.445300849476,19.1574857735,23.1216671523,19.1574857735,23.1216671523,True,-4,0,0,0,0,0,1,,,Bankwest Stadium,0,0,-80.6307909094,0,0,,,,,,,
20141110180,2014,1,Cronulla-Sutherland Sharks,Gold Coast Titans,0,12,18,0.55303287287,0.55303287287,0.553352184673,0.553352184673,20.1877215489,17.8102705251,20.1877215489,17.8102705251,True,1.5,0,0,0,0,0,1,,,PointsBet Stadium,0,0,7.73877717385,0,0,,,,,,,
20141110210,2014,2,Manly-Warringah Sea Eagles,South Sydney Rabbitohs,1,14,12,0.483655647326,0.483655647326,0.483556556861,0.483556556861,20.1474333839,18.0914395743,20.1474333839,18.0914395743,True,-7.5,0,0,0,0,0,1,,,Central Coast Stadium,-2,-1.95486111111,4.35861662174,0,0,,,,,,,
20141110220,2014,2,Brisbane Broncos,North Queensland Cowboys,1,16,12,0.503616802693,0.503616802693,0.50363874519,0.50363874519,19.7596357142,18.9880453934,19.7596357142,18.9880453934,True,-2,0,0,0,0,0,1,,,Suncorp Stadium,0,0.996527777778,-24.1408955395,0,0,,,,,,,
20141110230,2014,2,New Zealand Warriors,St. George Illawarra Dragons,0,12,31,0.571706026973,0.571706026973,0.572135026175,0.572135026175,21.430026187,19.5054416132,21.430026187,19.5054416132,True,8.5,0,0,0,0,0,1,,,Other,-2,-0.145833333333,14.9042395354,0,0,,,,,,,
20141110240,2014,2,Melbourne Storm,Penrith Panthers,1,18,17,0.546543070616,0.546543070616,0.546823800187,0.546823800187,21.3710975033,15.8933147816,21.3710975033,15.8933147816,True,10,0,0,0,0,0,1,,,AAMI Park,0,-0.104166666667,23.115373077,0,0,,,,,,,
20141110250,2014,2,Sydney Roosters,Parramatta Eels,1,56,4,0.582897462165,0.582897462165,0.583391052901,0.583391052901,21.933749106,17.0880831771,21.933749106,17.0880831771,True,10.5,0,0,0,0,0,1,,,Allianz Stadium,-2,2.93402777778,72.7896011953,0,0,,,,,,,
20141110260,2014,2,Gold Coast Titans,Wests Tigers,0,12,42,0.600233054474,0.600233054474,0.600824600051,0.600824600051,24.5347760218,15.2293633935,24.5347760218,15.2293633935,True,9.5,0,0,0,0,0,1,,,Cbus Super Stadium,2,-1.16666666667,28.5581958651,0,0,,,,,,,
20141110270,2014,2,Newcastle Knights,Canberra Raiders,0,20,26,0.576789294201,0.576789294201,0.577247750714,0.577247750714,22.162637388,16.9507073752,22.162637388,16.9507073752,True,4.5,0,0,0,0,0,1,serious_human_event,,McDonald Jones Stadium,0,0.145833333333,30.9428116303,0,0,34,human-knights-mckinnon-injury-2014,announcement,-2,home,knights,1
20141110280,2014,2,Canterbury-Bankstown Bulldogs,Cronulla-Sutherland Sharks,1,42,4,0.519545807819,0.519545807819,0.519664270976,0.519664270976,19.8763369388,18.4071237438,19.8763369388,18.4071237438,True,10.5,0,0,0,0,0,1,,,ANZ Stadium,0,2.95486111111,0.236305734439,0,0,,,,,,,
20141110310,2014,3,Wests Tigers,South Sydney Rabbitohs,1,25,16,0.522404567253,0.522404567253,0.522540312871,0.522540312871,19.7699850651,19.350790576,19.7699850651,19.350790576,True,-12,0,0,0,0,0,1,,,ANZ Stadium,0,-1.76388888889,-56.6058236683,0,0,,,,,,,
20141110320,2014,3,Brisbane Broncos,Sydney Roosters,0,26,30,0.51322111929,0.51322111929,0.513301294552,0.513301294552,19.5292921876,18.6358686056,19.5292921876,18.6358686056,True,-6,0,0,0,0,0,1,,,Suncorp Stadium,2,0.993055555556,-24.0188212631,0,0,,,,,,,
20141110330,2014,3,Penrith Panthers,Canterbury-Bankstown Bulldogs,1,18,16,0.518267147887,0.518267147887,0.518377875774,0.518377875774,20.624283576,19.9267636156,20.624283576,19.9267636156,True,4,0,0,0,0,0,1,,,Panthers Stadium,0,2.0625,3.85670088306,0,0,,,,,,,
20141110340,2014,3,Cronulla-Sutherland Sharks,St. George Illawarra Dragons,0,12,14,0.523377016453,0.523377016453,0.523518636976,0.523518636976,19.863515366,19.8613264967,19.863515366,19.8613264967,True,-4.5,0,0,0,0,0,1,,,PointsBet Stadium,-4,-2.08333333333,10.8341929047,0,0,,,,,,,
20141110350,2014,3,North Queensland Cowboys,New Zealand Warriors,0,16,20,0.644408980417,0.644408980417,0.645235117925,0.645235117925,24.4188144333,14.863970303,24.4188144333,14.863970303,True,8.5,0,0,0,0,0,1,leadership_change,,1300SMILES Stadium,2,0.888888888889,27.3192705624,0,0,9,leadership-warriors-2014-elliott-mcfadden,effective,-3,away,warriors,1
20141110360,2014,3,Manly-Warringah Sea Eagles,Parramatta Eels,1,22,18,0.695018102322,0.695018102322,0.696076342279,0.696076342279,25.5057385018,15.2957216404,25.5057385018,15.2957216404,True,11.5,0,0,0,0,0,1,,,Lottoland,0,0.993055555556,48.7628134629,0,0,,,,,,,
20141110370,2014,3,Canberra Raiders,Gold Coast Titans,0,12,24,0.571656667769,0.571656667769,0.572085380014,0.572085380014,22.7365019612,19.325998462,22.7365019612,19.325998462,True,7.5,0,0,0,0,0,1,,,GIO Stadium,0,-0.1875,-27.3020946743,0,0,,,,,,,
20141110380,2014,3,Melbourne Storm,Newcastle Knights,1,28,20,0.621484601957,0.621484601957,0.622192035387,0.622192035387,23.4251361025,14.137517796,23.4251361025,14.137517796,True,10.5,0,0,0,0,0,1,serious_human_event,,AAMI Park,4,1.04166666667,19.9808078295,0,0,34,human-knights-mckinnon-injury-2014,announcement,-1,away,knights,1
20141110410,2014,4,Sydney Roosters,Manly-Warringah Sea Eagles,0,0,8,0.63692173162,0.63692173162,0.637709898041,0.637709898041,22.5844814496,16.2959692363,22.5844814496,16.2959692363,True,6.5,0,0,0,0,0,1,,,Allianz Stadium,0,1.80555555556,17.5933761304,0,0,,,,,,,
20141110420,2014,4,St. George Illawarra Dragons,Brisbane Broncos,0,20,36,0.624657535433,0.624657535433,0.625381817008,0.625381817008,21.9724321914,16.229580249,21.9724321914,16.229580249,True,2,0,0,0,0,0,1,,,WIN Stadium,2,-0.972222222222,1.17959220281,0,0,,,,,,,
20141110430,2014,4,New Zealand Warriors,Wests Tigers,1,42,18,0.577157891532,0.577157891532,0.577618476536,0.577618476536,21.5079431707,18.4165966924,21.5079431707,18.4165966924,True,6.5,0,0,0,0,0,1,leadership_change,,Other,-2,-1.01388888889,-6.89533914352,0,0,9,leadership-warriors-2014-elliott-mcfadden,effective,-2,home,warriors,1
20141110440,2014,4,Parramatta Eels,Penrith Panthers,1,32,16,0.445028757655,0.445028757655,0.444697963648,0.444697963648,18.7339258059,23.003877993,18.7339258059,23.003877993,True,-1.5,0,0,0,0,0,1,,,Bankwest Stadium,-2,-0.9375,-54.7333158765,0,0,,,,,,,
20141110450,2014,4,Canterbury-Bankstown Bulldogs,Melbourne Storm,1,40,12,0.575109029609,0.575109029609,0.575557770244,0.575557770244,20.9575566637,18.1764854756,20.9575566637,18.1764854756,True,-5.5,0,0,0,0,0,1,,,HBF Park,-4,2.10416666667,0.595437692021,0,0,,,,,,,
20141110460,2014,4,South Sydney Rabbitohs,Canberra Raiders,0,18,30,0.615723401062,0.615723401062,0.616399926506,0.616399926506,22.9510043432,16.4277162352,22.9510043432,16.4277162352,True,10,0,0,0,0,0,1,,,ANZ Stadium,0,1.95138888889,38.6479303436,0,0,,,,,,,
20141110470,2014,4,Newcastle Knights,Cronulla-Sutherland Sharks,1,30,0,0.597371621678,0.597371621678,0.597947192866,0.597947192866,22.3546518281,15.9896044529,22.3546518281,15.9896044529,True,7.5,1,0,1,1,1,1,serious_human_event,0,McDonald Jones Stadium,0,-2,7.55799949789,0,0,34,human-knights-mckinnon-injury-2014,announcement,0,home,knights,1
20141110480,2014,4,Gold Coast Titans,North Queensland Cowboys,1,13,12,0.514481100543,0.514481100543,0.514568908305,0.514568908305,21.2910673907,18.0469400137,21.2910673907,18.0469400137,True,-3.5,0,0,0,0,0,1,,,Cbus Super Stadium,2,-0.9375,-20.7124217165,0,0,,,,,,,
20141110510,2014,5,Sydney Roosters,Canterbury-Bankstown Bulldogs,0,8,9,0.55447114739,0.55447114739,0.554798980937,0.554798980937,21.0784160822,18.08747705,21.0784160822,18.08747705,True,7.5,0,0,0,0,0,1,,,Allianz Stadium,0,0.868055555556,18.8351616314,0,0,,,,,,,
20141110520,2014,5,Brisbane Broncos,Parramatta Eels,0,18,25,0.660208603235,0.660208603235,0.661112052417,0.661112052417,24.1990020688,15.0906455164,24.1990020688,15.0906455164,True,8.5,0,0,0,0,0,1,,,Suncorp Stadium,2,0.895833333333,43.3696262137,0,0,,,,,,,
20141110530,2014,5,Cronulla-Sutherland Sharks,New Zealand Warriors,1,37,6,0.522342800684,0.522342800684,0.522478173076,0.522478173076,20.4724912336,17.6398527537,20.4724912336,17.6398527537,True,-3.5,0,0,0,0,0,1,leadership_change,,PointsBet Stadium,-4,-0.916666666667,2.76886592948,0,0,9,leadership-warriors-2014-elliott-mcfadden,effective,-1,away,warriors,1
20141110540,2014,5,Penrith Panthers,Canberra Raiders,1,12,6,0.609657621471,0.609657621471,0.610301183778,0.610301183778,22.2429178282,16.846234817,22.2429178282,16.846234817,True,6,0,0,0,0,0,1,,,Panthers Stadium,0,0.854166666667,28.7146363947,0,0,,,,,,,
20141110550,2014,5,St. George Illawarra Dragons,South Sydney Rabbitohs,0,6,26,0.59352817616,0.59352817616,0.594082165124,0.594082165124,21.2092879993,17.4579574376,21.2092879993,17.4579574376,True,-2.5,0,0,0,0,0,1,,,Sydney Cricket Ground,4,1.75,-16.1425371576,0,0,,,,,,,
20141110560,2014,5,Melbourne Storm,Gold Coast Titans,0,26,28,0.671257285241,0.671257285241,0.672212327117,0.672212327117,23.2612132829,16.0800631072,23.2612132829,16.0800631072,True,12,0,0,0,0,0,1,,,AAMI Park,0,2.08333333333,23.4018929004,0,0,,,,,,,
20141110570,2014,5,Wests Tigers,Manly-Warringah Sea Eagles,1,34,18,0.510580988338,0.510580988338,0.510645164225,0.510645164225,19.38666661,20.7723155383,19.38666661,20.7723155383,True,-5.5,0,0,0,0,0,1,,,Leichhardt Oval,-2,-0.888888888889,-21.3173972886,0,0,,,,,,,
20141110580,2014,5,North Queensland Cowboys,Newcastle Knights,1,28,2,0.581252311755,0.581252311755,0.581736468954,0.581736468954,21.4513462593,15.0332788663,21.4513462593,15.0332788663,True,6,0,1,1,1,1,1,serious_human_event,1,1300SMILES Stadium,0,-1.14583333333,12.2391439058,0,0,34,human-knights-mckinnon-injury-2014,announcement,1,away,knights,1
20141110610,2014,6,Penrith Panthers,South Sydney Rabbitohs,0,2,18,0.565003429421,0.565003429421,0.565393308304,0.565393308304,20.5357616854,15.7386620774,20.5357616854,15.7386620774,True,-2.5,0,0,0,0,0,1,,,Panthers Stadium,2,0.0833333333333,-10.1538670104,0,0,,,,,,,
20141110620,2014,6,Gold Coast Titans,Brisbane Broncos,1,12,8,0.587751299862,0.587751299862,0.58827259105,0.58827259105,22.0996944454,17.4226763682,22.0996944454,17.4226763682,True,-2,0,0,0,0,0,1,,,Cbus Super Stadium,2,-1.76388888889,-11.7350677121,0,0,,,,,,,
20141110630,2014,6,Canberra Raiders,Newcastle Knights,0,12,26,0.603342540288,0.603342540288,0.603951351346,0.603951351346,21.4768217993,16.2369578252,21.4768217993,16.2369578252,True,2.5,0,0,0,0,0,1,serious_human_event,,GIO Stadium,2,2.0625,-16.3253514373,0,0,34,human-knights-mckinnon-injury-2014,announcement,2,away,knights,1
20141110640,2014,6,Parramatta Eels,Sydney Roosters,1,14,12,0.479939926071,0.479939926071,0.479818352727,0.479818352727,19.9613656208,20.5002973298,19.9613656208,20.5002973298,True,-6.5,0,0,0,0,0,1,,,Bankwest Stadium,2,0,-60.2348769284,0,0,,,,,,,
20141110650,2014,6,Wests Tigers,North Queensland Cowboys,1,16,4,0.51726916827,0.51726916827,0.517373856822,0.517373856822,20.1871979757,20.7351910985,20.1871979757,20.7351910985,True,-2,0,0,0,0,0,1,,,Campbelltown Stadium,2,1.16666666667,-22.4117211671,0,0,,,,,,,
20141110660,2014,6,New Zealand Warriors,Canterbury-Bankstown Bulldogs,0,20,21,0.408342884267,0.408342884267,0.40779945243,0.40779945243,19.0309682913,24.7125850135,19.0309682913,24.7125850135,True,-1.5,1,0,1,1,1,1,leadership_change,0,Other,-2,-0.805555555556,-33.6501817897,0,0,9,leadership-warriors-2014-elliott-mcfadden,effective,0,home,warriors,1
20141110670,2014,6,Manly-Warringah Sea Eagles,Cronulla-Sutherland Sharks,1,24,4,0.645816758544,0.645816758544,0.646649943206,0.646649943206,24.3129805633,15.5863103731,24.3129805633,15.5863103731,True,12,0,0,0,0,0,1,,,Lottoland,4,-1,45.7000091007,0,0,,,,,,,
20141110680,2014,6,Melbourne Storm,St. George Illawarra Dragons,1,28,24,0.629431328314,0.629431328314,0.630180715858,0.630180715858,23.4598967345,16.5654409552,23.4598967345,16.5654409552,True,8.5,0,0,0,0,0,1,,,AAMI Park,0,-0.770833333333,13.5950032622,0,0,,,,,,,
20141110710,2014,7,South Sydney Rabbitohs,Canterbury-Bankstown Bulldogs,0,14,15,0.514718203814,0.514718203814,0.514807447613,0.514807447613,19.6229464397,17.5405654121,19.6229464397,17.5405654121,True,1.5,0,0,0,0,0,1,,,ANZ Stadium,-4,1.84722222222,-14.9472974355,0,0,,,,,,,
20141110720,2014,7,Newcastle Knights,Brisbane Broncos,0,6,32,0.540296922195,0.540296922195,0.540540335361,0.540540335361,21.6075767371,18.7295135996,21.6075767371,18.7295135996,True,2.5,0,0,0,0,0,1,serious_human_event,,McDonald Jones Stadium,0,-0.805555555556,-6.52362112579,0,0,34,human-knights-mckinnon-injury-2014,announcement,3,home,knights,1
20141110730,2014,7,Manly-Warringah Sea Eagles,North Queensland Cowboys,1,26,21,0.573673757428,0.573673757428,0.574114182103,0.574114182103,20.809381387,17.7253884271,20.809381387,17.7253884271,True,6,0,0,0,0,0,1,,,Central Coast Stadium,6,-0.8125,-5.78647107488,0,0,,,,,,,
20141110740,2014,7,St. George Illawarra Dragons,New Zealand Warriors,1,20,10,0.640816870154,0.640816870154,0.641624892298,0.641624892298,23.6028992634,18.030781829,23.6028992634,18.030781829,True,4.5,0,1,1,1,1,1,leadership_change,1,WIN Stadium,0,-1.125,5.40832415262,0,0,9,leadership-warriors-2014-elliott-mcfadden,effective,1,away,warriors,1
20141110750,2014,7,Cronulla-Sutherland Sharks,Sydney Roosters,0,18,24,0.423006276633,0.423006276633,0.422546639501,0.422546639501,18.8853987989,20.7467598353,18.8853987989,20.7467598353,True,-6.5,0,0,0,0,0,1,,,PointsBet Stadium,-2,-0.895833333333,-38.7781945985,0,0,,,,,,,
20141110760,2014,7,Canberra Raiders,Melbourne Storm,1,24,22,0.523461022892,0.523461022892,0.523603150826,0.523603150826,20.8719253286,20.7504556483,20.8719253286,20.7504556483,True,-2.5,0,0,0,0,0,1,,,GIO Stadium,-2,2.16666666667,-16.6204285116,0,0,,,,,,,
20141110770,2014,7,Parramatta Eels,Wests Tigers,0,18,21,0.595123290233,0.595123290233,0.595686253449,0.595686253449,21.6140305762,20.2839969705,21.6140305762,20.2839969705,True,6.5,0,0,0,0,0,1,,,ANZ Stadium,-2,0.0833333333333,-15.9561389968,0,0,,,,,,,
20141110780,2014,7,Penrith Panthers,Gold Coast Titans,1,14,12,0.506172121651,0.506172121651,0.506209564292,0.506209564292,20.5224999676,19.4676142063,20.5224999676,19.4676142063,True,4,0,0,0,0,0,1,,,Panthers Stadium,-4,0,-0.138948509542,0,0,,,,,,,
20141110810,2014,8,St. George Illawarra Dragons,Sydney Roosters,0,14,34,0.54890261022,0.54890261022,0.54919739116,0.54919739116,20.2498822024,18.5144411208,20.2498822024,18.5144411208,True,-6.5,0,0,0,0,0,1,leadership_change,,Allianz Stadium,0,0.0833333333333,-37.2506891028,0,0,10,leadership-dragons-2014-price-mcgregor,effective,-3,home,dragons,1
20141110820,2014,8,Melbourne Storm,New Zealand Warriors,0,10,16,0.660832131585,0.660832131585,0.661738548687,0.661738548687,24.3414988824,15.3100859838,24.3414988824,15.3100859838,True,7.5,0,1,1,1,1,1,leadership_change,2,AAMI Park,0,-0.895833333333,19.7211674529,0,0,9,leadership-warriors-2014-elliott-mcfadden,effective,2,away,warriors,1
20141110830,2014,8,Brisbane Broncos,South Sydney Rabbitohs,0,26,28,0.556042920556,0.556042920556,0.556380054092,0.556380054092,20.2263204838,16.5258310142,20.2263204838,16.5258310142,True,-2.5,0,0,0,0,0,1,,,Suncorp Stadium,0,-0.145833333333,-21.1616126527,0,0,,,,,,,
20141110840,2014,8,Cronulla-Sutherland Sharks,Penrith Panthers,1,24,20,0.501161281324,0.501161281324,0.501168326833,0.501168326833,19.4285444253,18.3296893654,19.4285444253,18.3296893654,True,2.5,0,0,0,0,0,1,,,PointsBet Stadium,-4,1.97916666667,-9.24111353207,0,0,,,,,,,
20141110850,2014,8,North Queensland Cowboys,Parramatta Eels,1,42,14,0.616146316538,0.616146316538,0.61682512438,0.61682512438,22.6302116768,16.3144196064,22.6302116768,16.3144196064,True,6,0,0,0,0,0,1,,,1300SMILES Stadium,-4,2.84722222222,25.9491571498,0,0,,,,,,,
20141110860,2014,8,Canterbury-Bankstown Bulldogs,Newcastle Knights,1,16,12,0.688349953876,0.688349953876,0.689380369815,0.689380369815,24.2057910763,14.8345959741,24.2057910763,14.8345959741,True,6.5,0,0,0,0,0,1,,,ANZ Stadium,4,0.145833333333,25.2864239122,0,0,,,,,,,
20141110870,2014,8,Manly-Warringah Sea Eagles,Canberra Raiders,1,54,18,0.702241054957,0.702241054957,0.703328364215,0.703328364215,23.6883649409,14.359846376,23.6883649409,14.359846376,True,6.5,0,0,0,0,0,1,,,Lottoland,4,1.80555555556,34.3685961388,0,0,,,,,,,
20141110880,2014,8,Wests Tigers,Gold Coast Titans,0,6,22,0.596308129954,0.596308129954,0.596877743487,0.596877743487,21.555632523,18.8123792047,21.555632523,18.8123792047,True,2.5,0,0,0,0,0,1,,,Leichhardt Oval,0,0.125,-0.437169583595,0,0,,,,,,,
20141110910,2014,9,Sydney Roosters,Wests Tigers,1,30,6,0.710035002366,0.710035002366,0.71115237301,0.71115237301,23.9680733451,13.7031949722,23.9680733451,13.7031949722,True,14,0,0,0,0,0,1,,,Allianz Stadium,-2,1.94791666667,22.2570143694,0,0,,,,,,,
20141110920,2014,9,North Queensland Cowboys,Brisbane Broncos,1,27,14,0.61242579401,0.61242579401,0.613084451424,0.613084451424,22.211874193,17.1899136149,22.211874193,17.1899136149,True,1.5,0,0,0,0,0,1,,,1300SMILES Stadium,0,-0.895833333333,-3.70902182277,0,0,,,,,,,
20141110930,2014,9,New Zealand Warriors,Canberra Raiders,1,54,12,0.646771253598,0.646771253598,0.647609199288,0.647609199288,22.8147455717,17.4876689954,22.8147455717,17.4876689954,True,6.5,0,0,0,0,0,1,leadership_change,,Other,0,1.82291666667,-4.49102534591,0,0,9,leadership-warriors-2014-elliott-mcfadden,effective,3,home,warriors,1
20141110940,2014,9,Gold Coast Titans,South Sydney Rabbitohs,0,18,40,0.529298566102,0.529298566102,0.529475910653,0.529475910653,20.7775227361,18.769891226,20.7775227361,18.769891226,True,-4,0,0,0,0,0,1,,,Cbus Super Stadium,2,-1.79166666667,-21.1834217108,0,0,,,,,,,
20141110950,2014,9,Melbourne Storm,Manly-Warringah Sea Eagles,1,22,19,0.502364401402,0.502364401402,0.502378746093,0.502378746093,19.6373219432,20.6372717335,19.6373219432,20.6372717335,True,5.5,0,0,0,0,0,1,,,AAMI Park,-6,1.82291666667,-16.3175748536,0,0,,,,,,,
20141110960,2014,9,Newcastle Knights,Penrith Panthers,0,10,32,0.566367488995,0.566367488995,0.566765353772,0.566765353772,20.5488053305,18.0267236296,20.5488053305,18.0267236296,True,4,0,0,0,0,0,1,,,McDonald Jones Stadium,0,-0.194444444444,-5.76777059508,0,0,,,,,,,
20141110970,2014,9,St. George Illawarra Dragons,Canterbury-Bankstown Bulldogs,0,6,38,0.480354202873,0.480354202873,0.480235134959,0.480235134959,18.7650113027,21.8577847994,18.7650113027,21.8577847994,True,-6,0,0,0,0,0,1,leadership_change,,ANZ Stadium,-8,1.14583333333,-36.0019784646,0,0,10,leadership-dragons-2014-price-mcgregor,effective,-2,home,dragons,1
20141110980,2014,9,Parramatta Eels,Cronulla-Sutherland Sharks,1,42,24,0.57546858659,0.57546858659,0.5759194081,0.5759194081,22.3956011883,18.7732894911,22.3956011883,18.7732894911,True,2.5,0,0,0,0,0,1,,,Bankwest Stadium,2,-0.100694444444,-2.03325884491,0,0,,,,,,,
20141111010,2014,10,South Sydney Rabbitohs,Melbourne Storm,0,14,27,0.681661778495,0.681661778495,0.68266337545,0.68266337545,23.6443000244,14.9176038948,23.6443000244,14.9176038948,True,7,0,0,0,0,0,1,,,ANZ Stadium,4,0.0833333333333,24.3745095448,0,0,,,,,,,
20141111020,2014,10,Brisbane Broncos,Gold Coast Titans,1,22,8,0.633956922627,0.633956922627,0.634729831848,0.634729831848,22.0438067516,16.1469829978,22.0438067516,16.1469829978,True,10,0,0,0,0,0,1,,,Suncorp Stadium,-4,0.90625,4.39018894774,0,0,,,,,,,
20141111030,2014,10,Parramatta Eels,St. George Illawarra Dragons,1,36,0,0.603238635687,0.603238635687,0.603846871421,0.603846871421,23.2786756542,17.5876240436,23.2786756542,17.5876240436,True,4,0,0,0,0,0,1,leadership_change,,Bankwest Stadium,4,-1.16666666667,-10.7459038846,0,0,10,leadership-dragons-2014-price-mcgregor,effective,-1,away,dragons,1
20141111040,2014,10,Cronulla-Sutherland Sharks,Wests Tigers,0,20,22,0.575538818426,0.575538818426,0.575990046277,0.575990046277,21.041257234,18.057714186,21.041257234,18.057714186,True,2.5,0,0,0,0,0,1,,,PointsBet Stadium,-2,-2.96875,-5.33753092379,0,0,,,,,,,
20141111050,2014,10,North Queensland Cowboys,Sydney Roosters,1,42,10,0.547081873973,0.547081873973,0.547365814485,0.547365814485,19.8457303072,17.5398177294,19.8457303072,17.5398177294,True,-2.5,0,0,0,0,0,1,,,1300SMILES Stadium,0,0,-11.0330916407,0,0,,,,,,,
20141111060,2014,10,Canberra Raiders,Penrith Panthers,0,20,26,0.489072899713,0.489072899713,0.489006625913,0.489006625913,19.447318936,24.6819113051,19.447318936,24.6819113051,True,-2.5,0,0,0,0,0,1,,,GIO Stadium,-4,0.875,-19.1854323692,0,0,,,,,,,
20141111070,2014,10,Canterbury-Bankstown Bulldogs,New Zealand Warriors,1,16,12,0.645728033139,0.645728033139,0.646560774535,0.646560774535,23.8200762162,16.2893897827,23.8200762162,16.2893897827,True,2.5,0,0,0,0,0,1,,,Other,6,-0.916666666667,38.1211576622,0,0,,,,,,,
20141111080,2014,10,Manly-Warringah Sea Eagles,Newcastle Knights,1,15,14,0.663580828598,0.663580828598,0.664500250332,0.664500250332,24.7830911455,15.4264267528,24.7830911455,15.4264267528,True,12,0,0,0,0,0,1,,,Lottoland,4,0.770833333333,38.8895262511,0,0,,,,,,,
20141111110,2014,11,Canterbury-Bankstown Bulldogs,Sydney Roosters,0,12,32,0.641887659536,0.641887659536,0.642701101673,0.642701101673,22.4555088093,14.658043198,22.4555088093,14.658043198,True,-6.5,0,0,0,0,0,1,,,ANZ Stadium,4,-0.854166666667,-0.718991378886,0,0,,,,,,,
20141111120,2014,11,Gold Coast Titans,New Zealand Warriors,0,16,24,0.523666887595,0.523666887595,0.523810258915,0.523810258915,21.6115359789,19.1128828542,21.6115359789,19.1128828542,True,-10,0,0,0,0,0,1,,,Cbus Super Stadium,0,1.84722222222,-4.19678553785,0,0,,,,,,,
20141111130,2014,11,Wests Tigers,Brisbane Broncos,0,14,16,0.535135500791,0.535135500791,0.535347960279,0.535347960279,21.0215865646,19.6396268162,21.0215865646,19.6396268162,True,-2.5,0,0,0,0,0,1,,,Campbelltown Stadium,2,-0.909722222222,-20.2671422681,0,0,,,,,,,
20141111140,2014,11,Canberra Raiders,North Queensland Cowboys,1,42,12,0.426347413073,0.426347413073,0.425907111174,0.425907111174,19.3751250514,28.5953681761,19.3751250514,28.5953681761,True,6.5,0,0,0,0,0,1,,,GIO Stadium,-4,-0.770833333333,-65.7753169129,0,0,,,,,,,
20141111150,2014,11,Cronulla-Sutherland Sharks,South Sydney Rabbitohs,0,0,18,0.411299222957,0.411299222957,0.410772536978,0.410772536978,19.4153145983,23.830062333,19.4153145983,23.830062333,True,-10,0,0,0,0,0,1,,,PointsBet Stadium,-4,-0.909722222222,-50.8963356289,0,0,,,,,,,
20141111210,2014,12,Penrith Panthers,Parramatta Eels,1,38,12,0.64241101945,0.64241101945,0.643227104551,0.643227104551,23.2720477987,18.0570789177,23.2720477987,18.0570789177,True,7,0,0,0,0,0,1,,,Panthers Stadium,0,-0.958333333333,19.4786146703,0,0,,,,,,,
20141111220,2014,12,Sydney Roosters,Canberra Raiders,1,26,12,0.684220124003,0.684220124003,0.685232850023,0.685232850023,25.7817914423,15.6830746705,25.7817914423,15.6830746705,True,14,0,0,0,0,0,1,,,Allianz Stadium,4,1.80208333333,62.0177572913,0,0,,,,,,,
20141111230,2014,12,North Queensland Cowboys,Melbourne Storm,1,22,0,0.61400897163,0.61400897163,0.614676223167,0.614676223167,22.4734093322,16.8768358621,22.4734093322,16.8768358621,True,14,0,0,0,0,0,1,,,1300SMILES Stadium,0,-8.80555555556,36.1068773786,0,0,,,,,,,
20141111240,2014,12,New Zealand Warriors,Newcastle Knights,1,38,18,0.645949338951,0.645949338951,0.646783185751,0.646783185751,23.6859028835,16.2201781012,23.6859028835,16.2201781012,True,8.5,0,0,0,0,0,1,,,Mt Smart Stadium,4,-4.9375,22.9333773795,0,0,,,,,,,
20141111250,2014,12,Brisbane Broncos,Manly-Warringah Sea Eagles,1,36,10,0.57115268366,0.57115268366,0.571578464918,0.571578464918,20.7473090852,16.9354308369,20.7473090852,16.9354308369,True,2,0,0,0,0,0,1,,,Suncorp Stadium,-2,-5.02083333333,-14.2083092596,0,0,,,,,,,
20141111260,2014,12,South Sydney Rabbitohs,St. George Illawarra Dragons,1,29,10,0.670522900778,0.670522900778,0.671474580502,0.671474580502,26.3073888602,14.9112446358,26.3073888602,14.9112446358,True,13.5,0,1,1,1,1,1,leadership_change,0,ANZ Stadium,4,-9.16666666667,46.5595115668,0,0,10,leadership-dragons-2014-price-mcgregor,effective,0,away,dragons,1
20141111310,2014,13,Manly-Warringah Sea Eagles,Canterbury-Bankstown Bulldogs,1,32,10,0.588348623135,0.588348623135,0.588873309155,0.588873309155,20.0331009883,15.7494067186,20.0331009883,15.7494067186,True,2,0,0,0,0,0,1,,,Lottoland,-2,-8.80208333333,-11.1001177003,0,0,,,,,,,
20141111320,2014,13,Parramatta Eels,North Queensland Cowboys,1,18,16,0.547062080941,0.547062080941,0.547345903522,0.547345903522,20.7710010146,20.5231600698,20.7710010146,20.5231600698,True,-1.5,0,0,0,0,0,1,,,Bankwest Stadium,-4,0.989583333333,-19.197792736,0,0,,,,,,,
20141111330,2014,13,Gold Coast Titans,Penrith Panthers,0,14,36,0.497882416535,0.497882416535,0.497869569237,0.497869569237,20.3047497423,20.4111710334,20.3047497423,20.4111710334,True,-2.5,0,0,0,0,0,1,,,Cbus Super Stadium,-6,6.09375,-7.05363886847,0,0,,,,,,,
20141111340,2014,13,St. George Illawarra Dragons,Cronulla-Sutherland Sharks,1,30,0,0.558358823527,0.558358823527,0.558709634947,0.558709634947,21.5104651931,17.2478073443,21.5104651931,17.2478073443,True,8.5,1,0,1,1,1,1,leadership_change,1,WIN Stadium,0,-7,-18.69353328,0,0,10,leadership-dragons-2014-price-mcgregor,effective,1,home,dragons,2
20141111350,2014,13,South Sydney Rabbitohs,New Zealand Warriors,1,34,18,0.658655248965,0.658655248965,0.659551275943,0.659551275943,23.1286139974,16.5827312357,23.1286139974,16.5827312357,True,6,0,0,0,0,0,1,,,HBF Park,0,-1.125,17.518831097,0,0,,,,,,,
20141111360,2014,13,Newcastle Knights,Wests Tigers,0,20,23,0.538213205455,0.538213205455,0.538444134259,0.538444134259,20.0303102668,18.1654872055,20.0303102668,18.1654872055,True,,0,0,0,0,0,1,,,McDonald Jones Stadium,-4,-7.85416666667,-0.966571577966,0,0,,,,,,,
20141111370,2014,13,Melbourne Storm,Sydney Roosters,0,12,32,0.517445818112,0.517445818112,0.517551575796,0.517551575796,20.034014969,19.3368531343,20.034014969,19.3368531343,True,-11.5,0,0,0,0,0,1,,,AAMI Park,-4,-0.0833333333333,-20.4782541395,0,0,,,,,,,
20141111380,2014,13,Canberra Raiders,Brisbane Broncos,0,4,28,0.459508484229,0.459508484229,0.459263906042,0.459263906042,20.3174655729,24.9998926273,20.3174655729,24.9998926273,True,-4,0,0,0,0,0,1,,,GIO Stadium,-4,0.895833333333,-31.5662464043,0,0,,,,,,,
20141111410,2014,14,South Sydney Rabbitohs,Wests Tigers,1,32,10,0.719738159741,0.719738159741,0.720890962306,0.720890962306,24.2348779807,14.0634537788,24.2348779807,14.0634537788,True,8,0,0,0,0,0,1,,,ANZ Stadium,4,0.770833333333,38.1031224021,0,0,,,,,,,
20141111420,2014,14,Penrith Panthers,St. George Illawarra Dragons,1,18,14,0.667002885293,0.667002885293,0.667938314935,0.667938314935,25.6622453693,15.2344336769,25.6622453693,15.2344336769,True,13.5,0,1,1,1,1,1,leadership_change,2,Panthers Stadium,6,0.0833333333333,53.2419118303,0,0,10,leadership-dragons-2014-price-mcgregor,effective,2,away,dragons,1
20141111430,2014,14,Sydney Roosters,Newcastle Knights,1,29,12,0.683758208151,0.683758208151,0.684768934344,0.684768934344,26.0064242309,14.7029625293,26.0064242309,14.7029625293,True,15.5,0,0,0,0,0,1,,,Allianz Stadium,8,-0.0416666666667,51.5645831425,0,0,,,,,,,
20141111440,2014,14,Canterbury-Bankstown Bulldogs,Parramatta Eels,0,12,22,0.671519763987,0.671519763987,0.672476005161,0.672476005161,23.9777126467,16.4668233563,23.9777126467,16.4668233563,True,5.5,0,0,0,0,0,1,,,ANZ Stadium,0,0,35.7387674797,0,0,,,,,,,
20141111450,2014,14,Gold Coast Titans,Melbourne Storm,0,20,24,0.551401072202,0.551401072202,0.551710702531,0.551710702531,21.4732884604,19.2505189331,21.4732884604,19.2505189331,True,6,0,0,0,0,0,1,,,Cbus Super Stadium,-2,0.895833333333,-10.4830317088,0,0,,,,,,,
20141111510,2014,15,Canberra Raiders,Canterbury-Bankstown Bulldogs,0,14,22,0.432727229232,0.432727229232,0.432324071218,0.432324071218,20.4089055869,24.1028182123,20.4089055869,24.1028182123,True,-3.5,0,0,0,0,0,1,,,GIO Stadium,-2,5.83333333333,-33.6028100581,0,0,,,,,,,
20141111520,2014,15,New Zealand Warriors,Brisbane Broncos,1,19,10,0.56633836158,0.56633836158,0.566736055958,0.566736055958,20.6055553821,20.0939284364,20.6055553821,20.0939284364,True,6.5,0,0,0,0,0,1,,,Mt Smart Stadium,-2,1.97916666667,-9.07270591754,0,0,,,,,,,
20141111530,2014,15,Cronulla-Sutherland Sharks,Manly-Warringah Sea Eagles,0,0,26,0.4250078573,0.4250078573,0.424559793335,0.424559793335,18.673604203,24.8632898045,18.673604203,24.8632898045,True,-8,0,0,0,0,0,1,leadership_change,,PointsBet Stadium,-4,-0.993055555556,-34.9686780529,0,0,11,leadership-sharks-2014-sharp-shepherd,effective,-2,home,sharks,1
20141111540,2014,15,Melbourne Storm,Parramatta Eels,1,46,20,0.605159672758,0.605159672758,0.605778527062,0.605778527062,22.1682006503,17.0834752958,22.1682006503,17.0834752958,True,4,0,0,0,0,0,1,,,AAMI Park,-2,-1.16666666667,4.19839284931,0,0,,,,,,,
20141111550,2014,15,Gold Coast Titans,St. George Illawarra Dragons,0,18,19,0.570723137207,0.570723137207,0.571146418964,0.571146418964,23.2732957177,17.4703812718,23.2732957177,17.4703812718,True,2.5,0,0,0,0,0,1,leadership_change,,Cbus Super Stadium,-2,-2.0625,10.4118055471,0,0,10,leadership-dragons-2014-price-mcgregor,effective,3,away,dragons,1
20141111560,2014,15,Newcastle Knights,North Queensland Cowboys,1,36,28,0.456315416072,0.456315416072,0.456051743239,0.456051743239,19.2052604411,22.0866552425,19.2052604411,22.0866552425,True,3.5,0,0,0,0,0,1,tribute_milestone,,McDonald Jones Stadium,-6,-7.99305555556,-46.41901383,0,0,35,tribute-knights-rise-for-alex-round-2014,tribute,-3,home,knights,1
20141111610,2014,16,Manly-Warringah Sea Eagles,Sydney Roosters,1,24,16,0.538802565563,0.538802565563,0.539037027148,0.539037027148,19.7075749807,19.175436149,19.7075749807,19.175436149,True,2.5,0,0,0,0,0,1,,,Lottoland,-2,-7,-17.1723064339,0,0,,,,,,,
20141111620,2014,16,Brisbane Broncos,Cronulla-Sutherland Sharks,0,22,24,0.621771801781,0.621771801781,0.622480765414,0.622480765414,27.3667663785,16.424816228,27.3667663785,16.424816228,True,12,0,0,0,0,0,1,leadership_change,,Suncorp Stadium,8,0,68.9563154848,0,0,11,leadership-sharks-2014-sharp-shepherd,effective,-1,away,sharks,1
20141111630,2014,16,Wests Tigers,Canberra Raiders,1,19,18,0.627024640035,0.627024640035,0.627761407535,0.627761407535,25.8827552015,18.5162862736,25.8827552015,18.5162862736,True,11.5,0,0,0,0,0,1,,,Campbelltown Stadium,2,7,17.1114709386,0,0,,,,,,,
20141111640,2014,16,North Queensland Cowboys,South Sydney Rabbitohs,1,20,18,0.498542856826,0.498542856826,0.498534016338,0.498534016338,19.4250925676,18.5363337538,19.4250925676,18.5363337538,True,-6,0,0,0,0,0,1,,,1300SMILES Stadium,-4,-9.96875,-10.8771220532,0,0,,,,,,,
20141111650,2014,16,New Zealand Warriors,Penrith Panthers,1,30,20,0.547606618279,0.547606618279,0.547893684655,0.547893684655,20.3731718935,19.9281615676,20.3731718935,19.9281615676,True,4,0,0,0,0,0,1,,,Mt Smart Stadium,-4,-7.08333333333,-11.1374326368,0,0,,,,,,,
20141111660,2014,16,Parramatta Eels,Newcastle Knights,0,10,16,0.629053074464,0.629053074464,0.629800483593,0.629800483593,25.5040710256,21.6221737223,25.5040710256,21.6221737223,True,6,0,0,0,0,0,1,tribute_milestone,,Bankwest Stadium,4,1.20833333333,20.3405201047,0,0,35,tribute-knights-rise-for-alex-round-2014,tribute,-2,away,knights,1
20141111670,2014,16,St. George Illawarra Dragons,Melbourne Storm,1,24,12,0.496270907284,0.496270907284,0.496248283594,0.496248283594,19.9262386512,21.2277613855,19.9262386512,21.2277613855,True,-6,0,0,0,0,0,1,,,WIN Stadium,-2,-0.0416666666667,-20.2986990492,0,0,,,,,,,
20141111710,2014,17,Canterbury-Bankstown Bulldogs,Manly-Warringah Sea Eagles,1,23,16,0.560102757708,0.560102757708,0.560463848572,0.560463848572,20.3862150454,19.0010243099,20.3862150454,19.0010243099,True,-10,0,0,0,0,0,1,,,ANZ Stadium,-4,6.99652777778,-20.7135544112,0,0,,,,,,,
20141111720,2014,17,St. George Illawarra Dragons,North Queensland Cowboys,1,27,24,0.568753460903,0.568753460903,0.569165264788,0.569165264788,21.1120418841,17.3657602305,21.1120418841,17.3657602305,True,10,0,0,0,0,0,1,,,Netstrata Jubilee Stadium,2,-1.97916666667,-36.0676734257,0,0,,,,,,,
20141111730,2014,17,Sydney Roosters,Cronulla-Sutherland Sharks,0,28,30,0.71554410006,0.71554410006,0.716681866326,0.716681866326,27.9849569941,14.2268536787,27.9849569941,14.2268536787,True,24,0,1,1,1,1,1,leadership_change,0,Allianz Stadium,6,0,84.2242831369,0,0,11,leadership-sharks-2014-sharp-shepherd,effective,0,away,sharks,1
20141111740,2014,17,Wests Tigers,Penrith Panthers,0,10,26,0.497795978535,0.497795978535,0.497782606834,0.497782606834,19.933349964,21.9405102504,19.933349964,21.9405102504,True,-8.5,0,0,0,0,0,1,,,Leichhardt Oval,-2,0.9375,-32.1345297444,0,0,,,,,,,
20141111750,2014,17,South Sydney Rabbitohs,Gold Coast Titans,0,10,14,0.710682214781,0.710682214781,0.711802018776,0.711802018776,25.8987275704,15.3896659395,25.8987275704,15.3896659395,True,16.5,0,0,0,0,0,1,,,ANZ Stadium,8,-6.1875,54.5329145591,0,0,,,,,,,
20141111810,2014,18,Manly-Warringah Sea Eagles,Wests Tigers,1,40,8,0.680079822008,0.680079822008,0.681074473192,0.681074473192,24.3648712982,14.3940923925,24.3648712982,14.3940923925,True,12.5,0,0,0,0,0,1,,,Lottoland,2,1.80208333333,47.4483212995,0,0,,,,,,,
20141111820,2014,18,New Zealand Warriors,Parramatta Eels,1,48,0,0.702946537262,0.702946537262,0.704036624295,0.704036624295,24.416035819,15.3731226442,24.416035819,15.3731226442,True,12.5,0,0,0,0,0,1,,,Mt Smart Stadium,4,-0.0416666666667,27.2201412109,0,0,,,,,,,
20141111830,2014,18,Melbourne Storm,Canterbury-Bankstown Bulldogs,0,4,6,0.583552529809,0.583552529809,0.584049870597,0.584049870597,21.4324071547,16.0974340703,21.4324071547,16.0974340703,True,8,0,0,0,0,0,1,,,AAMI Park,0,4.03125,1.88234715808,0,0,,,,,,,
20141111840,2014,18,Gold Coast Titans,Canberra Raiders,0,20,36,0.60617823627,0.60617823627,0.606802704867,0.606802704867,25.1657397433,18.024473165,25.1657397433,18.024473165,True,4,0,0,0,0,0,1,,,Cbus Super Stadium,0,-9.0625,9.45946738612,0,0,,,,,,,
20141111850,2014,18,Cronulla-Sutherland Sharks,Newcastle Knights,0,18,31,0.503026248877,0.503026248877,0.503044608784,0.503044608784,21.8935535754,22.4862768864,21.8935535754,22.4862768864,True,-1.5,1,0,1,1,1,1,leadership_change,1,PointsBet Stadium,0,-6.1875,-22.732645334,0,0,11,leadership-sharks-2014-sharp-shepherd,effective,1,home,sharks,2
20141111860,2014,18,Penrith Panthers,Brisbane Broncos,1,35,34,0.614892314365,0.614892314365,0.61556434847,0.61556434847,22.0876051762,18.4917985882,22.0876051762,18.4917985882,True,3.5,0,0,0,0,0,1,,,Panthers Stadium,2,-8.80555555556,-11.4780484681,0,0,,,,,,,
20141111910,2014,19,Cronulla-Sutherland Sharks,North Queensland Cowboys,0,18,36,0.439865101386,0.439865101386,0.439503821237,0.439503821237,20.2553648389,25.0106439371,20.2553648389,25.0106439371,True,-4.5,1,0,1,1,1,1,leadership_change,2,PointsBet Stadium,0,-7.89583333333,-45.584923682,0,0,11,leadership-sharks-2014-sharp-shepherd,effective,2,home,sharks,1
20141111920,2014,19,Parramatta Eels,South Sydney Rabbitohs,0,12,32,0.451446669368,0.451446669368,0.451153966773,0.451153966773,19.4790377335,23.816577105,19.4790377335,23.816577105,True,-6.5,0,0,0,0,0,1,,,Bankwest Stadium,-2,-5.02083333333,-50.2668458491,0,0,,,,,,,
20141111930,2014,19,Sydney Roosters,Penrith Panthers,1,32,12,0.671296139531,0.671296139531,0.672251359016,0.672251359016,22.7540291409,17.5925945861,22.7540291409,17.5925945861,True,10,0,0,0,0,0,1,,,Allianz Stadium,-2,8.97916666667,17.9164860604,0,0,,,,,,,
20141111940,2014,19,Melbourne Storm,Canberra Raiders,1,28,14,0.627550313767,0.627550313767,0.628289844243,0.628289844243,26.7611159037,16.5865885339,26.7611159037,16.5865885339,True,12.5,0,0,0,0,0,1,,,AAMI Park,2,0.770833333333,26.9087740688,0,0,,,,,,,
20141111950,2014,19,Brisbane Broncos,New Zealand Warriors,1,28,22,0.574826599502,0.574826599502,0.575273704945,0.575273704945,21.2546197476,19.8858519071,21.2546197476,19.8858519071,True,1.5,0,0,0,0,0,1,,,Suncorp Stadium,-4,-1.97916666667,-2.93394676952,0,0,,,,,,,
20141111960,2014,19,Newcastle Knights,Gold Coast Titans,0,8,22,0.647516697851,0.647516697851,0.648358352166,0.648358352166,23.4162588279,16.5077353179,23.4162588279,16.5077353179,True,14,1,0,1,1,1,1,tribute_milestone,0,McDonald Jones Stadium,4,-0.0416666666667,-0.00613206079674,0,0,35,tribute-knights-rise-for-alex-round-2014,tribute,0,home,knights,1
20141111970,2014,19,Wests Tigers,Canterbury-Bankstown Bulldogs,1,46,18,0.439772850078,0.439772850078,0.43941102668,0.43941102668,19.9032859929,21.4343689328,19.9032859929,21.4343689328,True,-8,0,0,0,0,0,1,,,ANZ Stadium,-2,0.989583333333,-32.3579865261,0,0,,,,,,,
20141111980,2014,19,St. George Illawarra Dragons,Manly-Warringah Sea Eagles,0,12,21,0.456278070417,0.456278070417,0.456014174509,0.456014174509,19.6412744198,21.3881592136,19.6412744198,21.3881592136,True,-7,0,0,0,0,0,1,,,Netstrata Jubilee Stadium,0,6.09375,-39.7814240719,0,0,,,,,,,
20141112010,2014,20,Newcastle Knights,Sydney Roosters,1,16,12,0.404775474992,0.404775474992,0.404211943035,0.404211943035,19.1239435787,23.5461350564,19.1239435787,23.5461350564,True,-12,0,0,0,0,0,1,tribute_milestone,,McDonald Jones Stadium,0,-0.958333333333,-33.3775657988,0,0,35,tribute-knights-rise-for-alex-round-2014,tribute,1,home,knights,1
20141112020,2014,20,Brisbane Broncos,Melbourne Storm,0,8,30,0.642296842477,0.642296842477,0.643112351329,0.643112351329,23.2613366798,17.7061285318,23.2613366798,17.7061285318,True,1.5,0,0,0,0,0,1,,,Suncorp Stadium,-2,-0.0833333333333,15.8081675538,0,0,,,,,,,
20141112030,2014,20,Penrith Panthers,Cronulla-Sutherland Sharks,0,16,18,0.709760499186,0.709760499186,0.710876834808,0.710876834808,29.5809255939,15.9406099637,29.5809255939,15.9406099637,True,10.5,0,0,0,0,0,1,leadership_change,,Carrington Park,2,-0.805555555556,49.7768510252,0,0,11,leadership-sharks-2014-sharp-shepherd,effective,3,away,sharks,1
20141112040,2014,20,Gold Coast Titans,Parramatta Eels,0,18,24,0.632962494562,0.632962494562,0.633730259089,0.633730259089,26.1152104156,17.6555376824,26.1152104156,17.6555376824,True,2.5,0,0,0,0,0,1,leadership_change,,Cbus Super Stadium,2,-1.76388888889,12.9627796009,0,0,12,leadership-titans-2014-cartwright-henry,effective,-3,home,titans,1
20141112050,2014,20,Canterbury-Bankstown Bulldogs,North Queensland Cowboys,0,12,20,0.60649582722,0.60649582722,0.607122044101,0.607122044101,22.3790407055,20.0987142969,22.3790407055,20.0987142969,True,4,0,0,0,0,0,1,,,ANZ Stadium,2,-1.80555555556,-1.31273799406,0,0,,,,,,,
20141112060,2014,20,New Zealand Warriors,Manly-Warringah Sea Eagles,0,12,22,0.579016211545,0.579016211545,0.579487511553,0.579487511553,20.567033474,19.8967213974,20.567033474,19.8967213974,True,-2.5,0,0,0,0,0,1,,,Mt Smart Stadium,-2,1.97916666667,1.35321044068,0,0,,,,,,,
20141112070,2014,20,Wests Tigers,St. George Illawarra Dragons,0,12,28,0.543250293151,0.543250293151,0.543511371416,0.543511371416,22.7342845817,19.9962447369,22.7342845817,19.9962447369,True,2.5,0,0,0,0,0,1,,,ANZ Stadium,-2,1.16666666667,-19.9731479302,0,0,,,,,,,
20141112080,2014,20,Canberra Raiders,South Sydney Rabbitohs,0,18,34,0.387628356865,0.387628356865,0.386969993912,0.386969993912,18.8475951836,26.9793516314,18.8475951836,26.9793516314,True,-8.5,0,0,0,0,0,1,,,GIO Stadium,-4,-0.909722222222,-45.088188405,0,0,,,,,,,
20141112110,2014,21,Manly-Warringah Sea Eagles,Brisbane Broncos,1,16,4,0.672318924981,0.672318924981,0.673278809872,0.673278809872,24.253001705,14.8907126741,24.253001705,14.8907126741,True,8,0,0,0,0,0,1,,,Lottoland,6,-1.84722222222,14.2510981087,0,0,,,,,,,
20141112120,2014,21,Canterbury-Bankstown Bulldogs,Penrith Panthers,0,16,22,0.572048576618,0.572048576618,0.572479566812,0.572479566812,21.2503348658,19.616749054,21.2503348658,19.616749054,True,6,0,0,0,0,0,1,,,ANZ Stadium,2,-0.1875,-14.0240379184,0,0,,,,,,,
20141112130,2014,21,Cronulla-Sutherland Sharks,Parramatta Eels,0,12,32,0.545755352539,0.545755352539,0.546031385396,0.546031385396,23.8456488067,20.7313302086,23.8456488067,20.7313302086,True,-1.5,0,0,0,0,0,1,,,PointsBet Stadium,4,0.104166666667,-0.469080359781,0,0,,,,,,,
20141112140,2014,21,North Queensland Cowboys,Gold Coast Titans,1,28,8,0.693146388075,0.693146388075,0.694196911852,0.694196911852,25.007911891,15.5302152649,25.007911891,15.5302152649,True,12,0,0,0,0,0,1,leadership_change,,1300SMILES Stadium,2,-0.0833333333333,28.6580479964,0,0,12,leadership-titans-2014-cartwright-henry,effective,-2,away,titans,1
20141112150,2014,21,Sydney Roosters,St. George Illawarra Dragons,1,30,22,0.667451299229,0.667451299229,0.668388811253,0.668388811253,24.5409551037,16.2268982808,24.5409551037,16.2268982808,True,8.5,0,0,0,0,0,1,,,Allianz Stadium,-4,1.80555555556,43.686033582,0,0,,,,,,,
20141112160,2014,21,Canberra Raiders,New Zealand Warriors,0,18,54,0.382070891502,0.382070891502,0.381382485548,0.381382485548,19.8161763205,28.7937597102,19.8161763205,28.7937597102,True,-3.5,0,0,0,0,0,1,,,GIO Stadium,-4,-1.125,-53.6458824925,0,0,,,,,,,
20141112170,2014,21,South Sydney Rabbitohs,Newcastle Knights,1,50,10,0.694529818538,0.694529818538,0.695586052692,0.695586052692,27.1006223164,15.7401415787,27.1006223164,15.7401415787,True,10,0,0,0,0,0,1,tribute_milestone,,Other,-2,-2.97222222222,44.8742250073,0,0,35,tribute-knights-rise-for-alex-round-2014,tribute,2,away,knights,1
20141112180,2014,21,Wests Tigers,Melbourne Storm,0,6,28,0.473617806549,0.473617806549,0.473458044807,0.473458044807,20.3135503754,22.5254624183,20.3135503754,22.5254624183,True,-10.5,0,0,0,0,0,1,,,Campbelltown Stadium,-2,-1.80555555556,-17.9217459021,0,0,,,,,,,
20141112210,2014,22,South Sydney Rabbitohs,Manly-Warringah Sea Eagles,1,23,4,0.619401620578,0.619401620578,0.620097925458,0.620097925458,20.674899511,15.9122388368,20.674899511,15.9122388368,True,-2.5,0,0,0,0,0,1,,,Sydney Cricket Ground,-2,-1.80208333333,-6.57711890877,0,0,,,,,,,
20141112220,2014,22,Brisbane Broncos,Canterbury-Bankstown Bulldogs,1,41,10,0.606494651367,0.606494651367,0.607120861778,0.607120861778,23.4220967708,17.7001679804,23.4220967708,17.7001679804,True,2.5,0,0,0,0,0,1,,,Suncorp Stadium,-2,0,14.979307577,0,0,,,,,,,
20141112230,2014,22,Newcastle Knights,Melbourne Storm,1,32,30,0.411472298068,0.411472298068,0.410946594883,0.410946594883,19.5790024751,25.1973299613,19.5790024751,25.1973299613,True,-12.5,0,0,0,0,0,1,tribute_milestone,,McDonald Jones Stadium,0,1.16666666667,-23.9748248488,0,0,35,tribute-knights-rise-for-alex-round-2014,tribute,3,home,knights,1
20141112240,2014,22,North Queensland Cowboys,Wests Tigers,1,64,6,0.70046866545,0.70046866545,0.701548947249,0.701548947249,26.7449285992,14.7238361707,26.7449285992,14.7238361707,True,18.5,0,0,0,0,0,1,,,1300SMILES Stadium,6,2.0625,38.8253785497,0,0,,,,,,,
20141112250,2014,22,Parramatta Eels,Canberra Raiders,1,18,10,0.662985463062,0.662985463062,0.663902078979,0.663902078979,29.6082318312,19.1639787856,29.6082318312,19.1639787856,True,12.5,0,0,0,0,0,1,,,TIO Stadium,2,0.958333333333,-6.68954655626,0,0,,,,,,,
20141112260,2014,22,New Zealand Warriors,Cronulla-Sutherland Sharks,1,16,12,0.711886096954,0.711886096954,0.713010401043,0.713010401043,30.4312599714,15.9454690594,30.4312599714,15.9454690594,True,15.5,0,0,0,0,0,1,,,Mt Smart Stadium,2,-0.958333333333,58.0341280885,0,0,,,,,,,
20141112270,2014,22,St. George Illawarra Dragons,Penrith Panthers,0,4,16,0.549689609091,0.549689609091,0.54998907081,0.54998907081,21.5781978095,19.5143991228,21.5781978095,19.5143991228,True,4.5,0,0,0,0,0,1,,,WIN Stadium,0,-0.989583333333,-6.47672947923,0,0,,,,,,,
20141112280,2014,22,Sydney Roosters,Gold Coast Titans,1,26,18,0.692693060953,0.692693060953,0.693741704757,0.693741704757,27.088893936,15.5478310621,27.088893936,15.5478310621,True,10,0,0,0,0,0,1,leadership_change,,Allianz Stadium,0,-0.0833333333333,45.2174395092,0,0,12,leadership-titans-2014-cartwright-henry,effective,-1,away,titans,1
20141112310,2014,23,South Sydney Rabbitohs,Brisbane Broncos,1,42,16,0.641973491903,0.641973491903,0.642787367769,0.642787367769,24.1609589363,16.6865081328,24.1609589363,16.6865081328,True,8,0,0,0,0,0,1,,,ANZ Stadium,4,0,38.6661678274,0,0,,,,,,,
20141112320,2014,23,Parramatta Eels,Canterbury-Bankstown Bulldogs,0,16,18,0.623568029791,0.623568029791,0.62428654041,0.62428654041,23.1338516291,16.9014716001,23.1338516291,16.9014716001,True,2.5,0,0,0,0,0,1,,,Bankwest Stadium,4,-1.01041666667,-13.4101814096,0,0,,,,,,,
20141112330,2014,23,Canberra Raiders,St. George Illawarra Dragons,0,16,34,0.445417488913,0.445417488913,0.445088995999,0.445088995999,21.8040852833,25.6819866725,21.8040852833,25.6819866725,True,-3,0,0,0,0,0,1,,,GIO Stadium,-2,0.791666666667,-31.9538838421,0,0,,,,,,,
20141112340,2014,23,Melbourne Storm,Cronulla-Sutherland Sharks,1,48,6,0.73127048778,0.73127048778,0.732462352452,0.732462352452,30.4793039136,13.273534552,30.4793039136,13.273534552,True,20,0,0,0,0,0,1,,,AAMI Park,4,0.9375,61.6849850108,0,0,,,,,,,
20141112350,2014,23,Wests Tigers,Sydney Roosters,0,4,48,0.411465932517,0.411465932517,0.410940193182,0.410940193182,19.5772828058,27.2238131313,19.5772828058,27.2238131313,True,-12,0,0,0,0,0,1,,,Leichhardt Oval,-4,0.979166666667,-54.7853576894,0,0,,,,,,,
20141112360,2014,23,Newcastle Knights,New Zealand Warriors,1,28,22,0.482706770955,0.482706770955,0.482601936778,0.482601936778,21.6243305948,23.6553380173,21.6243305948,23.6553380173,True,-4,0,0,0,0,0,1,,,McDonald Jones Stadium,0,0.9375,-59.6952061133,0,0,,,,,,,
20141112370,2014,23,Gold Coast Titans,Manly-Warringah Sea Eagles,0,12,15,0.459309059975,0.459309059975,0.459063288002,0.459063288002,19.8279925735,23.4691356308,19.8279925735,23.4691356308,True,-9.5,1,0,1,1,1,1,leadership_change,0,Cbus Super Stadium,-6,-1.96875,-63.2392374446,0,0,12,leadership-titans-2014-cartwright-henry,effective,0,home,titans,1
20141112380,2014,23,Penrith Panthers,North Queensland Cowboys,1,23,22,0.597433664431,0.597433664431,0.59800958284,0.59800958284,21.3342792192,16.9998402335,21.3342792192,16.9998402335,True,-2.5,0,0,0,0,0,1,,,Panthers Stadium,-2,-0.8125,-17.3908986485,0,0,,,,,,,
20141112410,2014,24,Canterbury-Bankstown Bulldogs,Wests Tigers,1,30,10,0.692613612234,0.692613612234,0.693661926114,0.693661926114,29.9012455336,16.2707334358,29.9012455336,16.2707334358,True,14.5,0,0,0,0,0,1,,,ANZ Stadium,0,1.98958333333,27.1056761351,0,0,,,,,,,
20141112420,2014,24,Parramatta Eels,Manly-Warringah Sea Eagles,1,22,12,0.493048002844,0.493048002844,0.493005830318,0.493005830318,19.8059667112,20.7285109558,19.8059667112,20.7285109558,True,-4.5,0,0,0,0,0,1,,,Bankwest Stadium,-2,2.80208333333,-53.0443160845,0,0,,,,,,,
20141112430,2014,24,Brisbane Broncos,Newcastle Knights,1,48,6,0.670082181389,0.670082181389,0.671031838723,0.671031838723,28.1276851171,17.4846857473,28.1276851171,17.4846857473,True,10.5,0,0,0,0,0,1,,,Suncorp Stadium,-2,2.76041666667,35.050966103,0,0,,,,,,,
20141112440,2014,24,South Sydney Rabbitohs,North Queensland Cowboys,0,10,22,0.644335742516,0.644335742516,0.645161512589,0.645161512589,22.7144778755,15.4967664621,22.7144778755,15.4967664621,True,8,0,0,0,0,0,1,,,ANZ Stadium,2,3.96875,9.93548639346,0,0,,,,,,,
20141112450,2014,24,New Zealand Warriors,Sydney Roosters,0,12,46,0.54128259342,0.54128259342,0.541531906186,0.541531906186,21.0766716238,19.264694356,21.0766716238,19.264694356,True,-2,0,0,0,0,0,1,,,Mt Smart Stadium,-4,-0.770833333333,6.0151175719,0,0,,,,,,,
20141112460,2014,24,Cronulla-Sutherland Sharks,Canberra Raiders,0,12,22,0.57519373462,0.57519373462,0.575642965558,0.575642965558,26.0229346965,20.7763301531,26.0229346965,20.7763301531,True,-4,0,0,0,0,0,1,,,PointsBet Stadium,2,-0.104166666667,3.28275000796,0,0,,,,,,,
20141112470,2014,24,St. George Illawarra Dragons,Gold Coast Titans,1,34,6,0.683273783788,0.683273783788,0.684282408165,0.684282408165,26.6335343745,16.5312548023,26.6335343745,16.5312548023,True,10,0,1,1,1,1,1,leadership_change,1,Netstrata Jubilee Stadium,2,1,12.951042152,0,0,12,leadership-titans-2014-cartwright-henry,effective,1,away,titans,1
20141112480,2014,24,Penrith Panthers,Melbourne Storm,0,10,24,0.610928679853,0.610928679853,0.611579184054,0.611579184054,22.0639338564,18.250849453,22.0639338564,18.250849453,True,-6.5,0,0,0,0,0,1,,,Panthers Stadium,-2,-2.0625,-6.73116612957,0,0,,,,,,,
20141112510,2014,25,Canterbury-Bankstown Bulldogs,South Sydney Rabbitohs,0,14,21,0.502571371669,0.502571371669,0.502586971994,0.502586971994,20.0626273823,23.3462031264,20.0626273823,23.3462031264,True,-10,0,0,0,0,0,1,,,ANZ Stadium,-4,1.98958333333,-79.3622220451,0,0,,,,,,,
20141112520,2014,25,Brisbane Broncos,St. George Illawarra Dragons,1,30,22,0.654976517521,0.654976517521,0.65585480734,0.65585480734,26.1205581343,15.9117769401,26.1205581343,15.9117769401,True,7.5,0,0,0,0,0,1,,,Suncorp Stadium,-2,0.895833333333,13.3145583208,0,0,,,,,,,
20141112530,2014,25,Newcastle Knights,Parramatta Eels,1,42,12,0.54482245672,0.54482245672,0.545092923639,0.545092923639,23.3517990703,21.1846673338,23.3517990703,21.1846673338,True,-4,0,0,0,0,0,1,,,McDonald Jones Stadium,-2,-0.90625,11.6278044715,0,0,,,,,,,
20141112540,2014,25,Canberra Raiders,Wests Tigers,1,27,12,0.61553372432,0.61553372432,0.61620922543,0.61620922543,28.071218214,18.9649129272,28.071218214,18.9649129272,True,6.5,0,0,0,0,0,1,,,GIO Stadium,2,-2.76041666667,17.3428203381,0,0,,,,,,,
20141112550,2014,25,Sydney Roosters,Melbourne Storm,1,24,12,0.67388316425,0.67388316425,0.674850147216,0.674850147216,24.2505587411,17.4795388631,24.2505587411,17.4795388631,True,4.5,0,0,0,0,0,1,,,Allianz Stadium,0,1.20833333333,8.22431956986,0,0,,,,,,,
20141112560,2014,25,New Zealand Warriors,Gold Coast Titans,1,42,0,0.726715415598,0.726715415598,0.727892260434,0.727892260434,30.1027053726,16.2026329647,30.1027053726,16.2026329647,True,15.5,0,1,1,1,1,1,leadership_change,2,Mt Smart Stadium,4,0.0416666666667,41.6342252284,0,0,12,leadership-titans-2014-cartwright-henry,effective,2,away,titans,1
20141112570,2014,25,Manly-Warringah Sea Eagles,Penrith Panthers,1,26,25,0.66310608229,0.66310608229,0.664023267149,0.664023267149,23.7785981895,15.5045340601,23.7785981895,15.5045340601,True,14.5,0,0,0,0,0,1,,,Lottoland,0,2.96875,15.7954526592,0,0,,,,,,,
20141112580,2014,25,North Queensland Cowboys,Cronulla-Sutherland Sharks,1,20,19,0.702374045154,0.702374045154,0.703461878899,0.703461878899,30.7417763133,15.1730265523,30.7417763133,15.1730265523,True,35,0,0,0,0,0,1,,,1300SMILES Stadium,6,0.770833333333,86.1339808035,0,0,,,,,,,
20141112610,2014,26,Sydney Roosters,South Sydney Rabbitohs,1,22,18,0.639288651689,0.639288651689,0.640088909599,0.640088909599,21.0626969742,16.1157210327,21.0626969742,16.1157210327,True,4,0,0,0,0,0,1,,,Allianz Stadium,2,-1.98958333333,-0.847175377937,0,0,,,,,,,
20141112620,2014,26,Melbourne Storm,Brisbane Broncos,1,22,12,0.66742538542,0.66742538542,0.668362777201,0.668362777201,24.2182108757,14.8284890745,24.2182108757,14.8284890745,True,8.5,0,0,0,0,0,1,,,AAMI Park,0,-0.989583333333,7.8755148361,0,0,,,,,,,
20141112630,2014,26,Wests Tigers,Cronulla-Sutherland Sharks,1,26,10,0.560460477461,0.560460477461,0.560823674653,0.560823674653,25.0664641331,20.9197707199,25.0664641331,20.9197707199,True,8.5,0,0,0,0,0,1,,,Leichhardt Oval,0,2.0625,-13.0022846569,0,0,,,,,,,
20141112640,2014,26,Canberra Raiders,Parramatta Eels,1,33,20,0.498965815669,0.498965815669,0.498959541255,0.498959541255,23.7249248102,21.6096463935,23.7249248102,21.6096463935,True,-6.5,0,0,0,0,0,1,,,GIO Stadium,-2,-0.104166666667,-25.9425606609,0,0,,,,,,,
20141112650,2014,26,North Queensland Cowboys,Manly-Warringah Sea Eagles,1,30,16,0.648700683847,0.648700683847,0.649548211014,0.649548211014,22.7876067454,16.2425403546,22.7876067454,16.2425403546,True,7.5,0,0,0,0,0,1,,,1300SMILES Stadium,2,-1.16666666667,26.9139682577,0,0,,,,,,,
20141112660,2014,26,Newcastle Knights,St. George Illawarra Dragons,1,40,10,0.56674078171,0.56674078171,0.56714082981,0.56714082981,23.4354655852,20.9583543171,23.4354655852,20.9583543171,True,5.5,0,0,0,0,0,1,,,McDonald Jones Stadium,2,-0.802083333333,-33.4678932476,0,0,,,,,,,
20141112670,2014,26,Gold Coast Titans,Canterbury-Bankstown Bulldogs,1,19,18,0.45655518184,0.45655518184,0.456292941331,0.456292941331,21.1519528394,22.3558299581,21.1519528394,22.3558299581,True,-10,0,0,0,0,0,1,leadership_change,,Cbus Super Stadium,-4,-2.84375,-12.9350159611,0,0,12,leadership-titans-2014-cartwright-henry,effective,3,home,titans,1
20141112680,2014,26,Penrith Panthers,New Zealand Warriors,1,22,6,0.631700271414,0.631700271414,0.632461486357,0.632461486357,24.303060335,18.2594481568,24.303060335,18.2594481568,True,2.5,0,0,0,0,0,1,,,Panthers Stadium,0,0.0416666666667,-2.05884371538,0,0,,,,,,,
20141112710,2014,27,Manly-Warringah Sea Eagles,South Sydney Rabbitohs,0,24,40,0.533454288819,0.533454288819,0.53365664535,0.53365664535,20.0469324839,17.6401047539,20.0469324839,17.6401047539,True,-6.5,0,0,0,0,0,1,,,Allianz Stadium,-2,-1.98958333333,-30.2383754783,0,0,,,,,,,
20141112720,2014,27,Sydney Roosters,Penrith Panthers,0,18,19,0.664694336131,0.664694336131,0.66561898912,0.66561898912,24.4385988494,14.6476135572,24.4385988494,14.6476135572,True,10.5,0,0,0,0,0,1,,,Allianz Stadium,4,2.94791666667,45.3520584913,0,0,,,,,,,
20141112730,2014,27,North Queensland Cowboys,Brisbane Broncos,1,32,20,0.638014345684,0.638014345684,0.638808103678,0.638808103678,24.937955755,17.3892005645,24.937955755,17.3892005645,True,8,0,0,0,0,0,1,,,1300SMILES Stadium,2,-0.989583333333,9.58066466326,0,0,,,,,,,
20141112740,2014,27,Melbourne Storm,Canterbury-Bankstown Bulldogs,0,4,28,0.702794238453,0.702794238453,0.703883726764,0.703883726764,26.39657168,14.2873064779,26.39657168,14.2873064779,True,8,0,0,0,0,0,1,,,AAMI Park,2,1.80208333333,42.6627347454,0,0,,,,,,,
20141112810,2014,28,Sydney Roosters,North Queensland Cowboys,1,31,30,0.696677000981,0.696677000981,0.697742017443,0.697742017443,24.0781784377,16.4329790899,24.0781784377,16.4329790899,True,7,0,0,0,0,0,1,,,Allianz Stadium,0,0.0868055555556,14.3768905065,0,0,,,,,,,
20141112820,2014,28,Manly-Warringah Sea Eagles,Canterbury-Bankstown Bulldogs,0,17,18,0.655911297852,0.655911297852,0.656794115792,0.656794115792,25.2767873936,18.4650743608,25.2767873936,18.4650743608,True,-4.5,0,0,0,0,0,1,,,Allianz Stadium,-2,1.84375,29.6395487986,0,0,,,,,,,
20141112910,2014,29,South Sydney Rabbitohs,Sydney Roosters,1,32,22,0.570098111137,0.570098111137,0.5705177536,0.5705177536,21.5545108938,18.8085178748,21.5545108938,18.8085178748,True,2.5,0,0,0,0,0,1,,,ANZ Stadium,-2,7,-2.8871334243,0,0,,,,,,,
20141112920,2014,29,Penrith Panthers,Canterbury-Bankstown Bulldogs,0,12,18,0.664913951967,0.664913951967,0.66583963417,0.66583963417,25.4412515108,16.3684976347,25.4412515108,16.3684976347,True,-2.5,0,0,0,0,0,1,,,ANZ Stadium,0,7.07986111111,16.6555721002,0,0,,,,,,,
20141113010,2014,30,South Sydney Rabbitohs,Canterbury-Bankstown Bulldogs,1,30,6,0.674056943042,0.674056943042,0.675024711776,0.675024711776,26.2629892296,16.0071811094,26.2629892296,16.0071811094,True,8.5,0,0,0,0,0,1,,,ANZ Stadium,0,1,49.4210614421,0,0,,,,,,,
20151110110,2015,1,Brisbane Broncos,South Sydney Rabbitohs,0,6,36,0.558689588065,0.558689588065,0.558953685544,0.558953685544,21.0019665015,19.0737579706,21.0019665015,19.0737579706,True,-2.5,0,0,0,0,0,1,,,Suncorp Stadium,0,0,-32.0719483806,0,0,,,,,,,
20151110120,2015,1,Parramatta Eels,Manly-Warringah Sea Eagles,1,42,12,0.527612020322,0.527612020322,0.527737177849,0.527737177849,20.7877771541,19.7678345733,20.7877771541,19.7678345733,True,-1.5,0,0,0,0,0,1,,,CommBank Stadium,0,0,-37.4668175211,0,0,,,,,,,
20151110130,2015,1,Newcastle Knights,New Zealand Warriors,1,24,14,0.542410341912,0.542410341912,0.542602039079,0.542602039079,21.3923354564,17.904023974,21.3923354564,17.904023974,True,4.5,0,0,0,0,0,1,,,McDonald Jones Stadium,0,0,-36.4016628268,0,0,,,,,,,
20151110140,2015,1,Gold Coast Titans,Wests Tigers,0,18,19,0.52258698287,0.52258698287,0.522689432864,0.522689432864,22.0982895861,19.7021428314,22.0982895861,19.7021428314,True,-5.5,0,0,0,0,0,1,,,Cbus Super Stadium,0,0,25.8364394515,0,0,,,,,,,
20151110150,2015,1,North Queensland Cowboys,Sydney Roosters,0,4,28,0.559459622691,0.559459622691,0.559727118918,0.559727118918,21.7434577451,19.5033374408,21.7434577451,19.5033374408,True,2.5,0,0,0,0,0,1,,,1300SMILES Stadium,0,0,-6.08348777475,0,0,,,,,,,
20151110160,2015,1,Penrith Panthers,Canterbury-Bankstown Bulldogs,1,24,18,0.611113299677,0.611113299677,0.611601084004,0.611601084004,22.2208553498,18.633554474,22.2208553498,18.633554474,True,-2.5,0,0,0,0,0,1,,,BlueBet Stadium,0,0,14.5756969408,0,0,,,,,,,
20151110170,2015,1,Cronulla-Sutherland Sharks,Canberra Raiders,0,20,24,0.563888781164,0.563888781164,0.564175775017,0.564175775017,20.9438507792,17.1928590147,20.9438507792,17.1928590147,True,7.5,0,0,0,0,0,1,,,PointsBet Stadium,0,0,-7.12913335112,0,0,,,,,,,
20151110180,2015,1,St. George Illawarra Dragons,Melbourne Storm,0,4,12,0.550580479523,0.550580479523,0.550808635942,0.550808635942,20.9320508699,18.1696858266,20.9320508699,18.1696858266,True,-4,0,0,0,0,0,1,,,Netstrata Jubilee Stadium,0,0,-28.5494072715,0,0,,,,,,,
20151110210,2015,2,Canterbury-Bankstown Bulldogs,Parramatta Eels,1,32,12,0.543655182526,0.543655182526,0.54385244924,0.54385244924,22.4452934792,18.1861886283,22.4452934792,18.1861886283,True,2.5,0,0,0,0,0,1,,,Accor Stadium,-2,-1.84375,17.5120286842,0,0,,,,,,,
20151110220,2015,2,Cronulla-Sutherland Sharks,Brisbane Broncos,0,2,10,0.450864514086,0.450864514086,0.45064278901,0.45064278901,20.088520166,18.3512103436,20.088520166,18.3512103436,True,-2.5,0,0,0,0,0,1,,,PointsBet Stadium,0,-2.97569444444,-35.9506406629,0,0,,,,,,,
20151110230,2015,2,Penrith Panthers,Gold Coast Titans,1,40,0,0.579602874478,0.579602874478,0.579958250369,0.579958250369,22.45171055,15.1658424709,22.45171055,15.1658424709,True,12.5,0,0,0,0,0,1,,,Carrington Park,2,-0.916666666667,28.0941698008,0,0,,,,,,,
20151110240,2015,2,Manly-Warringah Sea Eagles,Melbourne Storm,1,24,22,0.42124393156,0.42124393156,0.420892206037,0.420892206037,19.8719083557,19.737753813,19.8719083557,19.737753813,True,-4,0,0,0,0,0,1,,,4 Pines Park,-2,2.96875,-4.94404731851,0,0,,,,,,,
20151110250,2015,2,North Queensland Cowboys,Newcastle Knights,0,14,16,0.512744888844,0.512744888844,0.512802751162,0.512802751162,22.0798705099,18.3688841945,22.0798705099,18.3688841945,True,8.5,0,0,0,0,0,1,,,1300SMILES Stadium,-2,-0.145833333333,21.0457932162,0,0,,,,,,,
20151110260,2015,2,South Sydney Rabbitohs,Sydney Roosters,1,34,26,0.515467292645,0.515467292645,0.515537500296,0.515537500296,20.8806265048,18.2842210588,20.8806265048,18.2842210588,True,2.5,0,0,0,0,0,1,,,Accor Stadium,0,2.03819444444,7.38519436198,0,0,,,,,,,
20151110270,2015,2,Canberra Raiders,New Zealand Warriors,0,6,18,0.490943954717,0.490943954717,0.490902831018,0.490902831018,20.6473557903,20.3885337784,20.6473557903,20.3885337784,True,-2.5,0,0,0,0,0,1,,,GIO Stadium,2,-1.08333333333,-22.4599202984,0,0,,,,,,,
20151110280,2015,2,Wests Tigers,St. George Illawarra Dragons,1,22,4,0.495621262665,0.495621262665,0.495601375367,0.495601375367,19.8116258407,17.5666037868,19.8116258407,17.5666037868,True,6,0,0,0,0,0,1,,,Campbelltown Sports Stadium,2,2.04166666667,-25.1163033117,0,0,,,,,,,
20151110310,2015,3,Manly-Warringah Sea Eagles,Canterbury-Bankstown Bulldogs,0,12,16,0.480391561093,0.480391561093,0.480302591099,0.480302591099,20.5501005715,20.4760538487,20.5501005715,20.4760538487,True,-5.5,0,0,0,0,0,1,,,4 Pines Park,0,-0.975694444444,-9.9179201899,0,0,,,,,,,
20151110320,2015,3,Brisbane Broncos,North Queensland Cowboys,1,44,22,0.61543019215,0.61543019215,0.615935522191,0.615935522191,21.2921020077,16.1748498759,21.2921020077,16.1748498759,True,-2.5,0,0,0,0,0,1,,,Suncorp Stadium,2,0.975694444444,-12.7717361696,0,0,,,,,,,
20151110330,2015,3,New Zealand Warriors,Parramatta Eels,1,29,16,0.641391415313,0.641391415313,0.641998587661,0.641998587661,23.1769942899,17.1580971572,23.1769942899,17.1580971572,True,7.5,0,0,0,0,0,1,,,Go Media Stadium,0,-1.95486111111,4.92264768735,0,0,,,,,,,
20151110340,2015,3,Canberra Raiders,St. George Illawarra Dragons,0,20,22,0.593315264406,0.593315264406,0.593729126601,0.593729126601,21.1247681375,15.6813244413,21.1247681375,15.6813244413,True,4.5,0,0,0,0,0,1,,,GIO Stadium,2,1.02083333333,-6.71305946427,0,0,,,,,,,
20151110350,2015,3,Melbourne Storm,Cronulla-Sutherland Sharks,1,36,18,0.618002607554,0.618002607554,0.618518315837,0.618518315837,22.5692155875,15.1286986321,22.5692155875,15.1286986321,True,10.5,0,0,0,0,0,1,,,AAMI Park,2,-0.934027777778,38.4290503894,0,0,,,,,,,
20151110360,2015,3,South Sydney Rabbitohs,Wests Tigers,1,20,6,0.608489551911,0.608489551911,0.608966595249,0.608966595249,22.0487308404,16.2478485226,22.0487308404,16.2478485226,True,11.5,0,0,0,0,0,1,,,Accor Stadium,0,1.125,69.653054005,0,0,,,,,,,
20151110370,2015,3,Gold Coast Titans,Newcastle Knights,0,18,20,0.410352956484,0.410352956484,0.40995461963,0.40995461963,19.3457696403,21.209861634,19.3457696403,21.209861634,True,-2.5,0,0,0,0,0,1,,,Cbus Super Stadium,-4,0.145833333333,-27.3814990363,0,0,,,,,,,
20151110380,2015,3,Sydney Roosters,Penrith Panthers,1,20,12,0.568818893629,0.568818893629,0.569127481045,0.569127481045,22.5886687422,15.5063998282,22.5886687422,15.5063998282,True,7.5,0,0,0,0,0,1,,,Allianz Stadium,-2,-0.979166666667,23.8289833803,0,0,,,,,,,
20151110410,2015,4,Parramatta Eels,South Sydney Rabbitohs,1,29,16,0.39677024051,0.39677024051,0.396314897904,0.396314897904,19.3879987169,24.0877010504,19.3879987169,24.0877010504,True,-8.5,0,0,0,0,0,1,,,CommBank Stadium,-4,0.958333333333,-54.2648485029,0,0,,,,,,,
20151110420,2015,4,Wests Tigers,Canterbury-Bankstown Bulldogs,0,24,25,0.476252415066,0.476252415066,0.476144716401,0.476144716401,19.9312508114,18.1463993148,19.9312508114,18.1463993148,True,-6.5,0,0,0,0,0,1,,,Accor Stadium,0,-1.85069444444,-25.7968764005,0,0,,,,,,,
20151110430,2015,4,Newcastle Knights,Penrith Panthers,1,26,14,0.558070640996,0.558070640996,0.558332004727,0.558332004727,20.1838277898,17.0712531654,20.1838277898,17.0712531654,True,2.5,0,0,0,0,0,1,,,McDonald Jones Stadium,2,1.0625,-16.3105543228,0,0,,,,,,,
20151110440,2015,4,Cronulla-Sutherland Sharks,Gold Coast Titans,0,22,24,0.541621462978,0.541621462978,0.541809628108,0.541809628108,22.2636846842,17.2889541895,22.2636846842,17.2889541895,True,4,0,0,0,0,0,1,,,PointsBet Stadium,0,0.916666666667,7.50106720957,0,0,,,,,,,
20151110450,2015,4,St. George Illawarra Dragons,Manly-Warringah Sea Eagles,1,12,4,0.59086912653,0.59086912653,0.591272645923,0.591272645923,21.9279076059,16.0945340053,21.9279076059,16.0945340053,True,-5.5,0,0,0,0,0,1,,,WIN Stadium,0,-0.913194444444,-8.75270478861,0,0,,,,,,,
20151110460,2015,4,New Zealand Warriors,Brisbane Broncos,0,16,24,0.641317419486,0.641317419486,0.64192431132,0.64192431132,22.0227471312,17.5378869258,22.0227471312,17.5378869258,True,2.5,0,0,0,0,0,1,,,Go Media Stadium,0,-0.892361111111,7.09194922051,0,0,,,,,,,
20151110470,2015,4,Sydney Roosters,Canberra Raiders,1,34,6,0.616529766063,0.616529766063,0.617039539434,0.617039539434,22.8024181003,15.4196241373,22.8024181003,15.4196241373,True,16.5,0,0,0,0,0,1,,,Allianz Stadium,2,-2.0625,48.8459406698,0,0,,,,,,,
20151110480,2015,4,North Queensland Cowboys,Melbourne Storm,1,18,17,0.426524061945,0.426524061945,0.426195190661,0.426195190661,20.2226885681,20.7544254345,20.2226885681,20.7544254345,True,2.5,0,0,0,0,0,1,,,1300SMILES Stadium,-4,0.996527777778,0.893258306625,0,0,,,,,,,
20151110510,2015,5,Canterbury-Bankstown Bulldogs,South Sydney Rabbitohs,0,17,18,0.513180144151,0.513180144151,0.513239980732,0.513239980732,20.0502497456,18.6511164851,20.0502497456,18.6511164851,True,-2.5,0,0,0,0,0,1,,,Accor Stadium,0,0,-35.6741107712,0,0,,,,,,,
20151110520,2015,5,Gold Coast Titans,Brisbane Broncos,0,16,26,0.44784612903,0.44784612903,0.447610978652,0.447610978652,19.4534167526,19.1208542157,19.4534167526,19.1208542157,True,-3.5,0,0,0,0,0,1,,,Cbus Super Stadium,-4,0.854166666667,-42.6216448255,0,0,,,,,,,
20151110530,2015,5,Manly-Warringah Sea Eagles,Canberra Raiders,0,16,29,0.515222835553,0.515222835553,0.515291934981,0.515291934981,22.823572158,16.2142205115,22.823572158,16.2142205115,True,2.5,0,0,0,0,0,1,,,Other,0,0.770833333333,10.2428693558,0,0,,,,,,,
20151110540,2015,5,Newcastle Knights,St. George Illawarra Dragons,0,0,13,0.658016494537,0.658016494537,0.658685107799,0.658685107799,22.7828845169,14.4928160679,22.7828845169,14.4928160679,True,6.5,0,0,0,0,0,1,,,McDonald Jones Stadium,4,0.1875,19.9919363914,0,0,,,,,,,
20151110550,2015,5,Sydney Roosters,Cronulla-Sutherland Sharks,0,12,20,0.555385773873,0.555385773873,0.555635260373,0.555635260373,23.1701133847,15.6700242603,23.1701133847,15.6700242603,True,12,0,0,0,0,0,1,,,Allianz Stadium,6,-0.854166666667,65.7004286025,0,0,,,,,,,
20151110560,2015,5,Parramatta Eels,Wests Tigers,0,6,22,0.533562153219,0.533562153219,0.533714131829,0.533714131829,21.0087709933,17.7651410162,21.0087709933,17.7651410162,True,-2.5,0,0,0,0,0,1,,,Accor Stadium,0,0,4.04914623243,0,0,,,,,,,
20151110570,2015,5,Melbourne Storm,New Zealand Warriors,1,30,14,0.677276503442,0.677276503442,0.678011983212,0.678011983212,21.7971832812,14.6073807897,21.7971832812,14.6073807897,True,6.5,0,0,0,0,0,1,,,AAMI Park,0,-1.16666666667,2.01663858081,0,0,,,,,,,
20151110580,2015,5,Penrith Panthers,North Queensland Cowboys,0,10,30,0.645086962277,0.645086962277,0.645708067374,0.645708067374,23.4262432966,16.0001791617,23.4262432966,16.0001791617,True,3.5,0,0,0,0,0,1,,,BlueBet Stadium,2,2.125,22.0802389193,0,0,,,,,,,
20151110610,2015,6,Brisbane Broncos,Sydney Roosters,1,22,18,0.516254478775,0.516254478775,0.516328254594,0.516328254594,20.285194348,19.71969344,20.285194348,19.71969344,True,-3.5,0,0,0,0,0,1,,,Suncorp Stadium,2,1.85069444444,-26.4196056734,0,0,,,,,,,
20151110620,2015,6,Cronulla-Sutherland Sharks,Newcastle Knights,1,22,6,0.474753199053,0.474753199053,0.474638723866,0.474638723866,19.0533295752,19.3925209991,19.0533295752,19.3925209991,True,2.5,0,0,0,0,0,1,,,PointsBet Stadium,-6,-0.854166666667,-44.2754884974,0,0,,,,,,,
20151110630,2015,6,Parramatta Eels,Gold Coast Titans,0,16,38,0.605069298085,0.605069298085,0.605532255263,0.605532255263,23.3503236942,15.0977322538,23.3503236942,15.0977322538,True,6.5,0,0,0,0,0,1,,,CommBank Stadium,2,-2.80902777778,28.5256364839,0,0,,,,,,,
20151110640,2015,6,New Zealand Warriors,Wests Tigers,1,32,22,0.544526702342,0.544526702342,0.544727865376,0.544727865376,21.6781446558,17.6079591056,21.6781446558,17.6079591056,True,7.5,0,0,0,0,0,1,,,Go Media Stadium,-2,-0.0833333333333,22.7793737335,0,0,,,,,,,
20151110650,2015,6,Penrith Panthers,Manly-Warringah Sea Eagles,1,22,12,0.596091171489,0.596091171489,0.596516720108,0.596516720108,23.1423847699,17.0914196083,23.1423847699,17.0914196083,True,7.5,0,0,0,0,0,1,,,BlueBet Stadium,2,-2.0625,27.100860776,0,0,,,,,,,
20151110660,2015,6,Canberra Raiders,Melbourne Storm,0,10,14,0.413074287299,0.413074287299,0.412687526656,0.412687526656,19.452426164,22.993635379,19.452426164,22.993635379,True,-3.5,0,0,0,0,0,1,,,GIO Stadium,-2,1.97916666667,-36.533704457,0,0,,,,,,,
20151110670,2015,6,St. George Illawarra Dragons,Canterbury-Bankstown Bulldogs,1,31,6,0.554392648564,0.554392648564,0.554637734169,0.554637734169,20.1127702679,14.658423466,20.1127702679,14.658423466,True,2.5,0,0,0,0,0,1,,,Accor Stadium,0,-1.14583333333,-17.8305612587,0,0,,,,,,,
20151110680,2015,6,South Sydney Rabbitohs,North Queensland Cowboys,0,12,30,0.644051447087,0.644051447087,0.644668663445,0.644668663445,23.168860259,15.5647037122,23.168860259,15.5647037122,True,-2.5,0,0,0,0,0,1,,,Accor Stadium,4,3.125,31.7576877613,0,0,,,,,,,
20151110710,2015,7,Canterbury-Bankstown Bulldogs,Manly-Warringah Sea Eagles,1,28,16,0.600688648645,0.600688648645,0.60113342944,0.60113342944,23.7895179131,17.3881095022,23.7895179131,17.3881095022,True,2.5,0,0,0,0,0,1,,,Accor Stadium,4,-0.854166666667,27.7184619321,0,0,,,,,,,
20151110720,2015,7,St. George Illawarra Dragons,Brisbane Broncos,1,12,10,0.55129262853,0.55129262853,0.551523951718,0.551523951718,20.553416744,17.6366167809,20.553416744,17.6366167809,True,-2.5,0,0,0,0,0,1,,,Netstrata Jubilee Stadium,-2,-1.85069444444,-17.5469889628,0,0,,,,,,,
20151110730,2015,7,Gold Coast Titans,Penrith Panthers,1,32,6,0.431215764425,0.431215764425,0.430907328387,0.430907328387,20.1904307881,20.0910630213,20.1904307881,20.0910630213,True,2.5,0,0,0,0,0,1,,,Cbus Super Stadium,0,0.1875,-35.6771183034,0,0,,,,,,,
20151110740,2015,7,North Queensland Cowboys,New Zealand Warriors,1,28,24,0.632613322878,0.632613322878,0.633186810149,0.633186810149,22.4998539768,17.0896424436,22.4998539768,17.0896424436,True,9.5,0,0,0,0,0,1,,,1300SMILES Stadium,0,-1.97916666667,10.7639936659,0,0,,,,,,,
20151110750,2015,7,Melbourne Storm,Sydney Roosters,1,17,16,0.605393441133,0.605393441133,0.605857737303,0.605857737303,20.5829894772,17.103517029,20.5829894772,17.103517029,True,-3.5,0,0,0,0,0,1,,,AAMI Park,2,-1.76736111111,-11.9252091398,0,0,,,,,,,
20151110760,2015,7,Wests Tigers,Canberra Raiders,0,22,30,0.630737763258,0.630737763258,0.631303949592,0.631303949592,22.6414820575,15.2421099558,22.6414820575,15.2421099558,True,10.5,0,0,0,0,0,1,,,Leichhardt Oval,2,0.770833333333,10.6959524507,0,0,,,,,,,
20151110770,2015,7,Newcastle Knights,Parramatta Eels,0,22,28,0.64380328503,0.64380328503,0.644419567668,0.644419567668,23.8612018229,15.9390249982,23.8612018229,15.9390249982,True,6.5,0,0,0,0,0,1,,,McDonald Jones Stadium,4,0.809027777778,14.1369824039,0,0,,,,,,,
20151110780,2015,7,Cronulla-Sutherland Sharks,South Sydney Rabbitohs,1,18,10,0.517615561653,0.517615561653,0.517695505246,0.517695505246,19.7428032919,19.3955816784,19.7428032919,19.3955816784,True,-6,0,0,0,0,0,1,,,PointsBet Stadium,-2,2.97569444444,-52.7625120806,0,0,,,,,,,
20151110810,2015,8,Canterbury-Bankstown Bulldogs,Wests Tigers,0,14,38,0.605941521937,0.605941521937,0.606408080257,0.606408080257,22.6886954339,18.4300611496,22.6886954339,18.4300611496,True,2.5,0,0,0,0,0,1,,,Accor Stadium,4,1.76736111111,6.94001811844,0,0,,,,,,,
20151110820,2015,8,New Zealand Warriors,Gold Coast Titans,0,28,32,0.607670182993,0.607670182993,0.608143860407,0.608143860407,23.6622101909,18.0822906185,23.6622101909,18.0822906185,True,10,0,0,0,0,0,1,,,Go Media Stadium,-2,-0.104166666667,23.2100173737,0,0,,,,,,,
20151110830,2015,8,Newcastle Knights,North Queensland Cowboys,0,24,26,0.575950199089,0.575950199089,0.576289799452,0.576289799452,20.8180450762,21.0682543536,20.8180450762,21.0682543536,True,-3.5,0,0,0,0,0,1,,,McDonald Jones Stadium,-4,-0.9375,-27.8133828618,0,0,,,,,,,
20151110840,2015,8,Sydney Roosters,St. George Illawarra Dragons,0,12,14,0.64143859051,0.64143859051,0.642045941664,0.642045941664,22.0051460617,14.5229039487,22.0051460617,14.5229039487,True,7.5,0,0,0,0,0,1,,,Allianz Stadium,-6,-0.996527777778,17.9626807449,0,0,,,,,,,
20151110850,2015,8,Melbourne Storm,Manly-Warringah Sea Eagles,0,10,12,0.653381403509,0.653381403509,0.65403321382,0.65403321382,25.1322543081,14.1963327555,25.1322543081,14.1963327555,True,9.5,0,0,0,0,0,1,,,AAMI Park,8,-0.996527777778,37.203162523,0,0,,,,,,,
20151110860,2015,8,Brisbane Broncos,Parramatta Eels,1,28,16,0.666867898399,0.666867898399,0.66756785212,0.66756785212,24.4586633941,15.8237768273,24.4586633941,15.8237768273,True,8,0,0,0,0,0,1,,,Suncorp Stadium,4,1.85069444444,40.4256367215,0,0,,,,,,,
20151110870,2015,8,Penrith Panthers,Cronulla-Sutherland Sharks,1,26,18,0.558803469789,0.558803469789,0.559068070078,0.559068070078,20.972011754,17.4346237626,20.972011754,17.4346237626,True,-3.5,0,0,0,0,0,1,,,BlueBet Stadium,-4,2.16666666667,18.8743948486,0,0,,,,,,,
20151110880,2015,8,South Sydney Rabbitohs,Canberra Raiders,0,22,30,0.602318370616,0.602318370616,0.602769930852,0.602769930852,23.0218492784,16.0816083573,23.0218492784,16.0816083573,True,8,0,0,0,0,0,1,,,Other,0,-1.20833333333,37.0871097453,0,0,,,,,,,
20151110910,2015,9,Brisbane Broncos,Penrith Panthers,1,8,5,0.640230737117,0.640230737117,0.640833502532,0.640833502532,23.6852367275,14.3270161423,23.6852367275,14.3270161423,True,8.5,0,0,0,0,0,1,,,Suncorp Stadium,4,0.75,23.3402621763,0,0,,,,,,,
20151110920,2015,9,Sydney Roosters,Wests Tigers,1,36,4,0.676975931907,0.676975931907,0.677710406805,0.677710406805,23.5062492764,15.5650253088,23.5062492764,15.5650253088,True,8,0,0,0,0,0,1,,,Allianz Stadium,-2,-0.84375,40.2273586114,0,0,,,,,,,
20151110930,2015,9,Canberra Raiders,Gold Coast Titans,1,56,16,0.591206086535,0.591206086535,0.59161103311,0.59161103311,22.1145861706,19.5027508156,22.1145861706,19.5027508156,True,4,0,0,0,0,0,1,,,GIO Stadium,-2,-1.09375,-6.35654077171,0,0,,,,,,,
20151110940,2015,9,Cronulla-Sutherland Sharks,New Zealand Warriors,0,16,20,0.604106097736,0.604106097736,0.604565071161,0.604565071161,21.6500052671,19.5267119185,21.6500052671,19.5267119185,True,2.5,0,0,0,0,0,1,,,PointsBet Stadium,4,-1.01041666667,-10.4656499449,0,0,,,,,,,
20151110950,2015,9,North Queensland Cowboys,Canterbury-Bankstown Bulldogs,1,23,16,0.658561583208,0.658561583208,0.65923215518,0.65923215518,24.6999953713,16.5237547961,24.6999953713,16.5237547961,True,8,0,0,0,0,0,1,,,1300SMILES Stadium,6,-0.760416666667,21.6092765272,0,0,,,,,,,
20151110960,2015,9,Manly-Warringah Sea Eagles,Newcastle Knights,1,30,10,0.473284698796,0.473284698796,0.473163589955,0.473163589955,20.3353746119,21.7993361664,20.3353746119,21.7993361664,True,2.5,0,0,0,0,0,1,,,4 Pines Park,0,-0.166666666667,-13.4365513554,0,0,,,,,,,
20151110970,2015,9,Parramatta Eels,Melbourne Storm,0,10,28,0.421981922794,0.421981922794,0.421633381993,0.421633381993,19.2835434369,22.1383872265,19.2835434369,22.1383872265,True,-2.5,0,0,0,0,0,1,,,CommBank Stadium,-2,-0.0833333333333,-35.74873997,0,0,,,,,,,
20151110980,2015,9,South Sydney Rabbitohs,St. George Illawarra Dragons,1,16,10,0.535759592723,0.535759592723,0.535921455386,0.535921455386,20.248989899,17.6776262618,20.248989899,17.6776262618,True,6.5,0,0,0,0,0,1,,,Accor Stadium,-8,-1,4.12435905514,0,0,,,,,,,
20151111010,2015,10,Canterbury-Bankstown Bulldogs,Sydney Roosters,0,10,24,0.412598063572,0.412598063572,0.412209273616,0.412209273616,19.5449003515,23.5751783283,19.5449003515,23.5751783283,True,-4.5,0,0,0,0,0,1,,,Accor Stadium,0,-0.996527777778,-35.2551039944,0,0,,,,,,,
20151111020,2015,10,North Queensland Cowboys,Brisbane Broncos,1,31,20,0.582947593941,0.582947593941,0.583317346106,0.583317346106,21.4023516908,18.3558088861,21.4023516908,18.3558088861,True,4,0,0,0,0,0,1,,,1300SMILES Stadium,2,-0.996527777778,1.84564246786,0,0,,,,,,,
20151111030,2015,10,Parramatta Eels,New Zealand Warriors,0,13,17,0.464277198206,0.464277198206,0.464115500926,0.464115500926,20.6438030624,22.5821427868,20.6438030624,22.5821427868,True,2.5,0,0,0,0,0,1,,,CommBank Stadium,-2,-0.9375,-21.219276434,0,0,,,,,,,
20151111040,2015,10,Gold Coast Titans,Cronulla-Sutherland Sharks,0,22,23,0.582213251593,0.582213251593,0.582579853231,0.582579853231,22.274050295,18.6971476931,22.274050295,18.6971476931,True,3.5,0,0,0,0,0,1,,,Cbus Super Stadium,0,0.104166666667,6.92990650091,0,0,,,,,,,
20151111050,2015,10,Melbourne Storm,South Sydney Rabbitohs,1,16,12,0.667103798338,0.667103798338,0.667804573453,0.667804573453,22.2879238617,14.7343077685,22.2879238617,14.7343077685,True,7,0,0,0,0,0,1,,,AAMI Park,4,1.125,4.20143982081,0,0,,,,,,,
20151111060,2015,10,St. George Illawarra Dragons,Canberra Raiders,1,32,18,0.608653390735,0.608653390735,0.609131106456,0.609131106456,22.2449203258,16.6224108842,22.2449203258,16.6224108842,True,6,0,0,0,0,0,1,,,WIN Stadium,0,-2.16666666667,18.2991029413,0,0,,,,,,,
20151111070,2015,10,Newcastle Knights,Wests Tigers,1,22,12,0.564518631074,0.564518631074,0.564808390216,0.564808390216,21.6701777817,18.2734283432,21.6701777817,18.2734283432,True,2.5,0,0,0,0,0,1,,,McDonald Jones Stadium,-4,-1.76736111111,-6.20983034319,0,0,,,,,,,
20151111080,2015,10,Manly-Warringah Sea Eagles,Penrith Panthers,0,10,11,0.464540676728,0.464540676728,0.464380163943,0.464380163943,21.0890019796,18.7945808422,21.0890019796,18.7945808422,True,3.5,0,0,0,0,0,1,,,4 Pines Park,0,-1.76736111111,-14.8013194145,2.77205992474,0,,,,,,,
20151111110,2015,11,South Sydney Rabbitohs,Parramatta Eels,1,14,12,0.663714727596,0.663714727596,0.664403632065,0.664403632065,24.3947358555,13.6354701001,24.3947358555,13.6354701001,True,6,0,0,0,0,0,1,,,Accor Stadium,0,-0.1875,35.5013132433,0,0,,,,,,,
20151111120,2015,11,Wests Tigers,North Queensland Cowboys,0,0,8,0.4652384799,0.4652384799,0.465081105031,0.465081105031,20.0838493079,24.654805351,20.0838493079,24.654805351,True,6.5,0,0,0,0,0,1,,,Campbelltown Sports Stadium,-8,-1.85069444444,-32.5297756703,0,0,,,,,,,
20151111130,2015,11,Canberra Raiders,Canterbury-Bankstown Bulldogs,0,34,41,0.645464820631,0.645464820631,0.646087341726,0.646087341726,24.0832401717,16.9606365051,24.0832401717,16.9606365051,True,7.5,0,0,0,0,0,1,,,GIO Stadium,4,-1.76736111111,24.1295695878,0,0,,,,,,,
20151111140,2015,11,Newcastle Knights,Brisbane Broncos,0,18,31,0.489153366088,0.489153366088,0.489104116001,0.489104116001,19.8206623064,20.7553952283,19.8206623064,20.7553952283,True,5.5,0,0,0,0,0,1,,,McDonald Jones Stadium,-4,-1.85069444444,-34.4829020035,0,0,,,,,,,
20151111210,2015,12,Penrith Panthers,Parramatta Eels,0,20,26,0.605300559863,0.605300559863,0.605764472438,0.605764472438,23.6558508331,15.7779880233,23.6558508331,15.7779880233,True,7.5,0,0,0,0,0,1,,,BlueBet Stadium,4,4.03125,21.2845263351,0,0,,,,,,,
20151111220,2015,12,Gold Coast Titans,South Sydney Rabbitohs,0,16,22,0.482942567793,0.482942567793,0.482865153096,0.482865153096,20.9902850083,21.0901303729,20.9902850083,21.0901303729,True,-6,0,0,0,0,0,1,,,Cbus Super Stadium,2,6.09375,-29.8035220474,0,0,,,,,,,
20151111230,2015,12,Canberra Raiders,Brisbane Broncos,0,12,24,0.538797445011,0.538797445011,0.538972950852,0.538972950852,20.6468574468,20.3824361941,20.6468574468,20.3824361941,True,2.5,0,0,0,0,0,1,,,GIO Stadium,0,1.125,-6.03295500868,0,0,,,,,,,
20151111240,2015,12,North Queensland Cowboys,Manly-Warringah Sea Eagles,1,18,14,0.683586503634,0.683586503634,0.684342779382,0.684342779382,24.72924995,14.3918390143,24.72924995,14.3918390143,True,13.5,0,0,0,0,0,1,,,1300SMILES Stadium,6,-5.02083333333,32.5046735956,0,0,,,,,,,
20151111250,2015,12,New Zealand Warriors,Newcastle Knights,1,24,20,0.690344870114,0.690344870114,0.691122766014,0.691122766014,24.5399332074,14.4748926936,24.5399332074,14.4748926936,True,12,0,0,0,0,0,1,,,Go Media Stadium,4,9.16666666667,15.967002051,0,0,,,,,,,
20151111260,2015,12,St. George Illawarra Dragons,Cronulla-Sutherland Sharks,1,42,6,0.670705638244,0.670705638244,0.671418862716,0.671418862716,23.2126403056,13.9170051479,23.2126403056,13.9170051479,True,8,0,0,0,0,0,1,,,Netstrata Jubilee Stadium,2,-0.854166666667,20.3992401854,0,0,,,,,,,
20151111270,2015,12,Sydney Roosters,Melbourne Storm,1,24,2,0.636753133354,0.636753133354,0.637342607994,0.637342607994,21.9061748602,14.1228171281,21.9061748602,14.1228171281,True,7.5,0,0,0,0,0,1,,,Allianz Stadium,-4,0.996527777778,16.8951361971,0,0,,,,,,,
20151111310,2015,13,Brisbane Broncos,Manly-Warringah Sea Eagles,1,44,10,0.643311797447,0.643311797447,0.643926228819,0.643926228819,24.8835456545,13.8820481751,24.8835456545,13.8820481751,True,5.5,0,0,0,0,0,1,,,Suncorp Stadium,4,0.0833333333333,24.9415556366,0,0,,,,,,,
20151111320,2015,13,Wests Tigers,Gold Coast Titans,0,20,27,0.538886393191,0.538886393191,0.539062298117,0.539062298117,21.8869765591,19.3347924488,21.8869765591,19.3347924488,True,2.5,0,0,0,0,0,1,,,Leichhardt Oval,-2,6.8125,1.55555469548,0,0,,,,,,,
20151111330,2015,13,Newcastle Knights,Canberra Raiders,0,22,44,0.53989026071,0.53989026071,0.540070668127,0.540070668127,21.0950824237,21.4739605028,21.0950824237,21.4739605028,True,-2.5,0,0,0,0,0,1,,,McDonald Jones Stadium,-2,-0.9375,-17.7122101983,0,0,,,,,,,
20151111340,2015,13,South Sydney Rabbitohs,New Zealand Warriors,1,36,4,0.649022292716,0.649022292716,0.649658065569,0.649658065569,22.4644742763,16.6940648005,22.4644742763,16.6940648005,True,4.5,0,0,0,0,0,1,,,HBF Park,0,1.04166666667,5.36094714557,0,0,,,,,,,
20151111350,2015,13,Penrith Panthers,Melbourne Storm,0,0,20,0.439033351618,0.439033351618,0.438759211306,0.438759211306,19.4209351088,19.5113486013,19.4209351088,19.5113486013,True,-2.5,0,0,0,0,0,1,,,BlueBet Stadium,-2,2.96875,-20.6046877251,0,0,,,,,,,
20151111360,2015,13,Cronulla-Sutherland Sharks,Sydney Roosters,1,10,4,0.390048717835,0.390048717835,0.389565683475,0.389565683475,18.9133066144,26.9289328474,18.9133066144,26.9289328474,True,-10,0,0,0,0,0,1,,,PointsBet Stadium,-2,1.125,-46.3079622248,0,0,,,,,,,
20151111370,2015,13,Canterbury-Bankstown Bulldogs,St. George Illawarra Dragons,1,29,16,0.472332541935,0.472332541935,0.472207134159,0.472207134159,19.5282790448,19.9492385151,19.5282790448,19.9492385151,True,2.5,0,0,0,0,0,1,,,Accor Stadium,-4,7,-29.9534408851,0,0,,,,,,,
20151111380,2015,13,Parramatta Eels,North Queensland Cowboys,0,30,36,0.521356448909,0.521356448909,0.521453331543,0.521453331543,20.0306168378,21.1765102107,20.0306168378,21.1765102107,True,-4,0,0,0,0,0,1,,,CommBank Stadium,-8,0.989583333333,-44.1127505843,0,0,,,,,,,
20151111410,2015,14,Wests Tigers,South Sydney Rabbitohs,1,34,6,0.408482970345,0.408482970345,0.408076707469,0.408076707469,19.3025020524,21.6319265502,19.3025020524,21.6319265502,True,-10.5,0,0,0,0,0,1,,,Accor Stadium,-6,0.829861111111,-25.0843641258,0,0,,,,,,,
20151111420,2015,14,New Zealand Warriors,Sydney Roosters,0,21,25,0.522811232875,0.522811232875,0.522914697188,0.522914697188,20.1069809342,21.2546958679,20.1069809342,21.2546958679,True,2.5,0,0,0,0,0,1,,,Go Media Stadium,0,1.02083333333,-42.0304038829,0,0,,,,,,,
20151111430,2015,14,Gold Coast Titans,Canterbury-Bankstown Bulldogs,1,28,14,0.565417065386,0.565417065386,0.565710765728,0.565710765728,22.2471194795,20.7657797288,22.2471194795,20.7657797288,True,-4,0,0,0,0,0,1,,,Cbus Super Stadium,0,2.85069444444,-11.4495549461,0,0,,,,,,,
20151111440,2015,14,Melbourne Storm,Parramatta Eels,0,22,26,0.631958445945,0.631958445945,0.632529388037,0.632529388037,24.6277655071,16.2941536278,24.6277655071,16.2941536278,True,-2.5,0,0,0,0,0,1,,,AAMI Park,4,1.97916666667,26.8226179593,0,0,,,,,,,
20151111510,2015,15,Manly-Warringah Sea Eagles,Wests Tigers,1,30,20,0.559391527747,0.559391527747,0.559658723524,0.559658723524,22.3594864472,19.3725993075,22.3594864472,19.3725993075,True,6,0,0,0,0,0,1,,,4 Pines Park,2,7.00694444444,13.7457181419,0,0,,,,,,,
20151111520,2015,15,Canberra Raiders,North Queensland Cowboys,0,20,21,0.529488471476,0.529488471476,0.529622095849,0.529622095849,20.7981102464,22.232581805,20.7981102464,22.232581805,True,2.5,0,0,0,0,0,1,,,GIO Stadium,-6,2.16666666667,-24.3981969595,0,0,,,,,,,
20151111530,2015,15,Gold Coast Titans,New Zealand Warriors,0,14,36,0.579063745841,0.579063745841,0.579416798172,0.579416798172,22.7202407377,21.5854630433,22.7202407377,21.5854630433,True,-4,0,0,0,0,0,1,,,Cbus Super Stadium,-2,-0.833333333333,-4.5112717891,0,0,,,,,,,
20151111540,2015,15,Canterbury-Bankstown Bulldogs,Penrith Panthers,1,24,12,0.555780566815,0.555780566815,0.556031801669,0.556031801669,22.622305155,16.3064999253,22.622305155,16.3064999253,True,4.5,0,0,0,0,0,1,,,Accor Stadium,0,-7.85416666667,8.20015415985,0,0,,,,,,,
20151111550,2015,15,Newcastle Knights,Cronulla-Sutherland Sharks,0,28,30,0.551136893669,0.551136893669,0.551367524501,0.551367524501,22.0847661038,16.8642043756,22.0847661038,16.8642043756,True,2.5,0,0,0,0,0,1,,,McDonald Jones Stadium,-2,1.04166666667,6.73787218057,0,0,,,,,,,
20151111560,2015,15,Melbourne Storm,Brisbane Broncos,0,12,14,0.55145706219,0.55145706219,0.551689116306,0.551689116306,20.6809626898,18.3045796269,20.6809626898,18.3045796269,True,-2.5,0,0,0,0,0,1,,,AAMI Park,-2,-9.97569444444,-1.98962179806,0,0,,,,,,,
20151111570,2015,15,St. George Illawarra Dragons,Sydney Roosters,0,14,19,0.547892599164,0.547892599164,0.548108786377,0.548108786377,20.6339868419,18.6427599275,20.6339868419,18.6427599275,True,-4.5,0,0,0,0,0,1,,,Allianz Stadium,-2,5.16666666667,-5.45784551681,0,0,,,,,,,
20151111610,2015,16,Brisbane Broncos,Newcastle Knights,1,44,22,0.667000868789,0.667000868789,0.667701285598,0.667701285598,25.9292167258,14.1703905502,25.9292167258,14.1703905502,True,16,0,0,0,0,0,1,,,Suncorp Stadium,6,-0.0833333333333,56.5886281273,0,0,,,,,,,
20151111620,2015,16,South Sydney Rabbitohs,Manly-Warringah Sea Eagles,1,20,8,0.642935446375,0.642935446375,0.643548458348,0.643548458348,25.1064197364,15.5424426189,25.1064197364,15.5424426189,True,9.5,0,0,0,0,0,1,,,Accor Stadium,2,7,39.8430472405,0,0,,,,,,,
20151111630,2015,16,New Zealand Warriors,Canberra Raiders,1,30,8,0.623124023695,0.623124023695,0.623660215988,0.623660215988,22.8673339523,19.0220325691,22.8673339523,19.0220325691,True,5.5,0,0,0,0,0,1,,,Go Media Stadium,4,-0.104166666667,-14.5021195212,0,0,,,,,,,
20151111640,2015,16,North Queensland Cowboys,Cronulla-Sutherland Sharks,0,18,24,0.66906190413,0.66906190413,0.669769468771,0.669769468771,25.031547647,17.1679235852,25.031547647,17.1679235852,True,5.5,0,0,0,0,0,1,,,1300SMILES Stadium,4,0.958333333333,34.5528002102,0,0,,,,,,,
20151111650,2015,16,Parramatta Eels,St. George Illawarra Dragons,1,16,12,0.532891830108,0.532891830108,0.53304079121,0.53304079121,20.2022541938,18.7092903613,20.2022541938,18.7092903613,True,-2.5,0,0,0,0,0,1,,,CommBank Stadium,0,7,-35.3848888921,0,0,,,,,,,
20151111660,2015,16,Sydney Roosters,Gold Coast Titans,1,20,10,0.722280410269,0.722280410269,0.7231503912,0.7231503912,24.9987826841,15.1939430436,24.9987826841,15.1939430436,True,20,0,0,0,0,0,1,,,Industree Group Stadium,4,-2.0625,40.5689156842,0,0,,,,,,,
20151111670,2015,16,Wests Tigers,Penrith Panthers,0,12,35,0.599514138505,0.599514138505,0.599954020998,0.599954020998,22.5060728649,15.4312439564,22.5060728649,15.4312439564,True,5,0,0,0,0,0,1,,,Leichhardt Oval,0,0.989583333333,9.55981868024,0,0,,,,,,,
20151111680,2015,16,Canterbury-Bankstown Bulldogs,Melbourne Storm,1,20,4,0.499715825466,0.499715825466,0.499714534739,0.499714534739,20.0242346215,18.745972514,20.0242346215,18.745972514,True,7.5,0,0,0,0,0,1,,,Belmore Sports Ground,2,0.854166666667,-19.0772674654,0,0,,,,,,,
20151111710,2015,17,Penrith Panthers,South Sydney Rabbitohs,1,20,6,0.44748918535,0.44748918535,0.447252449618,0.447252449618,19.7567299271,20.644224064,19.7567299271,20.644224064,True,-6,0,0,0,0,0,1,,,BlueBet Stadium,-4,-1.85069444444,-23.191634203,0,0,,,,,,,
20151111720,2015,17,St. George Illawarra Dragons,North Queensland Cowboys,0,12,18,0.657425822932,0.657425822932,0.65809230953,0.65809230953,22.012836014,16.6837179911,22.012836014,16.6837179911,True,2.5,0,0,0,0,0,1,,,WIN Stadium,-4,-0.0833333333333,-0.984944521728,0,0,,,,,,,
20151111730,2015,17,Manly-Warringah Sea Eagles,Cronulla-Sutherland Sharks,1,28,16,0.482407928989,0.482407928989,0.482328091824,0.482328091824,21.8112558141,22.9114313521,21.8112558141,22.9114313521,True,8.5,0,0,0,0,0,1,,,4 Pines Park,-6,0.913194444444,0.296131502607,0,0,,,,,,,
20151111740,2015,17,Wests Tigers,Parramatta Eels,0,16,28,0.51608808802,0.51608808802,0.516161109681,0.516161109681,21.3872331574,22.1659147955,21.3872331574,22.1659147955,True,-7.5,0,0,0,0,0,1,,,Accor Stadium,-4,-0.854166666667,-0.486726147054,0,0,,,,,,,
20151111810,2015,18,Canberra Raiders,Newcastle Knights,1,36,22,0.636226856509,0.636226856509,0.636814308629,0.636814308629,25.134420419,18.5399903032,25.134420419,18.5399903032,True,8,0,0,0,0,0,1,leadership_change,,GIO Stadium,2,-0.892361111111,31.2665464424,0,0,13,leadership-knights-2015-stone-buderus,effective,-3,away,knights,1
20151111820,2015,18,Penrith Panthers,Sydney Roosters,0,4,24,0.454955277852,0.454955277852,0.454751800073,0.454751800073,18.8331678155,20.5785287965,18.8331678155,20.5785287965,True,-6,0,0,0,0,0,1,,,BlueBet Stadium,-4,-5.23958333333,-40.7911845608,0,0,,,,,,,
20151111830,2015,18,Canterbury-Bankstown Bulldogs,Brisbane Broncos,0,8,16,0.498113566845,0.498113566845,0.498104998706,0.498104998706,19.8724398229,21.3918846532,19.8724398229,21.3918846532,True,4.5,0,0,0,0,0,1,,,Accor Stadium,-2,-2.97569444444,-33.3947513473,0,0,,,,,,,
20151111840,2015,18,New Zealand Warriors,Melbourne Storm,1,28,14,0.573189456532,0.573189456532,0.573517083375,0.573517083375,21.5546488474,16.8580212149,21.5546488474,16.8580212149,True,2.5,0,0,0,0,0,1,,,Go Media Stadium,4,2.08333333333,-12.2389728439,0,0,,,,,,,
20151111850,2015,18,Cronulla-Sutherland Sharks,St. George Illawarra Dragons,1,28,8,0.49284727338,0.49284727338,0.492814790001,0.492814790001,19.5058444386,20.257839698,19.5058444386,20.257839698,True,10,0,0,0,0,0,1,,,PointsBet Stadium,4,-0.854166666667,-22.070118814,0,0,,,,,,,
20151111860,2015,18,Gold Coast Titans,Manly-Warringah Sea Eagles,0,6,38,0.544756705727,0.544756705727,0.544958896628,0.544958896628,22.5313152423,21.3478130628,22.5313152423,21.3478130628,True,-6.5,0,0,0,0,0,1,,,Cbus Super Stadium,0,7.08333333333,-1.71390308956,0,0,,,,,,,
20151111910,2015,19,Parramatta Eels,Canterbury-Bankstown Bulldogs,0,4,28,0.623632271931,0.623632271931,0.624170483804,0.624170483804,21.898140094,16.8694883379,21.898140094,16.8694883379,True,-8,0,0,0,0,0,1,,,Accor Stadium,2,5.02083333333,-11.467821979,0,0,,,,,,,
20151111920,2015,19,Melbourne Storm,Penrith Panthers,1,52,10,0.61111950023,0.61111950023,0.611607309873,0.611607309873,22.4184230221,14.092948671,22.4184230221,14.092948671,True,8.5,0,0,0,0,0,1,,,AAMI Park,-2,-0.9375,5.09354275101,0,0,,,,,,,
20151111930,2015,19,Canberra Raiders,Cronulla-Sutherland Sharks,0,20,21,0.597159767813,0.597159767813,0.597589800455,0.597589800455,22.8123551978,20.8648015585,22.8123551978,20.8648015585,True,3.5,0,0,0,0,0,1,,,GIO Stadium,-4,1.84375,9.96338615506,0,0,,,,,,,
20151111940,2015,19,Newcastle Knights,Gold Coast Titans,1,30,2,0.566039748649,0.566039748649,0.566336178253,0.566336178253,24.0193777036,17.9674373519,24.0193777036,17.9674373519,True,6.5,0,0,0,0,0,1,leadership_change,,McDonald Jones Stadium,-4,2.96875,-11.3207929006,0,0,13,leadership-knights-2015-stone-buderus,effective,-2,home,knights,1
20151111950,2015,19,St. George Illawarra Dragons,South Sydney Rabbitohs,0,8,24,0.538858103563,0.538858103563,0.539033881564,0.539033881564,21.5621836665,18.8741621757,21.5621836665,18.8741621757,True,-5.5,0,0,0,0,0,1,,,Sydney Cricket Ground,-6,-8.84375,3.73437659633,0,0,,,,,,,
20151111960,2015,19,Sydney Roosters,New Zealand Warriors,1,24,0,0.687349708217,0.687349708217,0.688118107781,0.688118107781,23.7500536872,15.4990683737,23.7500536872,15.4990683737,True,8,0,0,0,0,0,1,,,Allianz Stadium,2,0.9375,21.3649178507,0,0,,,,,,,
20151111970,2015,19,Brisbane Broncos,Wests Tigers,1,42,16,0.669399303125,0.669399303125,0.670108032492,0.670108032492,26.3298558522,14.067461195,26.3298558522,14.067461195,True,16.5,0,0,0,0,0,1,,,Suncorp Stadium,8,-5.02083333333,56.343280386,0,0,,,,,,,
20151111980,2015,19,Manly-Warringah Sea Eagles,North Queensland Cowboys,0,12,30,0.537726164784,0.537726164784,0.537896862336,0.537896862336,20.5347265219,19.4171344207,20.5347265219,19.4171344207,True,2.5,0,0,0,0,0,1,,,4 Pines Park,-2,-8.97916666667,-24.3389550624,0,0,,,,,,,
20151112010,2015,20,Brisbane Broncos,Gold Coast Titans,1,34,0,0.692320746957,0.692320746957,0.693104831788,0.693104831788,28.3102126966,13.5984382784,28.3102126966,13.5984382784,True,16,0,0,0,0,0,1,,,Suncorp Stadium,8,-0.9375,66.6463819416,0,0,,,,,,,
20151112020,2015,20,Wests Tigers,Sydney Roosters,0,8,33,0.415632786455,0.415632786455,0.415256953217,0.415256953217,18.6218829141,27.8423163686,18.6218829141,27.8423163686,True,-14.5,0,0,0,0,0,1,,,Accor Stadium,-8,-0.0833333333333,-63.618682023,0,0,,,,,,,
20151112030,2015,20,New Zealand Warriors,Manly-Warringah Sea Eagles,0,12,32,0.640949120384,0.640949120384,0.641554615129,0.641554615129,25.0147899244,17.8595259191,25.0147899244,17.8595259191,True,7,0,0,0,0,0,1,,,Go Media Stadium,0,1.20833333333,13.3510753965,0,0,,,,,,,
20151112040,2015,20,South Sydney Rabbitohs,Newcastle Knights,1,52,6,0.656322203236,0.656322203236,0.656984704822,0.656984704822,26.6167737472,15.6949680313,26.6167737472,15.6949680313,True,17,0,0,0,0,0,1,leadership_change,,Accor Stadium,4,-0.0833333333333,32.3105183688,0,0,13,leadership-knights-2015-stone-buderus,effective,-1,away,knights,1
20151112050,2015,20,Melbourne Storm,St. George Illawarra Dragons,1,22,4,0.655652676814,0.655652676814,0.656312753562,0.656312753562,23.1351718765,14.773279622,23.1351718765,14.773279622,True,5.5,0,0,0,0,0,1,,,Other,2,0.996527777778,-0.686047129142,0,0,,,,,,,
20151112060,2015,20,Penrith Panthers,Canberra Raiders,0,24,34,0.485898946374,0.485898946374,0.485834933275,0.485834933275,21.4573347045,22.6724997212,21.4573347045,22.6724997212,True,2.5,0,0,0,0,0,1,,,BlueBet Stadium,0,0.809027777778,-5.66048523661,0,0,,,,,,,
20151112070,2015,20,Canterbury-Bankstown Bulldogs,Cronulla-Sutherland Sharks,0,16,18,0.618174290041,0.618174290041,0.61869068887,0.61869068887,22.8025339453,16.7655716066,22.8025339453,16.7655716066,True,10,0,0,0,0,0,1,,,Belmore Sports Ground,-2,0.809027777778,7.50068076781,0,0,,,,,,,
20151112080,2015,20,North Queensland Cowboys,Parramatta Eels,1,46,4,0.690715960652,0.690715960652,0.691495023522,0.691495023522,26.4791607118,15.6464906837,26.4791607118,15.6464906837,True,23,0,0,0,0,0,1,,,1300SMILES Stadium,2,-2.97569444444,18.1391144713,0,0,,,,,,,
20151112110,2015,21,New Zealand Warriors,Cronulla-Sutherland Sharks,0,14,18,0.542362137909,0.542362137909,0.542553619308,0.542553619308,21.9947918759,20.1008880695,21.9947918759,20.1008880695,True,2.5,0,0,0,0,0,1,,,Go Media Stadium,-2,0.958333333333,9.69104065738,0,0,,,,,,,
20151112120,2015,21,North Queensland Cowboys,Canberra Raiders,1,32,24,0.694661389957,0.694661389957,0.695452727158,0.695452727158,26.3565201979,15.8069968089,26.3565201979,15.8069968089,True,11.5,0,0,0,0,0,1,,,1300SMILES Stadium,4,-1.20833333333,24.4905786343,0,0,,,,,,,
20151112130,2015,21,St. George Illawarra Dragons,Newcastle Knights,1,46,24,0.665559490004,0.665559490004,0.666254874601,0.666254874601,26.5898016704,17.3323249915,26.5898016704,17.3323249915,True,9.5,0,1,1,1,1,1,leadership_change,0,Netstrata Jubilee Stadium,-2,0,13.0767881845,0,0,13,leadership-knights-2015-stone-buderus,effective,0,away,knights,1
20151112140,2015,21,South Sydney Rabbitohs,Penrith Panthers,1,20,16,0.689306080651,0.689306080651,0.69008069857,0.69008069857,26.2382600618,14.7405104121,26.2382600618,14.7405104121,True,18,0,0,0,0,0,1,,,Accor Stadium,2,0.770833333333,31.0497733822,0,0,,,,,,,
20151112150,2015,21,Sydney Roosters,Canterbury-Bankstown Bulldogs,1,38,28,0.684935359323,0.684935359323,0.685696004985,0.685696004985,24.0568680982,13.8182914669,24.0568680982,13.8182914669,True,9.5,0,0,0,0,0,1,,,Allianz Stadium,4,1.85069444444,30.9456926822,0,0,,,,,,,
20151112160,2015,21,Manly-Warringah Sea Eagles,Brisbane Broncos,1,44,14,0.442519946596,0.442519946596,0.442261192887,0.442261192887,19.1144903625,22.7005703697,19.1144903625,22.7005703697,True,-6,0,0,0,0,0,1,,,Industree Group Stadium,-4,-0.892361111111,-44.6442367138,0,0,,,,,,,
20151112170,2015,21,Wests Tigers,Melbourne Storm,1,34,16,0.39400366233,0.39400366233,0.393536877895,0.393536877895,19.0164316398,27.9115760477,19.0164316398,27.9115760477,True,-8.5,0,0,0,0,0,1,,,Leichhardt Oval,-4,0.996527777778,-47.8117028493,0,0,,,,,,,
20151112180,2015,21,Gold Coast Titans,Parramatta Eels,1,24,14,0.48571144061,0.48571144061,0.485646577238,0.485646577238,22.6417653588,23.2090170717,22.6417653588,23.2090170717,True,4.5,0,0,0,0,0,1,,,Cbus Super Stadium,-6,2.97569444444,-31.2567954057,0,0,,,,,,,
20151112210,2015,22,New Zealand Warriors,St. George Illawarra Dragons,0,0,36,0.503897362862,0.503897362862,0.503915064048,0.503915064048,22.4672597693,17.0007801511,22.4672597693,17.0007801511,True,-2.5,0,0,0,0,0,1,,,Other,2,0.875,9.84564247952,0,0,,,,,,,
20151112220,2015,22,Brisbane Broncos,Canterbury-Bankstown Bulldogs,0,16,18,0.64440188792,0.64440188792,0.645020421656,0.645020421656,24.7598860493,16.1046717541,24.7598860493,16.1046717541,True,6.5,0,0,0,0,0,1,,,Suncorp Stadium,4,-0.996527777778,34.6828764059,0,0,,,,,,,
20151112230,2015,22,Newcastle Knights,Sydney Roosters,0,22,38,0.373420585089,0.373420585089,0.372870710769,0.372870710769,19.0133625534,33.0328899705,19.0133625534,33.0328899705,True,-15.5,1,0,1,1,1,1,leadership_change,1,McDonald Jones Stadium,-8,-1.76736111111,-86.6635814217,0,0,13,leadership-knights-2015-stone-buderus,effective,1,home,knights,1
20151112240,2015,22,Canberra Raiders,Wests Tigers,0,18,20,0.648863594485,0.648863594485,0.649498779276,0.649498779276,27.5408737646,18.1217934608,27.5408737646,18.1217934608,True,7.5,0,0,0,0,0,1,,,GIO Stadium,2,-0.913194444444,35.4126131113,0,0,,,,,,,
20151112250,2015,22,Manly-Warringah Sea Eagles,South Sydney Rabbitohs,1,28,8,0.499743480981,0.499743480981,0.499742315866,0.499742315866,21.1734125057,21.1677389793,21.1734125057,21.1677389793,True,-1.5,0,0,0,0,0,1,,,4 Pines Park,0,0.854166666667,-18.4599086877,0,0,,,,,,,
20151112260,2015,22,Cronulla-Sutherland Sharks,North Queensland Cowboys,1,30,18,0.481192317254,0.481192317254,0.481106973496,0.481106973496,19.5647004533,21.9726665316,19.5647004533,21.9726665316,True,-3.5,0,0,0,0,0,1,,,PointsBet Stadium,0,0.0208333333333,-36.5356653153,0,0,,,,,,,
20151112270,2015,22,Melbourne Storm,Gold Coast Titans,1,36,14,0.729630915694,0.729630915694,0.730519501883,0.730519501883,30.3327301525,13.2374384679,30.3327301525,13.2374384679,True,16.5,0,0,0,0,0,1,,,AAMI Park,2,2.97569444444,71.7911059696,0,0,,,,,,,
20151112280,2015,22,Parramatta Eels,Penrith Panthers,1,10,4,0.541725955237,0.541725955237,0.541914588318,0.541914588318,23.8548739619,19.625920294,23.8548739619,19.625920294,True,-4.5,0,0,0,0,0,1,,,TIO Stadium,2,-1.125,-0.507565856855,0,0,,,,,,,
20151112310,2015,23,Brisbane Broncos,St. George Illawarra Dragons,1,32,6,0.630459302252,0.630459302252,0.63102440161,0.63102440161,23.8166861334,15.5915439901,23.8166861334,15.5915439901,True,10.5,0,0,0,0,0,1,,,Suncorp Stadium,2,0.885416666667,35.2141498643,0,0,,,,,,,
20151112320,2015,23,Canterbury-Bankstown Bulldogs,Gold Coast Titans,1,36,14,0.722975257675,0.722975257675,0.723847041616,0.723847041616,29.4677504048,14.6714281714,29.4677504048,14.6714281714,True,18,0,0,0,0,0,1,,,Industree Group Stadium,2,1.76041666667,54.9145319239,0,0,,,,,,,
20151112330,2015,23,North Queensland Cowboys,South Sydney Rabbitohs,0,18,31,0.637812003043,0.637812003043,0.638405538144,0.638405538144,23.700001787,16.6084765674,23.700001787,16.6084765674,True,6.5,0,0,0,0,0,1,,,1300SMILES Stadium,2,-0.90625,16.2561028792,0,0,,,,,,,
20151112340,2015,23,Penrith Panthers,New Zealand Warriors,1,24,10,0.537470933253,0.537470933253,0.537640484762,0.537640484762,22.8446904678,19.439159971,22.8446904678,19.439159971,True,6,0,0,0,0,0,1,,,BlueBet Stadium,-2,-0.0833333333333,-18.3732403803,0,0,,,,,,,
20151112350,2015,23,Canberra Raiders,Manly-Warringah Sea Eagles,0,24,26,0.58685478262,0.58685478262,0.587241240887,0.587241240887,22.0739710775,25.0366456709,22.0739710775,25.0366456709,True,-5,0,0,0,0,0,1,,,GIO Stadium,-4,-2.96875,-21.4332159329,0,0,,,,,,,
20151112360,2015,23,Sydney Roosters,Parramatta Eels,1,28,18,0.696705296594,0.696705296594,0.697502895624,0.697502895624,28.452613191,14.1932550268,28.452613191,14.1932550268,True,25,0,0,0,0,0,1,,,Allianz Stadium,6,-0.875,82.7339672838,0,0,,,,,,,
20151112370,2015,23,Cronulla-Sutherland Sharks,Melbourne Storm,0,2,30,0.5565005985,0.5565005985,0.556755020384,0.556755020384,21.3338406135,20.4189515419,21.3338406135,20.4189515419,True,2.5,0,0,0,0,0,1,,,PointsBet Stadium,4,0.854166666667,-6.18734361562,0,0,,,,,,,
20151112380,2015,23,Wests Tigers,Newcastle Knights,0,18,24,0.632685692911,0.632685692911,0.63325946118,0.63325946118,26.8429409755,18.9010507699,26.8429409755,18.9010507699,True,8.5,0,1,1,1,1,1,leadership_change,2,Campbelltown Sports Stadium,2,-1.125,22.8405882749,0,0,13,leadership-knights-2015-stone-buderus,effective,2,away,knights,1
20151112410,2015,24,New Zealand Warriors,North Queensland Cowboys,0,16,50,0.416742098889,0.416742098889,0.416371016422,0.416371016422,20.531901041,26.8386217806,20.531901041,26.8386217806,True,-14.5,0,0,0,0,0,1,,,Go Media Stadium,-6,-1.90625,-49.0115323613,0,0,,,,,,,
20151112420,2015,24,St. George Illawarra Dragons,Penrith Panthers,1,19,12,0.630524233742,0.630524233742,0.631089586631,0.631089586631,25.9818442414,15.2107243706,25.9818442414,15.2107243706,True,8.5,0,0,0,0,0,1,,,WIN Stadium,2,0.90625,36.6112351438,0,0,,,,,,,
20151112430,2015,24,South Sydney Rabbitohs,Canterbury-Bankstown Bulldogs,0,18,32,0.677967963014,0.677967963014,0.678705749609,0.678705749609,23.7965137857,16.2342664233,23.7965137857,16.2342664233,True,2.5,0,0,0,0,0,1,,,Accor Stadium,2,2.84375,-2.0678706464,0,0,,,,,,,
20151112440,2015,24,Sydney Roosters,Brisbane Broncos,1,12,10,0.680266452713,0.680266452713,0.681011858344,0.681011858344,22.4274723641,16.2458817991,22.4274723641,16.2458817991,True,6,0,0,0,0,0,1,,,Allianz Stadium,4,-0.989583333333,21.0381843323,0,0,,,,,,,
20151112450,2015,24,Manly-Warringah Sea Eagles,Parramatta Eels,0,16,20,0.675579473358,0.675579473358,0.676309262887,0.676309262887,30.4253218373,14.5405930192,30.4253218373,14.5405930192,True,17.5,0,0,0,0,0,1,,,4 Pines Park,6,-0.770833333333,60.7424791086,0,0,,,,,,,
20151112460,2015,24,Cronulla-Sutherland Sharks,Wests Tigers,1,40,18,0.629858932341,0.629858932341,0.630421685512,0.630421685512,27.1130855172,17.4944735824,27.1130855172,17.4944735824,True,6,0,0,0,0,0,1,,,PointsBet Stadium,4,-2.16666666667,28.886877907,0,0,,,,,,,
20151112470,2015,24,Melbourne Storm,Newcastle Knights,0,6,20,0.746781646648,0.746781646648,0.747709428429,0.747709428429,30.3323416511,13.9343897127,30.3323416511,13.9343897127,True,17,0,0,0,0,0,1,leadership_change,,AAMI Park,4,-2.16666666667,55.1481157,0,0,13,leadership-knights-2015-stone-buderus,effective,3,away,knights,1
20151112480,2015,24,Gold Coast Titans,Canberra Raiders,1,28,12,0.47425925312,0.47425925312,0.474142546175,0.474142546175,22.9506011275,24.3696961164,22.9506011275,24.3696961164,True,-6.5,0,0,0,0,0,1,,,Cbus Super Stadium,0,-0.0833333333333,-45.3497390957,0,0,,,,,,,
20151112510,2015,25,Parramatta Eels,Cronulla-Sutherland Sharks,0,28,35,0.508622485261,0.508622485261,0.508661640961,0.508661640961,22.1630453189,19.5987235834,22.1630453189,19.5987235834,True,-5,0,0,0,0,0,1,,,CommBank Stadium,-4,-1.04166666667,-24.8042024134,0,0,,,,,,,
20151112520,2015,25,Newcastle Knights,Canterbury-Bankstown Bulldogs,0,18,20,0.495123270286,0.495123270286,0.495101121486,0.495101121486,22.1438647716,26.4197710252,22.1438647716,26.4197710252,True,-8,0,0,0,0,0,1,,,McDonald Jones Stadium,-2,-2.96875,-54.5439583941,0,0,,,,,,,
20151112530,2015,25,South Sydney Rabbitohs,Brisbane Broncos,0,12,47,0.562456034739,0.562456034739,0.562736731317,0.562736731317,20.4963189581,17.5222089475,20.4963189581,17.5222089475,True,-4,0,0,0,0,0,1,,,Allianz Stadium,2,1,-16.0035098948,0,0,,,,,,,
20151112540,2015,25,Canberra Raiders,Penrith Panthers,1,34,18,0.62630320607,0.62630320607,0.626851990911,0.626851990911,26.3094154964,17.0614094221,26.3094154964,17.0614094221,True,6,0,0,0,0,0,1,,,GIO Stadium,0,-2.76041666667,19.6355018019,0,0,,,,,,,
20151112550,2015,25,Manly-Warringah Sea Eagles,Sydney Roosters,0,10,46,0.539091989128,0.539091989128,0.539268816419,0.539268816419,20.6307304546,20.2150843984,20.6307304546,20.2150843984,True,2.5,0,0,0,0,0,1,,,4 Pines Park,-2,-0.84375,-15.236115288,0,0,,,,,,,
20151112560,2015,25,Melbourne Storm,North Queensland Cowboys,1,14,6,0.698103662089,0.698103662089,0.698905506563,0.698905506563,22.8999419601,16.5122587315,22.8999419601,16.5122587315,True,3.5,0,0,0,0,0,1,,,AAMI Park,0,-1.97916666667,4.3188803359,0,0,,,,,,,
20151112570,2015,25,Wests Tigers,New Zealand Warriors,1,50,16,0.616651541565,0.616651541565,0.617161806369,0.617161806369,25.9304496558,18.624938343,25.9304496558,18.624938343,True,12,0,0,0,0,0,1,,,Campbelltown Sports Stadium,4,0.1875,3.56357481792,0,0,,,,,,,
20151112580,2015,25,Gold Coast Titans,St. George Illawarra Dragons,1,28,26,0.435805133042,0.435805133042,0.435516795117,0.435516795117,20.5498021701,21.5607934687,20.5498021701,21.5607934687,True,-10,0,0,0,0,0,1,,,Cbus Super Stadium,-2,-2.76041666667,-51.7847689205,0,0,,,,,,,
20151112610,2015,26,Brisbane Broncos,Melbourne Storm,0,8,15,0.63219574323,0.63219574323,0.63276760808,0.63276760808,22.8984715394,13.9764350352,22.8984715394,13.9764350352,True,2.5,0,0,0,0,0,1,,,Suncorp Stadium,-2,1.98958333333,23.6647254145,0,0,,,,,,,
20151112620,2015,26,Canterbury-Bankstown Bulldogs,New Zealand Warriors,1,26,22,0.705160572333,0.705160572333,0.70598335156,0.70598335156,29.6209620549,14.7135662165,29.6209620549,14.7135662165,True,22.5,0,0,0,0,0,1,,,Accor Stadium,8,0.854166666667,61.5723788134,0,0,,,,,,,
20151112630,2015,26,North Queensland Cowboys,Gold Coast Titans,1,42,12,0.712260237375,0.712260237375,0.713103225535,0.713103225535,30.6329288813,15.195570719,30.6329288813,15.195570719,True,18.5,0,0,0,0,0,1,,,1300SMILES Stadium,-2,0.854166666667,70.2148023777,0,0,,,,,,,
20151112640,2015,26,St. George Illawarra Dragons,Wests Tigers,1,32,30,0.694114873542,0.694114873542,0.694904525126,0.694904525126,28.533675927,16.2391888699,28.533675927,16.2391888699,True,2.5,0,0,0,0,0,1,,,Accor Stadium,0,-0.0833333333333,32.1941007796,0,0,,,,,,,
20151112650,2015,26,Parramatta Eels,Canberra Raiders,0,24,28,0.575310291794,0.575310291794,0.575647120608,0.575647120608,26.0166312396,16.9057283595,26.0166312396,16.9057283595,True,6.5,0,0,0,0,0,1,,,CommBank Stadium,2,2.16666666667,-6.8631491619,0,0,,,,,,,
20151112660,2015,26,Penrith Panthers,Newcastle Knights,1,30,12,0.604273982852,0.604273982852,0.604733651167,0.604733651167,25.2046059932,19.1920841562,25.2046059932,19.1920841562,True,-7,0,0,0,0,0,1,,,BlueBet Stadium,-2,-2.0625,3.95430017574,0,0,,,,,,,
20151112670,2015,26,Sydney Roosters,South Sydney Rabbitohs,1,30,0,0.702766103183,0.702766103183,0.703581871929,0.703581871929,26.0180794106,14.1795327446,26.0180794106,14.1795327446,True,12.5,0,0,0,0,0,1,,,Allianz Stadium,6,-1,30.4335423101,0,0,,,,,,,
20151112680,2015,26,Cronulla-Sutherland Sharks,Manly-Warringah Sea Eagles,0,12,14,0.641475543252,0.641475543252,0.642083034451,0.642083034451,24.7037373276,17.9697910336,24.7037373276,17.9697910336,True,8.5,0,0,0,0,0,1,,,PointsBet Stadium,2,-0.802083333333,-15.5409221419,0,0,,,,,,,
20151112710,2015,27,Sydney Roosters,Melbourne Storm,0,18,20,0.661781029718,0.661781029718,0.662463094501,0.662463094501,23.1517359556,14.8856981139,23.1517359556,14.8856981139,True,6.5,0,0,0,0,0,1,,,Allianz Stadium,2,-1,39.8976527681,0,0,,,,,,,
20151112720,2015,27,Canterbury-Bankstown Bulldogs,St. George Illawarra Dragons,1,11,10,0.640061328692,0.640061328692,0.640663449665,0.640663449665,24.9881310653,17.5032061778,24.9881310653,17.5032061778,True,8,0,0,0,0,0,1,,,Accor Stadium,4,-1.04166666667,23.5020317316,0,0,,,,,,,
20151112730,2015,27,Brisbane Broncos,North Queensland Cowboys,1,16,12,0.680914093463,0.680914093463,0.681661632147,0.681661632147,24.8281237864,16.218882294,24.8281237864,16.218882294,True,2.5,0,0,0,0,0,1,,,Suncorp Stadium,0,1.98958333333,23.3639395113,0,0,,,,,,,
20151112740,2015,27,Cronulla-Sutherland Sharks,South Sydney Rabbitohs,1,28,12,0.645985821888,0.645985821888,0.646610292755,0.646610292755,24.8452221851,18.6709121931,24.8452221851,18.6709121931,True,3.5,0,0,0,0,0,1,,,Allianz Stadium,4,-1.84375,6.57770775294,0,0,,,,,,,
20151112810,2015,28,Sydney Roosters,Canterbury-Bankstown Bulldogs,1,38,12,0.731215500349,0.731215500349,0.732107959675,0.732107959675,26.4578084997,13.681951711,26.4578084997,13.681951711,True,8.5,0,0,0,0,0,1,,,Allianz Stadium,-2,0.913194444444,49.7184844166,0,0,,,,,,,
20151112820,2015,28,North Queensland Cowboys,Cronulla-Sutherland Sharks,1,39,0,0.683636658295,0.683636658295,0.684393097013,0.684393097013,26.6771613252,15.6218649051,26.6771613252,15.6218649051,True,8.5,0,0,0,0,0,1,,,1300SMILES Stadium,-2,0.84375,27.4894628167,0,0,,,,,,,
20151112910,2015,29,Brisbane Broncos,Sydney Roosters,1,31,12,0.531278592553,0.531278592553,0.531420287147,0.531420287147,20.1642232927,19.0477263847,20.1642232927,19.0477263847,True,-2.5,0,0,0,0,0,1,,,Suncorp Stadium,-2,6,-16.420464419,0,0,,,,,,,
20151112920,2015,29,Melbourne Storm,North Queensland Cowboys,0,12,32,0.652510061687,0.652510061687,0.653158684239,0.653158684239,23.2955501094,17.5593815395,23.2955501094,17.5593815395,True,-2.5,0,0,0,0,0,1,,,AAMI Park,2,7.98958333333,-8.32609807802,0,0,,,,,,,
20151113010,2015,30,Brisbane Broncos,North Queensland Cowboys,0,16,17,0.686758410244,0.686758410244,0.687524918915,0.687524918915,23.5072353445,17.2281419287,23.5072353445,17.2281419287,True,2.5,0,0,0,0,0,1,,,Accor Stadium,0,0.989583333333,-3.71029068229,0,0,,,,,,,
20161110110,2016,1,Parramatta Eels,Brisbane Broncos,0,4,17,0.453693052614,0.457829048861,0.453515112601,0.45766684144,19.8520709333,18.8151934215,19.7925036789,19.4239201125,True,-5.5,0,0,0,0,0,1,,,CommBank Stadium,0,0,-73.2993396952,0,0,,,,,,,
20161110120,2016,1,Manly-Warringah Sea Eagles,Canterbury-Bankstown Bulldogs,0,6,28,0.513913514689,0.533480207027,0.513967260919,0.533609214852,21.2964117956,18.0169107231,20.9161778583,18.462542274,True,4.5,0,0,0,0,0,1,,,4 Pines Park,0,0,-5.74036177659,0,0,,,,,,,
20161110130,2016,1,Canberra Raiders,Penrith Panthers,1,30,22,0.552372277729,0.584040812627,0.552573198306,0.584359433137,22.558897724,17.260045471,22.0793851396,17.499183869,True,5.5,0,0,0,0,0,1,,,GIO Stadium,0,0,20.2049840826,0,0,,,,,,,
20161110140,2016,1,Wests Tigers,New Zealand Warriors,1,34,26,0.519831334454,0.528599385017,0.519907899436,0.52870967575,22.045917577,18.9605650104,21.8499280997,18.9179948298,True,-7.5,0,0,0,0,0,1,,,Campbelltown Sports Stadium,0,0,34.5998280197,0,0,,,,,,,
20161110150,2016,1,North Queensland Cowboys,Cronulla-Sutherland Sharks,1,20,14,0.606107826918,0.613346256918,0.606505425622,0.613769075865,22.9029356311,15.4315666152,22.2701030116,16.0394664454,True,8,0,0,0,0,0,1,,,1300SMILES Stadium,0,0,43.4817021803,0,0,,,,,,,
20161110160,2016,1,Sydney Roosters,South Sydney Rabbitohs,0,10,42,0.573671647802,0.582328331779,0.573952217513,0.582640705675,22.2503155875,16.8750352669,21.7856401298,18.0379677425,True,-2.5,0,0,0,0,0,1,,,Allianz Stadium,0,0,72.9162946316,0,0,,,,,,,
20161110170,2016,1,Gold Coast Titans,Newcastle Knights,1,30,12,0.462703087945,0.493372062094,0.462559478025,0.493346448885,20.6173266414,18.9626034459,20.4170553261,19.1488736844,True,-2.5,0,0,0,0,0,1,,,Cbus Super Stadium,0,0,-13.6579199119,0,0,,,,,,,
20161110180,2016,1,Melbourne Storm,St. George Illawarra Dragons,1,18,16,0.562218606452,0.567592275064,0.562456569862,0.567850298743,21.944221238,15.8700089499,21.6228334248,16.8878836908,True,8,0,0,0,0,0,1,,,AAMI Park,0,0,33.1743245173,0,0,,,,,,,
20161110210,2016,2,Penrith Panthers,Canterbury-Bankstown Bulldogs,0,16,18,0.508547184909,0.522869955747,0.508580212335,0.52295822148,19.7870262428,18.9861766159,20.231087566,19.0831711887,True,-3.5,0,0,0,0,0,1,,,BlueBet Stadium,-2,-0.788194444444,-12.4024248098,0,0,,,,,,,
20161110220,2016,2,Brisbane Broncos,New Zealand Warriors,1,25,10,0.601370156316,0.589374158434,0.601751053341,0.589712131807,23.777730504,16.9328855722,23.5341133223,16.4123591825,True,8.5,0,0,0,0,0,1,,,Suncorp Stadium,2,1.89236111111,49.2594453171,0,0,,,,,,,
20161110230,2016,2,Canberra Raiders,Sydney Roosters,1,21,20,0.488367894582,0.468042843423,0.488322954132,0.467919671229,21.4360334895,18.4253717915,21.2445513933,19.2186106787,True,2.5,0,0,0,0,0,1,,,GIO Stadium,2,1.04166666667,-30.4508354435,0,0,,,,,,,
20161110240,2016,2,South Sydney Rabbitohs,Newcastle Knights,1,48,6,0.510543835825,0.530268494596,0.510584574401,0.530385191215,23.1822179646,17.144251481,22.8954581119,16.7001948942,True,10,0,0,0,0,0,1,,,Accor Stadium,2,0.0625,8.13566415404,0,0,,,,,,,
20161110250,2016,2,Parramatta Eels,North Queensland Cowboys,1,20,16,0.462478762724,0.450270472744,0.462334295593,0.450079551118,20.2140856906,19.2288762219,20.1823956648,19.854488866,True,-2.5,0,0,0,0,0,1,,,CommBank Stadium,-2,1.93402777778,-37.6894251248,0,0,,,,,,,
20161110260,2016,2,Cronulla-Sutherland Sharks,St. George Illawarra Dragons,1,30,2,0.51519349181,0.487688605852,0.515252176567,0.487641043057,20.8875935801,15.4024900874,20.6500363808,15.7330567825,True,4,0,0,0,0,0,1,,,PointsBet Stadium,0,2.02083333333,-0.839005565316,0,0,,,,,,,
20161110270,2016,2,Melbourne Storm,Gold Coast Titans,1,34,16,0.68689191873,0.700954726101,0.687544583172,0.701644391279,23.7670434347,13.8460213881,23.2299816531,14.1925834641,True,12.5,0,0,0,0,0,1,,,AAMI Park,0,-1.0625,31.6341993521,0,0,,,,,,,
20161110280,2016,2,Wests Tigers,Manly-Warringah Sea Eagles,1,36,22,0.426440256897,0.485935869976,0.42616010069,0.485881542552,21.91034858,18.4523815967,21.6738610788,17.8081004024,True,-3.5,0,0,0,0,0,1,,,Leichhardt Oval,2,-0.892361111111,-12.1496088559,0,0,,,,,,,
20161110310,2016,3,North Queensland Cowboys,Sydney Roosters,1,40,0,0.625807792673,0.601815522255,0.626273119437,0.602197995632,23.4957467618,15.7296917355,23.3001044826,15.2248621998,True,10.5,0,0,0,0,0,1,,,1300SMILES Stadium,2,-0.1875,16.8378362658,0,0,,,,,,,
20161110320,2016,3,Canterbury-Bankstown Bulldogs,Parramatta Eels,0,6,20,0.598896320114,0.587458298897,0.599268437869,0.587789338348,22.7485135093,15.7350300706,22.5593560245,14.9814209749,True,3.5,0,0,0,0,0,1,,,Accor Stadium,2,1.97569444444,25.8476320934,0,0,,,,,,,
20161110340,2016,3,Penrith Panthers,Brisbane Broncos,1,23,22,0.441661586016,0.423427323446,0.441438178396,0.423136054608,18.9157418009,19.6686576128,18.8864664734,18.5792190368,True,-6.5,0,0,0,0,0,1,,,BlueBet Stadium,-4,0.958333333333,-40.4080944936,0,0,,,,,,,
20161110350,2016,3,Gold Coast Titans,Wests Tigers,1,30,18,0.521183424254,0.500885684298,0.521265197211,0.50088910736,21.7552921134,20.8165140926,21.9438787346,21.2901635712,True,2.5,0,0,0,0,0,1,,,Cbus Super Stadium,-2,1.02083333333,-6.16879203366,0,0,,,,,,,
20161110360,2016,3,New Zealand Warriors,Melbourne Storm,0,14,21,0.434990724377,0.463578202817,0.434742328489,0.463437938075,20.0719194238,20.7121705287,19.2451277597,20.5201708213,True,-2.5,0,0,0,0,0,1,,,Go Media Stadium,-4,1.97569444444,-34.8914340065,0,0,,,,,,,
20161110370,2016,3,St. George Illawarra Dragons,South Sydney Rabbitohs,1,8,6,0.507032833623,0.499249490571,0.50706001112,0.499246589941,20.4534388098,18.0428802976,20.2105106955,19.1697979916,True,-6.5,0,0,0,0,0,1,,,Sydney Cricket Ground,-4,-0.9375,-11.8151423007,0,0,,,,,,,
20161110380,2016,3,Manly-Warringah Sea Eagles,Cronulla-Sutherland Sharks,1,22,12,0.533580389011,0.502085645954,0.53370978052,0.502093706645,21.0083914096,17.7235884135,20.7228548389,17.9500927386,True,-2.5,0,0,0,0,0,1,,,4 Pines Park,-2,-1.125,-4.56005901277,0,0,,,,,,,
20161110410,2016,4,South Sydney Rabbitohs,Canterbury-Bankstown Bulldogs,0,12,42,0.664116856928,0.652729735695,0.664704307657,0.653282380778,22.5679699908,12.9316430932,22.7823404358,13.4814098846,True,-5.5,0,0,0,0,0,1,,,Accor Stadium,0,-1.82986111111,14.0719611694,0,0,,,,,,,
20161110420,2016,4,Brisbane Broncos,North Queensland Cowboys,1,21,20,0.546941377833,0.541886103529,0.547121726835,0.54204722573,20.7537856048,17.469872273,21.4080140057,17.94665832,True,3.5,0,0,0,0,0,1,,,Suncorp Stadium,0,-2.01736111111,8.24499685335,0,0,,,,,,,
20161110430,2016,4,Canberra Raiders,Gold Coast Titans,0,20,24,0.615885349851,0.630783470367,0.616316926275,0.631265422958,24.2040014688,15.8721758475,23.8233874586,16.3327585122,True,5.5,0,0,0,0,0,1,,,GIO Stadium,1,0.145833333333,18.6826969162,0,0,,,,,,,
20161110440,2016,4,Sydney Roosters,Manly-Warringah Sea Eagles,0,20,22,0.608596720834,0.579068546395,0.609003032897,0.579368987594,23.2427530981,17.3586502454,22.6031387884,17.4658962206,True,-2.5,0,0,0,0,0,1,,,Allianz Stadium,-2,3.99652777778,20.5345054771,0,0,,,,,,,
20161110450,2016,4,St. George Illawarra Dragons,Penrith Panthers,1,14,12,0.533333969944,0.537747885139,0.533462417662,0.537893218236,21.2860607928,14.7658349261,21.0040269049,15.1570445524,True,2.5,0,0,0,0,0,1,,,WIN Stadium,0,-0.854166666667,-2.11383097009,0,0,,,,,,,
20161110460,2016,4,New Zealand Warriors,Newcastle Knights,1,40,18,0.582680563113,0.567431429603,0.582994223102,0.567688854569,23.025491705,17.7082988379,23.0582947263,17.4982389026,True,14.5,0,0,0,0,0,1,,,Go Media Stadium,-1,-0.958333333333,11.8369853432,0,0,,,,,,,
20161110470,2016,4,Wests Tigers,Parramatta Eels,0,0,8,0.494983104671,0.546741992295,0.49496371625,0.546921584339,20.9117987276,18.0455615486,20.9940611852,18.2888228644,True,-4.5,0,0,0,0,0,1,,,Accor Stadium,0,-1.01736111111,6.73942449518,0,0,,,,,,,
20161110480,2016,4,Cronulla-Sutherland Sharks,Melbourne Storm,1,14,6,0.481651105038,0.49101860916,0.481580252698,0.490983904615,19.9038515163,16.9146758979,19.6176211591,17.4205193586,True,2.5,0,0,0,0,0,1,,,PointsBet Stadium,-4,-1.125,-4.88587379522,0,0,,,,,,,
20161110510,2016,5,Manly-Warringah Sea Eagles,South Sydney Rabbitohs,0,12,16,0.437833542353,0.437685797137,0.437595774188,0.437447475844,20.1162509917,18.3710864553,20.0126612854,18.9285681587,True,-4,0,0,0,0,0,1,,,4 Pines Park,0,-1.14583333333,-26.9829908828,0,0,,,,,,,
20161110520,2016,5,Gold Coast Titans,Brisbane Broncos,0,16,24,0.402466661754,0.385075391282,0.402099397592,0.384647122903,18.742181259,20.5978602824,18.7349661837,20.7622203468,True,-12.5,0,0,0,0,0,1,,,Cbus Super Stadium,0,-0.934027777778,-36.5563039415,0,0,,,,,,,
20161110530,2016,5,Melbourne Storm,Newcastle Knights,1,18,14,0.651876433021,0.621124589782,0.652426415595,0.621574083058,24.9628161927,14.3600832446,24.5389969735,14.9567235932,True,13.5,0,0,0,0,0,1,,,AAMI Park,5,-0.125,48.6500716574,0,0,,,,,,,
20161110540,2016,5,Wests Tigers,Cronulla-Sutherland Sharks,0,26,34,0.556396055829,0.567348800732,0.556612156131,0.567605918086,20.7766744192,16.6261271099,20.6750629422,16.3879110944,True,-2.5,0,0,0,0,0,1,,,Campbelltown Sports Stadium,0,0.125,-11.515970649,0,0,,,,,,,
20161110550,2016,5,North Queensland Cowboys,St. George Illawarra Dragons,1,36,0,0.626142166131,0.595878585688,0.626608616614,0.596239941736,23.0969270681,14.6640197314,22.188745162,14.2209560392,True,11.5,0,0,0,0,0,1,,,1300SMILES Stadium,0,1.87152777778,45.3754649328,0,0,,,,,,,
20161110560,2016,5,Sydney Roosters,New Zealand Warriors,0,28,32,0.579064002533,0.568929609153,0.579364427061,0.569192606484,23.1243509837,17.7043692426,22.9108630708,16.9085049381,True,-2.5,0,0,0,0,0,1,,,Industree Group Stadium,-2,1.85416666667,17.6215431817,0,0,,,,,,,
20161110570,2016,5,Parramatta Eels,Penrith Panthers,0,18,20,0.551161459517,0.566982900815,0.551357801689,0.567238655649,21.9385712422,14.9113017723,21.7579526839,14.6710704886,True,4,0,0,0,0,0,1,,,CommBank Stadium,4,-1,7.39891891274,0,0,,,,,,,
20161110580,2016,5,Canterbury-Bankstown Bulldogs,Canberra Raiders,0,8,22,0.50708319741,0.522474032794,0.50711056948,0.522560774663,21.9506706115,17.9591344568,21.8529644493,17.7956808487,True,5.5,0,0,0,0,0,1,,,Belmore Sports Ground,1,1.0625,6.18784514163,0,0,,,,,,,
20161110610,2016,6,Brisbane Broncos,St. George Illawarra Dragons,1,26,0,0.620893107523,0.602103916928,0.62134181366,0.602487410377,23.789349123,14.2907301053,24.1761518872,14.559450647,True,16.5,0,0,0,0,0,1,,,Suncorp Stadium,4,0.975694444444,34.1164185205,0,0,,,,,,,
20161110620,2016,6,South Sydney Rabbitohs,Sydney Roosters,0,10,17,0.580839919307,0.579053493738,0.581146851491,0.579353879711,24.2130613046,18.3650865297,24.080504974,16.0016488067,True,6,0,0,0,0,0,1,,,Accor Stadium,6,2.74652777778,14.4693935392,0,0,,,,,,,
20161110630,2016,6,Parramatta Eels,Canberra Raiders,1,36,6,0.56077499554,0.534142914346,0.561007550199,0.534274459863,21.4460675551,16.117750151,21.616755485,17.0853862626,True,4.5,0,0,0,0,0,1,,,CommBank Stadium,-1,1.125,9.65540663667,0,0,,,,,,,
20161110640,2016,6,New Zealand Warriors,Manly-Warringah Sea Eagles,0,18,34,0.586127519101,0.570364477486,0.586453730141,0.570632802567,21.5176479337,18.3752265314,22.0573110488,18.5325521723,True,6.5,0,0,0,0,0,1,,,Go Media Stadium,0,-2.74652777778,-11.9423901291,0,0,,,,,,,
20161110650,2016,6,Penrith Panthers,North Queensland Cowboys,0,18,23,0.418772993431,0.393437379043,0.418464644938,0.393038184975,18.9257506765,21.0818999228,19.2880890359,21.12355811,True,-4,0,0,0,0,0,1,,,BlueBet Stadium,-2,-0.895833333333,-42.9780866433,0,0,,,,,,,
20161110660,2016,6,Cronulla-Sutherland Sharks,Gold Coast Titans,1,25,20,0.608390877031,0.59627325623,0.60879647008,0.596636022937,22.4053936186,18.1124283013,22.3423506496,18.6826261404,True,10,0,0,0,0,0,1,,,PointsBet Stadium,0,-0.934027777778,16.7897211845,0,0,,,,,,,
20161110670,2016,6,Newcastle Knights,Wests Tigers,1,18,16,0.48592722317,0.473144513016,0.485872862381,0.473040920501,21.708088146,21.2712669619,21.4854885256,20.102278691,True,-2.5,0,0,0,0,0,1,,,McDonald Jones Stadium,-3,0.104166666667,-32.1134629576,0,0,,,,,,,
20161110680,2016,6,Melbourne Storm,Canterbury-Bankstown Bulldogs,0,12,18,0.660672882887,0.642169641084,0.661249952172,0.642688831318,21.4766954351,13.6178307202,21.2524945542,14.6188330792,True,3.5,0,0,0,0,0,1,,,AAMI Park,2,2.16666666667,-8.22693468335,0,0,,,,,,,
20161110710,2016,7,Manly-Warringah Sea Eagles,Parramatta Eels,0,10,22,0.484627931521,0.494000889645,0.484568557883,0.493977706003,20.3946770491,17.9989582847,20.0178807715,18.7417040824,True,-2.5,0,0,0,0,0,1,club_crisis,,4 Pines Park,-2,-0.1875,-7.21674125932,0,0,36,crisis-eels-salary-cap-preliminary-sanctions-2016,announcement,-3,away,eels,1
20161110720,2016,7,North Queensland Cowboys,South Sydney Rabbitohs,1,44,18,0.659064584491,0.627515763213,0.659636761926,0.627986820263,22.6302306201,13.2767006893,22.282497547,13.5994740047,True,10.5,0,0,0,0,0,1,,,1300SMILES Stadium,2,-0.986111111111,39.799122012,0,0,,,,,,,
20161110730,2016,7,Gold Coast Titans,St. George Illawarra Dragons,0,14,19,0.510718991902,0.474544660163,0.510760406821,0.474446449235,22.0258615454,17.367037919,21.5430251778,16.1310592217,True,2.5,0,0,0,0,0,1,,,Cbus Super Stadium,0,-2.75694444444,9.96228608531,0,0,,,,,,,
20161110740,2016,7,Canterbury-Bankstown Bulldogs,New Zealand Warriors,0,20,24,0.598253040531,0.599491081798,0.598622869011,0.599865313839,23.3153444133,16.7457333976,23.4692222031,16.3459706892,True,2.5,0,0,0,0,0,1,,,Other,2,-1.97916666667,23.4066185964,0,0,,,,,,,
20161110750,2016,7,Brisbane Broncos,Newcastle Knights,1,53,0,0.674482858767,0.649516113935,0.675100755706,0.650058693696,25.5899482516,14.4000218459,25.2280903814,13.3401151982,True,20.5,0,0,0,0,0,1,,,Suncorp Stadium,5,2.84027777778,65.4917611113,0,0,,,,,,,
20161110760,2016,7,Canberra Raiders,Cronulla-Sutherland Sharks,0,16,40,0.538680977508,0.532083908292,0.538829874441,0.532207566319,20.8744101915,18.1347983814,20.6863120058,19.1362336559,True,2.5,0,0,0,0,0,1,,,GIO Stadium,-3,0.958333333333,-7.18983920121,0,0,,,,,,,
20161110770,2016,7,Wests Tigers,Melbourne Storm,0,18,19,0.429650111371,0.444984932365,0.429381840413,0.444774035602,19.5108893889,16.4761711877,19.294113249,17.4358025615,True,-5.5,0,0,0,0,0,1,,,Leichhardt Oval,-4,1.125,-18.7883613942,0,0,,,,,,,
20161110780,2016,7,Sydney Roosters,Penrith Panthers,0,16,20,0.511809437878,0.543136725745,0.511855062941,0.543302610999,21.0912755563,17.8574895503,20.9098550672,18.667762167,True,-4,0,0,0,0,0,1,,,Allianz Stadium,-2,0.986111111111,-6.34010528733,0,0,,,,,,,
20161110810,2016,8,Brisbane Broncos,South Sydney Rabbitohs,1,30,8,0.722143851502,0.704884632398,0.722883937706,0.70558415115,24.4639949492,12.4011592228,24.1065795445,13.5511865146,True,14,0,0,0,0,0,1,,,Suncorp Stadium,6,-0.986111111111,31.5259745878,0,0,,,,,,,
20161110820,2016,8,Canterbury-Bankstown Bulldogs,Gold Coast Titans,1,21,20,0.671881417908,0.666974953642,0.672491790069,0.667570920762,22.7629073541,14.6072928079,23.298041959,15.0608805049,True,10,0,0,0,0,0,1,,,Accor Stadium,0,-0.1875,20.9761998344,0,0,,,,,,,
20161110830,2016,8,Canberra Raiders,Wests Tigers,1,60,6,0.524870956058,0.536861658705,0.524966919926,0.537003605064,22.159767918,18.5575645856,21.8139376414,20.0006227101,True,7,0,0,0,0,0,1,,,GIO Stadium,3,0.0833333333333,5.63283963764,0,0,,,,,,,
20161110840,2016,8,North Queensland Cowboys,Parramatta Eels,1,32,16,0.607775158899,0.602903590574,0.608178599483,0.603289909675,22.0667713549,14.6566822898,21.9300865847,15.566576372,True,8.5,0,0,0,0,0,1,club_crisis,,1300SMILES Stadium,0,-1,29.6033112461,0,0,36,crisis-eels-salary-cap-preliminary-sanctions-2016,announcement,-2,away,eels,1
20161110850,2016,8,Cronulla-Sutherland Sharks,Penrith Panthers,1,20,18,0.626373484454,0.59891935747,0.626840711785,0.59929155716,22.1356378313,16.1135754351,22.2610744644,17.066151624,True,6,0,0,0,0,0,1,,,PointsBet Stadium,2,1.20833333333,12.5114350837,0,0,,,,,,,
20161110860,2016,8,Newcastle Knights,Manly-Warringah Sea Eagles,0,10,26,0.473975742584,0.465234475297,0.473875344588,0.465100546484,20.628540797,22.5232545893,20.6589762263,21.6249657666,True,-7.5,0,0,0,0,0,1,,,McDonald Jones Stadium,-3,-1.98611111111,-36.279928931,0,0,,,,,,,
20161110870,2016,8,St. George Illawarra Dragons,Sydney Roosters,1,20,18,0.492323365202,0.497188884959,0.49229370057,0.497178020549,20.6787972602,17.772029693,20.4365681398,17.0518013566,True,-2.5,0,0,0,0,0,1,,,Allianz Stadium,4,2.16666666667,-19.1193117919,0,0,,,,,,,
20161110880,2016,8,Melbourne Storm,New Zealand Warriors,1,42,0,0.658182559147,0.642722240242,0.658752042107,0.643243207742,23.8417927765,14.7362491823,23.7349569658,15.829944851,True,2.5,0,0,0,0,0,1,,,AAMI Park,0,-0.854166666667,24.1094267151,0,0,,,,,,,
20161110910,2016,9,South Sydney Rabbitohs,Wests Tigers,0,22,30,0.549877612948,0.533959918388,0.550069095447,0.534090763254,22.6117925801,17.4251621787,22.4545904236,18.0546547954,True,9.5,0,0,0,0,0,1,,,Accor Stadium,2,0.902777777778,9.2966688649,0,0,,,,,,,
20161110920,2016,9,Parramatta Eels,Canterbury-Bankstown Bulldogs,1,20,12,0.546090484419,0.521858712487,0.546267602236,0.521943085623,21.1205727175,14.2324831144,21.3806630944,15.252614451,True,-2.5,0,0,0,0,0,1,club_crisis,,Accor Stadium,0,-0.1875,11.7512628627,0,0,36,crisis-eels-salary-cap-preliminary-sanctions-2016,announcement,-1,home,eels,1
20161110930,2016,9,Penrith Panthers,Canberra Raiders,1,19,18,0.580698317856,0.545875188422,0.581004731744,0.54605148834,23.2889098752,18.4922964849,23.3076462584,18.2020038214,True,3.5,0,0,0,0,0,1,,,Carrington Park,0,-0.9375,18.0716792866,0,0,,,,,,,
20161110940,2016,9,Sydney Roosters,Newcastle Knights,1,38,0,0.696870892387,0.690902245491,0.697550088179,0.691565730733,25.1354817639,13.4755817571,24.9364312849,14.4717504587,True,17.5,0,0,0,0,0,1,,,Allianz Stadium,0,-0.0833333333333,43.738603594,0,0,,,,,,,
20161110950,2016,9,Manly-Warringah Sea Eagles,North Queensland Cowboys,0,18,34,0.445044465264,0.43629924096,0.44483379297,0.436055732877,19.4104297952,22.1988869169,19.436139768,21.2356661208,True,-12,0,0,0,0,0,1,,,4 Pines Park,-2,-1.77083333333,-54.3081838059,0,0,,,,,,,
20161110960,2016,9,New Zealand Warriors,St. George Illawarra Dragons,1,26,10,0.534681543513,0.510761369014,0.534815150902,0.510802947563,22.6599802877,19.3423849926,21.36952784,19.2601517276,True,-4,0,0,0,0,0,1,,,Go Media Stadium,0,-0.125,6.13787281476,0,0,,,,,,,
20161110970,2016,9,Gold Coast Titans,Melbourne Storm,0,0,38,0.451225804451,0.449983297699,0.451038502774,0.449791288462,19.3340264284,19.0651217058,19.0584471118,19.2947057971,True,-2.5,0,0,0,0,0,1,,,Cbus Super Stadium,-4,2.16666666667,-15.5214465965,0,0,,,,,,,
20161110980,2016,9,Cronulla-Sutherland Sharks,Brisbane Broncos,1,30,28,0.522184739918,0.474082010499,0.522270368192,0.473982020985,19.0074628761,18.3835166321,19.249304204,17.984454944,True,-2.5,0,0,0,0,0,1,,,PointsBet Stadium,0,-1.84027777778,-30.3717344711,0,0,,,,,,,
20161111010,2016,10,St. George Illawarra Dragons,Canberra Raiders,1,16,12,0.477055200452,0.453434744872,0.476966646678,0.453255823899,21.2877918845,20.2816446213,21.2042892008,20.7891650054,True,-2.5,0,0,0,0,0,1,,,Netstrata Jubilee Stadium,0,-0.958333333333,-24.2333367156,0,0,,,,,,,
20161111020,2016,10,Parramatta Eels,South Sydney Rabbitohs,0,20,22,0.572419317175,0.572440941918,0.57269525605,0.572716960817,22.3453253053,18.4112285844,22.2953462682,16.238180309,True,5.5,1,0,1,1,1,1,club_crisis,0,CommBank Stadium,4,-1,24.158602145,0,0,36,crisis-eels-salary-cap-preliminary-sanctions-2016,announcement,0,home,eels,1
20161111030,2016,10,Penrith Panthers,New Zealand Warriors,1,30,18,0.585678541925,0.552360095908,0.58600312177,0.552560970447,23.0644954455,18.9093381576,23.3645577187,17.9383906658,True,5.5,0,0,0,0,0,1,,,Other,0,0.958333333333,32.0216519577,0,0,,,,,,,
20161111040,2016,10,Melbourne Storm,North Queensland Cowboys,1,15,14,0.638677288128,0.628631266202,0.639185180754,0.629106052759,20.3509969454,17.3729514304,20.4478479494,17.1508913295,True,-8,0,0,0,0,0,1,,,Suncorp Stadium,-2,-0.770833333333,-35.4556890943,0,0,,,,,,,
20161111050,2016,10,Manly-Warringah Sea Eagles,Brisbane Broncos,0,6,30,0.414749570287,0.390454806303,0.414426546853,0.390045185044,19.6009345584,22.3903073378,19.3995087992,23.1815263778,True,-14,0,0,0,0,0,1,,,Suncorp Stadium,-4,0.854166666667,-54.1447534455,0,0,,,,,,,
20161111060,2016,10,Newcastle Knights,Cronulla-Sutherland Sharks,0,0,62,0.392567176758,0.375881833086,0.392164934068,0.375422198513,20.7201842632,28.2832527761,20.3800920017,28.2084397132,True,-18.5,0,0,0,0,0,1,,,McDonald Jones Stadium,-8,0.9375,-71.5961580099,0,0,,,,,,,
20161111070,2016,10,Wests Tigers,Canterbury-Bankstown Bulldogs,0,4,36,0.486031046107,0.457359000449,0.485977085946,0.457195002695,20.0836905763,21.4701568158,19.6672468976,21.5888028228,True,-6.5,0,0,0,0,0,1,,,Accor Stadium,-2,1,-43.1667227925,0,0,,,,,,,
20161111080,2016,10,Gold Coast Titans,Sydney Roosters,1,26,6,0.461151201217,0.405341424188,0.461001663532,0.404984434789,20.6290565817,22.5719072625,20.4881166826,21.6355860027,True,-5.5,0,0,0,0,0,1,,,Cbus Super Stadium,-4,-0.854166666667,-1.32623497805,0,0,,,,,,,
20161111110,2016,11,South Sydney Rabbitohs,St. George Illawarra Dragons,1,34,24,0.550783550607,0.551831018056,0.550978462844,0.552029892584,23.7229500614,15.5437723329,22.7144398093,16.8935222877,True,8,0,0,0,0,0,1,,,Accor Stadium,-4,-1,11.413086094,0,0,,,,,,,
20161111120,2016,11,North Queensland Cowboys,Brisbane Broncos,1,19,18,0.56574566523,0.537107737917,0.565996808741,0.537250624857,20.5759594656,16.4796342622,20.2688308047,17.0407228308,True,2.5,0,0,0,0,0,1,,,1300SMILES Stadium,0,0.100694444444,7.06753527789,0,0,,,,,,,
20161111130,2016,11,Wests Tigers,Newcastle Knights,1,20,12,0.578276774893,0.572257668037,0.578574309645,0.572533008646,24.3815883157,16.8868545187,24.3459297543,17.6232770444,True,7.5,0,0,0,0,0,1,,,Campbelltown Sports Stadium,0,-0.0833333333333,34.5271919412,0,0,,,,,,,
20161111140,2016,11,New Zealand Warriors,Canberra Raiders,0,12,38,0.486169829343,0.450229127565,0.48611640473,0.450038049338,21.890923064,20.4605215333,21.4707235338,20.6316800837,True,2.5,0,0,0,0,0,1,,,Other,2,-1.88194444444,-27.8311446359,0,0,,,,,,,
20161111150,2016,11,Cronulla-Sutherland Sharks,Manly-Warringah Sea Eagles,1,20,12,0.661310539364,0.63719458626,0.661889540492,0.637697648693,24.2500637291,14.3146930158,23.7112947738,14.67761435,True,9.5,0,0,0,0,0,1,,,PointsBet Stadium,6,-0.753472222222,24.407237902,0,0,,,,,,,
20161111160,2016,11,Penrith Panthers,Gold Coast Titans,0,24,28,0.623111505471,0.597808295474,0.62356773775,0.598176539697,23.1387258869,17.0535668784,23.4028155142,17.8580761943,True,11,0,0,0,0,0,1,,,BlueBet Stadium,4,2.08333333333,26.2813791519,0,0,,,,,,,
20161111170,2016,11,Canterbury-Bankstown Bulldogs,Sydney Roosters,1,32,20,0.575295074763,0.56609357378,0.57558163667,0.566346014633,23.6570755366,16.560569226,23.165637364,16.1531380949,True,2.5,0,0,0,0,0,1,,,Accor Stadium,2,1.125,0.707807153058,0,0,,,,,,,
20161111180,2016,11,Parramatta Eels,Melbourne Storm,0,6,18,0.493176675222,0.472898107985,0.49315030714,0.472793568725,18.898827718,16.9215351216,19.0628452879,17.0631268729,True,2.5,1,0,1,1,1,1,club_crisis,1,CommBank Stadium,-2,0.902777777778,-15.4618973583,0,0,36,crisis-eels-salary-cap-preliminary-sanctions-2016,announcement,1,home,eels,1
20161111210,2016,12,Brisbane Broncos,Wests Tigers,0,18,19,0.679524664687,0.67827813494,0.680156916111,0.678906865919,24.8019403906,14.0527357304,25.3187431158,14.1461717783,True,16,0,0,0,0,0,1,,,Suncorp Stadium,2,0.798611111111,96.9536450709,0,0,,,,,,,
20161111220,2016,12,St. George Illawarra Dragons,North Queensland Cowboys,1,14,10,0.396503479689,0.413925672853,0.396115068183,0.41359965501,19.4899900482,22.2117618312,19.6117693686,23.3791727883,True,3.5,0,0,0,0,0,1,,,WIN Stadium,-2,1,-76.1574020434,0,0,,,,,,,
20161111230,2016,12,Canberra Raiders,Canterbury-Bankstown Bulldogs,1,32,20,0.574570762908,0.580195217247,0.574854652854,0.580499788835,21.3146225554,17.1927623341,21.1629248636,16.7657519478,True,6.5,0,0,0,0,0,1,,,GIO Stadium,-2,0.854166666667,-13.8810123307,0,0,,,,,,,
20161111240,2016,12,Newcastle Knights,Parramatta Eels,0,18,20,0.362605918488,0.372777855299,0.362102205005,0.372307781636,19.7906466323,22.5224991315,19.4297087896,23.6438964465,True,-11.5,0,0,0,0,0,1,club_crisis,,McDonald Jones Stadium,-4,2.16666666667,-97.5550938477,0,0,36,crisis-eels-salary-cap-preliminary-sanctions-2016,announcement,2,away,eels,1
20161111310,2016,13,Canberra Raiders,Manly-Warringah Sea Eagles,1,30,18,0.677221625354,0.641436146282,0.677847357774,0.641952973047,24.3798386835,15.0105266175,24.3582009612,15.3520084121,True,6,0,0,0,0,0,1,,,GIO Stadium,4,-7.85416666667,17.2663265595,0,0,,,,,,,
20161111320,2016,13,New Zealand Warriors,Brisbane Broncos,1,36,18,0.343202429162,0.340082264349,0.342637193707,0.339507488502,18.8696434578,25.052822143,18.998858942,24.1952688588,True,-4,0,0,0,0,0,1,,,Go Media Stadium,0,6.01388888889,-80.2885154255,0,0,,,,,,,
20161111330,2016,13,North Queensland Cowboys,Newcastle Knights,1,46,16,0.702273459162,0.684593577936,0.702966455299,0.685239947449,27.7021397458,13.9275105003,27.3865597086,13.6214228588,True,25.5,0,0,0,0,0,1,,,1300SMILES Stadium,6,1.97916666667,137.532663167,0,0,,,,,,,
20161111340,2016,13,Melbourne Storm,Penrith Panthers,1,24,6,0.634465799913,0.638846396295,0.634959921326,0.639354838559,24.2067683735,14.4812832146,24.3362743383,13.9500712412,True,6,0,0,0,0,0,1,,,AAMI Park,4,-1.20833333333,31.529488736,0,0,,,,,,,
20161111350,2016,13,Sydney Roosters,Wests Tigers,1,32,18,0.6254609691,0.632283606481,0.625925129339,0.632770530656,23.934479306,17.5454633332,24.2649850969,18.4533057034,True,3.5,0,0,0,0,0,1,,,Allianz Stadium,-4,5.15972222222,34.298331014,0,0,,,,,,,
20161111360,2016,13,South Sydney Rabbitohs,Gold Coast Titans,0,28,29,0.630715308115,0.605500747198,0.631197034353,0.605896214145,22.6802304207,19.2982623111,22.1718594585,20.1458189482,True,2.5,0,0,0,0,0,1,,,HBF Park,0,2.75694444444,2.59714350143,0,0,,,,,,,
20161111370,2016,13,Canterbury-Bankstown Bulldogs,Cronulla-Sutherland Sharks,0,18,20,0.533232372363,0.500451430969,0.533360430924,0.500453175698,19.5024198547,18.554772496,19.7408231622,18.6505280099,True,-3.5,0,0,0,0,0,1,,,Accor Stadium,-4,-7.85416666667,-24.0917483324,0,0,,,,,,,
20161111410,2016,14,Brisbane Broncos,Canberra Raiders,1,26,18,0.630860139082,0.616094307297,0.631342346227,0.616526602296,23.2793549837,18.1078003067,23.9101305361,17.081390503,True,9.5,0,0,0,0,0,1,,,Suncorp Stadium,-4,-0.881944444444,29.5033156472,0,0,,,,,,,
20161111420,2016,14,Wests Tigers,South Sydney Rabbitohs,1,30,14,0.500302012709,0.515599327164,0.500303179954,0.515659577436,21.4110226688,21.6242380503,21.1632380509,21.2740827798,True,-4,0,0,0,0,0,1,,,Accor Stadium,2,0.0208333333333,-24.7260158417,0,0,,,,,,,
20161111430,2016,14,Newcastle Knights,New Zealand Warriors,0,14,50,0.39379734569,0.367587642187,0.393399414227,0.36710029222,21.4895742413,25.4330807627,21.3518618798,26.9836433798,True,-10,0,0,0,0,0,1,,,McDonald Jones Stadium,-4,-0.0208333333333,-40.6996321837,0,0,,,,,,,
20161111440,2016,14,Parramatta Eels,Gold Coast Titans,1,22,12,0.65146267556,0.646010943771,0.652011364468,0.646542428646,22.9142807252,17.6203968415,23.4617521771,17.5256192688,True,-3.5,0,0,0,0,0,1,club_crisis,,TIO Stadium,-2,5.89583333333,19.541431131,0,0,36,crisis-eels-salary-cap-preliminary-sanctions-2016,announcement,3,home,eels,1
20161111450,2016,14,Sydney Roosters,Melbourne Storm,0,0,46,0.423888628516,0.430272572534,0.423599058311,0.430006611742,18.6842176022,19.7035229004,18.6701945313,20.664703455,True,-5.5,0,0,0,0,0,1,,,Allianz Stadium,-6,-0.854166666667,-50.2736347601,0,0,,,,,,,
20161111460,2016,14,Manly-Warringah Sea Eagles,Penrith Panthers,0,24,31,0.425427620343,0.422112161042,0.42514372443,0.421816055141,20.5481412499,21.5926840214,20.6638376501,19.1044647338,True,-2.5,0,0,0,0,0,1,,,4 Pines Park,-2,0.986111111111,-6.58642175336,0,0,,,,,,,
20161111470,2016,14,St. George Illawarra Dragons,Canterbury-Bankstown Bulldogs,0,16,34,0.416397182429,0.428454311064,0.41608015812,0.428181606918,20.7350398413,19.5503320747,20.6549926132,19.2471938862,True,-7.5,0,0,0,0,0,1,,,Accor Stadium,2,8.97916666667,-36.1200070654,0,0,,,,,,,
20161111480,2016,14,Cronulla-Sutherland Sharks,North Queensland Cowboys,1,13,10,0.586342699126,0.583203679052,0.586669691554,0.583519247882,19.721365953,18.7994868827,19.9728093854,18.0155072579,True,-2.5,0,0,0,0,0,1,,,PointsBet Stadium,4,-2.0625,-5.78978430988,0,0,,,,,,,
20161111510,2016,15,South Sydney Rabbitohs,Parramatta Eels,0,12,30,0.507522308893,0.515058910941,0.50755137735,0.515117076516,20.9108200785,19.0971894072,20.9518370691,18.7906762837,True,-2.5,0,0,0,0,0,1,,,Accor Stadium,-2,0.881944444444,-10.7431217925,0,0,,,,,,,
20161111520,2016,15,St. George Illawarra Dragons,Melbourne Storm,1,20,10,0.431737533144,0.416226122325,0.431477016008,0.415908474494,19.4109147408,22.0823335624,19.4472799988,22.2423448448,True,7.5,0,0,0,0,0,1,,,WIN Stadium,-6,-1.85416666667,-58.4099104035,0,0,,,,,,,
20161111530,2016,15,New Zealand Warriors,Sydney Roosters,1,12,10,0.560891904558,0.564680709577,0.561124897537,0.564927878799,23.5391782349,19.2783519512,23.378414719,19.8256836838,True,8,0,0,0,0,0,1,,,Go Media Stadium,2,0.1875,-11.5149303003,0,0,,,,,,,
20161111540,2016,15,Gold Coast Titans,Manly-Warringah Sea Eagles,1,30,10,0.541537024981,0.566894414667,0.541696816964,0.567149839915,22.843610225,18.973606325,23.033019196,20.73884436,True,6,0,0,0,0,0,1,,,Cbus Super Stadium,6,0.958333333333,0.382088480995,0,0,,,,,,,
20161111610,2016,16,Penrith Panthers,South Sydney Rabbitohs,1,28,26,0.641796001324,0.649968304542,0.642313988242,0.650512306834,23.6638515699,17.9662872351,23.8264438393,18.1562828663,True,10.5,0,0,0,0,0,1,,,BlueBet Stadium,2,5.15972222222,14.8984520379,0,0,,,,,,,
20161111620,2016,16,Newcastle Knights,St. George Illawarra Dragons,0,18,30,0.440534249166,0.447710675736,0.440306606713,0.447510068674,21.3131617611,23.7953186706,21.0093066993,24.0628171365,True,-8,0,0,0,0,0,1,,,McDonald Jones Stadium,-6,7.1875,-55.3977082743,0,0,,,,,,,
20161111630,2016,16,Cronulla-Sutherland Sharks,New Zealand Warriors,1,19,18,0.649467721718,0.618206145942,0.650010149124,0.618645684799,24.1568764741,16.8757966006,23.6438165025,14.7932913585,True,10,0,0,0,0,0,1,,,PointsBet Stadium,4,5.95833333333,46.3353106419,0,0,,,,,,,
20161111640,2016,16,Canterbury-Bankstown Bulldogs,Brisbane Broncos,1,40,14,0.603588552184,0.57432213762,0.603977288255,0.574605109826,20.2996287231,17.5837462515,20.4814462858,17.8224314507,True,2.5,0,0,0,0,0,1,,,Accor Stadium,2,-3.84027777778,-16.3902673038,0,0,,,,,,,
20161111650,2016,16,Gold Coast Titans,Canberra Raiders,0,22,30,0.471423674234,0.480160167676,0.471313472036,0.480083569954,20.9925350788,20.2454394094,21.02809255,20.3008188657,True,-2.5,0,0,0,0,0,1,,,Cbus Super Stadium,2,-10.9652777778,-29.5021504534,0,0,,,,,,,
20161111660,2016,16,Melbourne Storm,Wests Tigers,1,29,20,0.72944375433,0.717860653915,0.730199592605,0.718591098341,25.9742978102,13.675596643,25.8505679606,14.1472245858,True,9.5,0,0,0,0,0,1,,,AAMI Park,2,-7.98611111111,94.360672057,0,0,,,,,,,
20161111670,2016,16,North Queensland Cowboys,Manly-Warringah Sea Eagles,1,30,26,0.718284893229,0.697602831728,0.719016305532,0.698283920904,26.0352839989,14.6510679774,26.171141234,13.6311638878,True,14.5,0,0,0,0,0,1,,,1300SMILES Stadium,4,7,58.0247612186,0,0,,,,,,,
20161111710,2016,17,Sydney Roosters,Canterbury-Bankstown Bulldogs,0,20,24,0.413749570771,0.411186544961,0.413422913374,0.410850598762,20.4244313002,24.9789792181,20.5904269487,25.3325867554,True,-3.5,0,0,0,0,0,1,,,Allianz Stadium,-4,6.0625,-41.0495138149,0,0,,,,,,,
20161111720,2016,17,Brisbane Broncos,Melbourne Storm,0,6,48,0.497168741729,0.491922094072,0.497157799472,0.491890879347,19.576257833,20.4356781051,18.9630007781,19.6526595271,True,5.5,0,0,0,0,0,1,,,Suncorp Stadium,-6,0.854166666667,-14.9851233388,0,0,,,,,,,
20161111730,2016,17,New Zealand Warriors,Gold Coast Titans,1,27,18,0.585732578102,0.563828645851,0.586057354326,0.564072631945,22.8898327334,18.2640117371,23.0286756642,18.1675324566,True,9.5,0,0,0,0,0,1,,,Go Media Stadium,0,0.854166666667,-6.41431527569,0,0,,,,,,,
20161111740,2016,17,Wests Tigers,Penrith Panthers,1,34,26,0.486892974218,0.470488269949,0.486842340396,0.470374477088,20.7827391511,24.0258855616,20.8627587849,22.4712681211,True,-2.5,0,0,0,0,0,1,,,Accor Stadium,0,-1.84027777778,-26.2618010505,0,0,,,,,,,
20161111750,2016,17,Cronulla-Sutherland Sharks,Parramatta Eels,1,34,24,0.689640714678,0.632983943112,0.690300818614,0.633473181628,22.4054474297,13.9663956984,22.704766855,13.8120255422,True,9.5,0,0,0,0,0,1,,,PointsBet Stadium,4,-7.90277777778,34.4677430739,0,0,,,,,,,
20161111760,2016,17,Canberra Raiders,Newcastle Knights,1,29,25,0.669393571886,0.656212150628,0.669996674271,0.656775584671,28.244079709,16.0359565508,28.4534385011,15.2654884066,True,25.5,0,0,0,0,0,1,,,GIO Stadium,8,-0.958333333333,102.542998501,0,0,,,,,,,
20161111770,2016,17,South Sydney Rabbitohs,North Queensland Cowboys,0,0,20,0.471391970294,0.460990346773,0.471281646371,0.460840195,20.1661519946,22.1993326934,20.0724968466,22.5388231924,True,-10.5,0,0,0,0,0,1,,,Other,-4,2.96527777778,-68.4022779517,0,0,,,,,,,
20161111780,2016,17,Manly-Warringah Sea Eagles,St. George Illawarra Dragons,1,36,6,0.478480901225,0.483526940437,0.478397835687,0.48346332028,22.1405289622,21.7489661478,21.3922072996,21.9429795707,True,2.5,0,0,0,0,0,1,,,4 Pines Park,-6,-2.16666666667,-11.1478090584,0,0,,,,,,,
20161111810,2016,18,Parramatta Eels,Sydney Roosters,1,22,18,0.597738452841,0.597163762962,0.598106448161,0.597529709062,24.5512078489,16.5356104631,24.260648425,15.7699879187,True,-2.5,0,0,0,0,0,1,,,CommBank Stadium,4,-1.98611111111,32.9347346995,0,0,,,,,,,
20161111820,2016,18,Canterbury-Bankstown Bulldogs,Wests Tigers,1,32,22,0.729322248628,0.71282423201,0.730077831894,0.713542973736,26.8670885204,16.7269761698,26.3987434486,16.9962513407,True,16.5,0,0,0,0,0,1,,,Accor Stadium,0,1.90277777778,53.6595813713,0,0,,,,,,,
20161111830,2016,18,Penrith Panthers,Cronulla-Sutherland Sharks,0,10,26,0.479445823808,0.476876784322,0.479366474296,0.476787543936,19.8569885,22.2169317512,19.6922719345,22.3954962115,True,4.5,0,0,0,0,0,1,,,BlueBet Stadium,-6,0.0833333333333,-36.9997361559,0,0,,,,,,,
20161111840,2016,18,Canberra Raiders,North Queensland Cowboys,1,26,12,0.622727141748,0.585645830363,0.623182072824,0.585970291319,20.7581087583,17.0700244791,20.2409333489,18.1100895294,True,11.5,0,0,0,0,0,1,,,GIO Stadium,2,0.0833333333333,-21.6581731827,0,0,,,,,,,
20161111910,2016,19,St. George Illawarra Dragons,Gold Coast Titans,0,12,32,0.580398171799,0.576652664892,0.58070348674,0.576944228161,22.807831729,18.6912215137,22.6953890261,19.7347261189,True,-2.5,0,0,0,0,0,1,,,Netstrata Jubilee Stadium,2,-2.08333333333,-6.14137821051,0,0,,,,,,,
20161111920,2016,19,Manly-Warringah Sea Eagles,New Zealand Warriors,1,15,14,0.568578192217,0.523721227947,0.568839883346,0.523812769373,21.9636095411,19.4320401547,22.1909909827,19.4525607539,True,-3.5,0,0,0,0,0,1,,,HBF Park,-6,-2.08333333333,-10.4111955375,0,0,,,,,,,
20161111930,2016,19,South Sydney Rabbitohs,Brisbane Broncos,0,10,30,0.488315020539,0.492244628587,0.48826987596,0.492214659792,20.8746069981,20.9042336506,20.6990729453,22.1024026937,True,-6.5,0,0,0,0,0,1,,,Accor Stadium,-2,-1.84027777778,-41.0877017628,0,0,,,,,,,
20161111940,2016,19,Newcastle Knights,Melbourne Storm,0,16,20,0.332842715891,0.340755985772,0.332246208567,0.34018326121,18.7431127696,31.4027734528,18.599065443,30.9459444314,True,-18.5,0,0,0,0,0,1,,,McDonald Jones Stadium,-8,-1.75694444444,-127.175429261,0,0,,,,,,,
20161111950,2016,19,Penrith Panthers,Parramatta Eels,1,22,18,0.532722199548,0.524592471644,0.532848303628,0.524687364503,20.5433196896,19.2264503913,20.6384135802,19.261493,True,10.5,0,0,0,0,0,1,,,BlueBet Stadium,-4,-1.84027777778,-16.773849414,0,0,,,,,,,
20161111960,2016,19,Sydney Roosters,Cronulla-Sutherland Sharks,0,20,32,0.506163622561,0.491536175814,0.506187441835,0.49150347038,20.0249327643,21.3970488759,19.591729448,22.8612680523,True,-3.5,0,0,0,0,0,1,,,Allianz Stadium,-8,1.84027777778,-55.2475598676,0,0,,,,,,,
20161112010,2016,20,North Queensland Cowboys,Canterbury-Bankstown Bulldogs,1,36,0,0.574579150057,0.536596374791,0.574863070957,0.536737307006,22.0853454561,19.1133368598,21.9776897044,18.3259282078,True,6,0,0,0,0,0,1,,,1300SMILES Stadium,-2,-1.97916666667,14.9969980688,0,0,,,,,,,
20161112020,2016,20,Brisbane Broncos,Penrith Panthers,0,12,31,0.640124507439,0.606948895166,0.640637095391,0.607349443129,24.1744129429,18.0083477005,24.0332947725,18.1602107252,True,10.5,0,0,0,0,0,1,,,Suncorp Stadium,-2,0.854166666667,13.0441600667,0,0,,,,,,,
20161112030,2016,20,Canberra Raiders,New Zealand Warriors,1,26,22,0.609507541508,0.586640782646,0.609917031519,0.586968857093,23.874023877,18.7492183365,23.6007749994,19.4932996186,True,8,0,0,0,0,0,1,,,GIO Stadium,2,4.85416666667,10.3987630818,0,0,,,,,,,
20161112040,2016,20,Gold Coast Titans,Parramatta Eels,1,34,14,0.586634124478,0.596898013418,0.586962174762,0.59726301122,21.3439709377,16.5340843301,21.1927091725,17.6745382493,True,10,0,0,0,0,0,1,,,Cbus Super Stadium,-2,1.84027777778,-16.4885190874,0,0,,,,,,,
20161112050,2016,20,Melbourne Storm,Sydney Roosters,1,26,10,0.667997614571,0.629291595273,0.668596606766,0.629768584634,27.8543773628,13.6861725215,27.7657862969,14.4409006192,True,10.5,0,0,0,0,0,1,,,AAMI Park,8,1.20833333333,76.4083380072,0,0,,,,,,,
20161112060,2016,20,Cronulla-Sutherland Sharks,Newcastle Knights,1,36,4,0.669600025926,0.669363443704,0.670203734301,0.669966457616,29.8238360127,14.780573076,28.5539578184,14.6970089255,True,22,0,0,0,0,0,1,,,PointsBet Stadium,10,-1.20833333333,115.278820337,0,0,,,,,,,
20161112070,2016,20,St. George Illawarra Dragons,Wests Tigers,0,12,25,0.584422304522,0.547786432236,0.584742314483,0.547969988146,24.6929741442,21.4740823116,24.216537016,22.5731766996,True,-5.5,0,0,0,0,0,1,,,Accor Stadium,0,-6.01388888889,-6.57240825655,0,0,,,,,,,
20161112080,2016,20,South Sydney Rabbitohs,Manly-Warringah Sea Eagles,0,12,20,0.535210147485,0.486679218263,0.535345777761,0.48662775946,21.8373710905,20.01624655,22.4559291329,20.778053793,True,-3.5,0,0,0,0,0,1,,,Allianz Stadium,-4,-0.166666666667,-23.1342887841,0,0,,,,,,,
20161112110,2016,21,Canterbury-Bankstown Bulldogs,St. George Illawarra Dragons,1,13,10,0.670244885504,0.666692297027,0.670850483544,0.667287425961,26.9244673255,16.5087777817,26.2596693771,16.447037832,True,14.5,0,0,0,0,0,1,,,Accor Stadium,4,2.84027777778,58.751077358,0,0,,,,,,,
20161112130,2016,21,Manly-Warringah Sea Eagles,Newcastle Knights,1,36,16,0.715762449576,0.687539202284,0.716488065958,0.688193627372,29.4670492192,14.5622919848,29.625908187,14.4091859531,True,18,0,0,0,0,0,1,,,4 Pines Park,6,-1.20833333333,63.2764977607,0,0,,,,,,,
20161112140,2016,21,New Zealand Warriors,Penrith Panthers,1,20,16,0.593783564994,0.575247565076,0.594137417029,0.575533951797,23.0741989432,19.2218423966,22.847690424,18.1277064196,True,5.5,0,0,0,0,0,1,,,Go Media Stadium,-2,-0.798611111111,5.77290390375,0,0,,,,,,,
20161112150,2016,21,North Queensland Cowboys,Melbourne Storm,0,8,16,0.52758919136,0.482636560156,0.527695602633,0.48256950671,19.4007740715,17.7726936797,19.0395137939,18.0298973284,True,-3.5,0,0,0,0,0,1,,,1300SMILES Stadium,-2,1.98611111111,-14.8345988998,0,0,,,,,,,
20161112160,2016,21,Parramatta Eels,Wests Tigers,0,8,23,0.602691051863,0.57504769164,0.603076620367,0.575333341238,25.6038857235,21.0757805563,25.513885417,20.3490881387,True,-11.5,0,0,0,0,0,1,,,Accor Stadium,-2,0.9375,21.9396965345,0,0,,,,,,,
20161112170,2016,21,South Sydney Rabbitohs,Canberra Raiders,0,4,54,0.465853359553,0.434293408318,0.465721799771,0.434042410542,20.7284650939,23.7774404868,20.9262266924,25.3062308687,True,-8,0,0,0,0,0,1,,,Accor Stadium,-8,-2.16666666667,-49.7428287799,0,0,,,,,,,
20161112180,2016,21,Sydney Roosters,Brisbane Broncos,1,32,16,0.493717192349,0.481870858949,0.493692912582,0.481800853659,20.9064469841,20.4918268124,21.0424501609,20.3429280287,True,-2.5,0,0,0,0,0,1,,,Allianz Stadium,-4,-0.986111111111,-26.2059415635,0,0,,,,,,,
20161112210,2016,22,Cronulla-Sutherland Sharks,Canberra Raiders,0,14,30,0.626912919042,0.595207572214,0.627381956276,0.595566527694,21.8373344037,16.6072426702,22.0204082497,16.1481828478,True,2.5,0,0,0,0,0,1,,,PointsBet Stadium,-1,-1.20833333333,24.8912291358,0,0,,,,,,,
20161112220,2016,22,Gold Coast Titans,New Zealand Warriors,0,14,24,0.521414775999,0.516142688769,0.521497439838,0.516205034813,23.3949757483,20.1913425776,23.3834587134,19.6576676323,True,4,0,0,0,0,0,1,,,Cbus Super Stadium,1,-2.08333333333,8.69601508852,0,0,,,,,,,
20161112230,2016,22,Melbourne Storm,South Sydney Rabbitohs,1,15,14,0.709529697862,0.691368959155,0.710240576105,0.692033690032,30.1094918236,12.0143374858,29.2664552073,11.82715155,True,20,0,0,0,0,0,1,,,AAMI Park,10,0.770833333333,80.4184398481,0,0,,,,,,,
20161112240,2016,22,Newcastle Knights,Canterbury-Bankstown Bulldogs,0,14,28,0.401317334323,0.387980859771,0.400945976623,0.387562636923,19.7783441754,23.5334653441,19.6406668675,24.7608920576,True,-13.5,0,0,0,0,0,1,,,McDonald Jones Stadium,-8,-1.84027777778,-80.6347884035,0,0,,,,,,,
20161112250,2016,22,Parramatta Eels,Manly-Warringah Sea Eagles,1,10,9,0.527696431473,0.503827129182,0.527803254667,0.503841920021,23.1784343007,21.0063467471,23.2106700936,20.686463277,True,-4,0,0,0,0,0,1,,,CommBank Stadium,-6,0.9375,-3.5265444261,0,0,,,,,,,
20161112260,2016,22,Penrith Panthers,Sydney Roosters,1,38,18,0.640831747009,0.633202542194,0.641346622518,0.633692502226,27.8850541504,17.9756419478,27.6844132357,17.9642674044,True,6.5,0,0,0,0,0,1,,,BlueBet Stadium,2,-1.88194444444,20.6066413668,0,0,,,,,,,
20161112270,2016,22,St. George Illawarra Dragons,Brisbane Broncos,0,8,12,0.517402933843,0.509634234824,0.517470139557,0.509671460778,20.9595517303,17.7781597605,20.6309902577,18.6484754792,True,-10.5,0,0,0,0,0,1,,,WIN Stadium,0,-1,-35.0379169567,0,0,,,,,,,
20161112280,2016,22,Wests Tigers,North Queensland Cowboys,1,26,14,0.411081499766,0.445936100732,0.41074517365,0.445728791791,19.1082810192,19.5309408509,19.3278160142,20.0335751158,True,-10,0,0,0,0,0,1,,,Leichhardt Oval,0,0.0833333333333,-60.8346701846,0,0,,,,,,,
20161112310,2016,23,Brisbane Broncos,Parramatta Eels,1,38,16,0.643886699672,0.592621163022,0.644411402897,0.592970840181,22.4699915029,15.262439055,23.1816463199,15.9567548881,True,14,0,0,0,0,0,1,,,Suncorp Stadium,0,1,2.48443581035,0,0,,,,,,,
20161112320,2016,23,Canberra Raiders,Melbourne Storm,1,22,8,0.550864377276,0.538674958618,0.551059595383,0.53882383257,19.4420495236,16.8972174549,19.1160538804,17.4494099177,True,-2.5,0,0,0,0,0,1,,,GIO Stadium,0,0.0833333333333,-17.0043007536,0,0,,,,,,,
20161112330,2016,23,Canterbury-Bankstown Bulldogs,Manly-Warringah Sea Eagles,1,20,16,0.623327285819,0.619652865498,0.623784248071,0.620097347158,24.4416623524,16.9453105331,24.5566633238,17.4405285079,True,6,0,0,0,0,0,1,,,Accor Stadium,0,-0.798611111111,7.43844446335,0,0,,,,,,,
20161112340,2016,23,New Zealand Warriors,South Sydney Rabbitohs,0,22,41,0.619153640527,0.62996723769,0.619596418374,0.630446477141,28.4578415107,15.0373313949,28.7567788684,15.297353099,True,8.5,0,0,0,0,0,1,,,Go Media Stadium,6,-0.770833333333,50.3664477472,0,0,,,,,,,
20161112350,2016,23,Newcastle Knights,Penrith Panthers,0,6,42,0.384421947485,0.38465477897,0.383991428407,0.384225061484,20.7742570457,26.8011345099,20.8159869056,27.5608320645,True,-10,0,0,0,0,0,1,,,McDonald Jones Stadium,-6,2.16666666667,-71.5205963514,0,0,,,,,,,
20161112360,2016,23,St. George Illawarra Dragons,Cronulla-Sutherland Sharks,1,32,18,0.500336785968,0.492330045815,0.500338087607,0.49230040699,20.236233607,22.1324233483,20.2123327102,21.3843425449,True,-9,0,0,0,0,0,1,,,Netstrata Jubilee Stadium,-7,1.90277777778,-72.0818244983,0,0,,,,,,,
20161112370,2016,23,Sydney Roosters,North Queensland Cowboys,1,22,10,0.455440583927,0.459672000562,0.455269285426,0.459516818186,19.6726888281,24.0530183486,19.7480161044,23.5814266219,True,-5.5,0,0,0,0,0,1,,,Allianz Stadium,-2,-1.125,-53.4227858165,0,0,,,,,,,
20161112380,2016,23,Wests Tigers,Gold Coast Titans,0,18,19,0.55722669741,0.551657287145,0.557445924318,0.551855504739,22.9259715881,18.2453328208,22.893024606,18.4655819706,True,2.5,0,0,0,0,0,1,,,Campbelltown Sports Stadium,3,-0.0833333333333,-16.1769918567,0,0,,,,,,,
20161112410,2016,24,Brisbane Broncos,Canterbury-Bankstown Bulldogs,1,20,10,0.502201381351,0.48371749499,0.50220988933,0.483654609715,20.8558591886,18.9120425658,20.7828742241,20.1827801276,True,4,0,0,0,0,0,1,,,Suncorp Stadium,-2,-1,-16.8054980751,0,0,,,,,,,
20161112420,2016,24,Canberra Raiders,Parramatta Eels,1,28,18,0.687376970006,0.669741102091,0.68803095432,0.670345224276,24.8738726468,13.4573045862,24.5071358149,14.4550930648,True,15.5,0,0,0,0,0,1,,,GIO Stadium,8,-2.96527777778,53.4908736477,0,0,,,,,,,
20161112430,2016,24,Manly-Warringah Sea Eagles,Melbourne Storm,0,18,38,0.427622871619,0.439517200715,0.427347088874,0.439285741797,19.5364269181,18.4984047884,19.4009439559,19.9992286261,True,-10.5,0,0,0,0,0,1,,,4 Pines Park,-2,3.96527777778,-42.8652057192,0,0,,,,,,,
20161112440,2016,24,Newcastle Knights,Gold Coast Titans,0,6,26,0.39457606138,0.386331276812,0.394180864323,0.385907343028,20.6766225245,28.4880849675,20.908178369,27.6707034664,True,-15.5,0,0,0,0,0,1,,,McDonald Jones Stadium,-7,-0.958333333333,-74.2811179424,0,0,,,,,,,
20161112450,2016,24,North Queensland Cowboys,New Zealand Warriors,1,34,6,0.589853204503,0.604365265104,0.590192908411,0.604756738136,26.6139939024,17.6783511987,26.7434516917,17.4349349233,True,11.5,0,0,0,0,0,1,,,1300SMILES Stadium,-2,-0.854166666667,27.6355423414,0,0,,,,,,,
20161112460,2016,24,Penrith Panthers,Wests Tigers,1,40,10,0.706851700308,0.680011450561,0.707556067968,0.68064507161,25.9890000572,17.1285373841,26.0966422313,16.0944792073,True,7.5,0,0,0,0,0,1,,,BlueBet Stadium,2,-0.958333333333,3.86693226646,0,0,,,,,,,
20161112470,2016,24,South Sydney Rabbitohs,Cronulla-Sutherland Sharks,1,12,6,0.511045388203,0.496183038182,0.511088063405,0.496168286634,20.8815891682,21.2971069333,20.459286361,22.1083838586,True,-5.5,0,0,0,0,0,1,,,Accor Stadium,-3,0,-71.3550526005,0,0,,,,,,,
20161112480,2016,24,Sydney Roosters,St. George Illawarra Dragons,1,42,6,0.62393711902,0.595124000213,0.624396142291,0.595482656521,24.5471365661,18.4776445485,24.7458786508,18.2293338275,True,7,0,0,0,0,0,1,,,Allianz Stadium,2,-0.854166666667,15.7107928351,0,0,,,,,,,
20161112510,2016,25,Canterbury-Bankstown Bulldogs,North Queensland Cowboys,0,16,24,0.564805869852,0.553884968977,0.565053506398,0.554091602645,20.1957033797,17.9928975861,20.3810240813,18.5795277524,True,-2.5,0,0,0,0,0,1,,,Belmore Sports Ground,2,1.98611111111,-16.7186061312,0,0,,,,,,,
20161112520,2016,25,Cronulla-Sutherland Sharks,Sydney Roosters,1,37,12,0.596666908827,0.599852787888,0.597031081603,0.60022830464,26.1428573874,17.9871379815,26.2624144698,17.6969933149,True,4.5,0,0,0,0,0,1,,,PointsBet Stadium,-3,-1.125,26.1084732496,0,0,,,,,,,
20161112530,2016,25,Gold Coast Titans,Penrith Panthers,0,14,15,0.556431711804,0.519823159833,0.556647946369,0.519899693322,22.6641841421,17.4953252575,22.3308522029,18.023203276,True,2.5,0,0,0,0,0,1,,,Cbus Super Stadium,-1,-0.798611111111,-10.9432821794,0,0,,,,,,,
20161112540,2016,25,Manly-Warringah Sea Eagles,Canberra Raiders,0,30,44,0.418054884824,0.367293536335,0.417743910893,0.366805214273,21.2254108444,25.3450436967,20.8850772047,26.9140362837,True,-6,0,0,0,0,0,1,,,4 Pines Park,-6,0.854166666667,-49.8501721004,0,0,,,,,,,
20161112550,2016,25,Melbourne Storm,Brisbane Broncos,0,16,26,0.724487716641,0.664971438225,0.725232955276,0.665561444893,25.3316508156,12.9169587534,24.0518944682,13.4376797344,True,7.5,0,0,0,0,0,1,,,AAMI Park,2,-1.90277777778,37.1536668052,0,0,,,,,,,
20161112560,2016,25,New Zealand Warriors,Wests Tigers,0,24,36,0.584717349258,0.542943950499,0.585038433284,0.543109101831,25.8572567284,19.3687204064,26.1086894139,19.2093588183,True,11.5,0,0,0,0,0,1,,,Go Media Stadium,-2,-0.986111111111,-10.635320947,0,0,,,,,,,
20161112570,2016,25,Newcastle Knights,South Sydney Rabbitohs,0,12,34,0.412743685189,0.384035808197,0.41241337796,0.383603960608,23.0324454295,25.2883479934,23.2653317301,25.3719652526,True,-12,0,0,0,0,0,1,,,McDonald Jones Stadium,-4,2.16666666667,-50.9341332851,0,0,,,,,,,
20161112580,2016,25,Parramatta Eels,St. George Illawarra Dragons,1,30,18,0.571335588137,0.544878893618,0.57160751384,0.545051406943,26.7416620756,18.6645975818,26.0473555792,17.9053227605,True,6.5,0,0,0,0,0,1,,,CommBank Stadium,0,0.0833333333333,0.134159845927,0,0,,,,,,,
20161112610,2016,26,Brisbane Broncos,Sydney Roosters,1,24,14,0.651417494058,0.639143029164,0.651966041596,0.639652434919,27.364501322,17.4600081016,27.7854329992,16.8339424675,True,15.5,0,0,0,0,0,1,,,Suncorp Stadium,2,0.986111111111,-3.31273534482,0,0,,,,,,,
20161112620,2016,26,Canterbury-Bankstown Bulldogs,South Sydney Rabbitohs,0,10,28,0.680057888021,0.666026515214,0.680691639576,0.666619666314,27.6509543839,17.0345558313,27.890902524,16.9434589193,True,3.5,0,0,0,0,0,1,,,Accor Stadium,0,2.84027777778,22.0890843526,0,0,,,,,,,
20161112630,2016,26,Melbourne Storm,Cronulla-Sutherland Sharks,1,26,6,0.690558346069,0.657487531132,0.691220911624,0.658054885085,23.400660352,15.834484795,22.8274185737,14.5556317015,True,4.5,0,0,0,0,0,1,,,AAMI Park,3,0.986111111111,29.0945532815,0,0,,,,,,,
20161112640,2016,26,New Zealand Warriors,Parramatta Eels,0,18,40,0.581679685168,0.561363079233,0.581989688986,0.561597838225,24.2256563584,20.1122713111,23.8085425094,19.1653687487,True,3.5,0,0,0,0,0,1,,,Go Media Stadium,0,1.125,1.83139712068,0,0,,,,,,,
20161112650,2016,26,North Queensland Cowboys,Gold Coast Titans,1,32,16,0.625006146431,0.620026266769,0.625468775411,0.620472021556,26.2984541543,15.0820422057,26.8279541454,14.5054263157,True,10,0,0,0,0,0,1,,,1300SMILES Stadium,-1,1.90277777778,26.2845294545,0,0,,,,,,,
20161112660,2016,26,Penrith Panthers,Manly-Warringah Sea Eagles,1,36,6,0.704466479949,0.706346161601,0.705164960734,0.707049288444,28.2192897274,16.05639342,29.1698758833,15.3145247771,True,16.5,0,0,0,0,0,1,,,BlueBet Stadium,6,-0.104166666667,35.0904049366,0,0,,,,,,,
20161112670,2016,26,St. George Illawarra Dragons,Newcastle Knights,1,28,26,0.660093565674,0.648756636007,0.660668876075,0.649296822003,28.6955101493,14.2822440734,29.4789083616,14.3457983452,True,11.5,0,0,0,0,0,1,,,Netstrata Jubilee Stadium,2,-1.125,43.9008428692,0,0,,,,,,,
20161112680,2016,26,Wests Tigers,Canberra Raiders,0,10,52,0.454048816559,0.452457705032,0.453872227924,0.452275075384,22.565895947,23.6462749,22.1715137719,23.8140690291,True,-4.5,0,0,0,0,0,1,,,Leichhardt Oval,-4,-1.04166666667,-53.2365810659,0,0,,,,,,,
20161112710,2016,27,Melbourne Storm,North Queensland Cowboys,1,16,10,0.615760030975,0.578416227727,0.616191176288,0.57871427461,21.3403053362,15.3303707964,21.0181329666,15.9844297731,True,3.5,0,0,0,0,0,1,,,AAMI Park,0,-0.0833333333333,-0.590821326458,0,0,,,,,,,
20161112720,2016,27,Brisbane Broncos,Gold Coast Titans,1,44,28,0.682126671078,0.678189981836,0.682766209632,0.678818463138,26.4412062352,15.4943247989,26.7674447756,15.390388969,True,8,0,0,0,0,0,1,,,Suncorp Stadium,6,1.90277777778,4.36968775488,0,0,,,,,,,
20161112730,2016,27,Canberra Raiders,Cronulla-Sutherland Sharks,0,14,16,0.697170798031,0.669894668815,0.69785077051,0.670499241188,24.0372836455,13.5671319838,22.9767016776,14.0360830922,True,6.5,0,0,0,0,0,1,,,GIO Stadium,8,-0.770833333333,24.2359891443,0,0,,,,,,,
20161112740,2016,27,Penrith Panthers,Canterbury-Bankstown Bulldogs,1,28,12,0.690132344018,0.674504393048,0.690793768163,0.675122351944,25.2959377639,13.3595005711,24.8946710217,14.9030387582,True,3.5,0,0,0,0,0,1,,,Allianz Stadium,6,-1.94444444444,25.1477369742,0,0,,,,,,,
20161112810,2016,28,North Queensland Cowboys,Brisbane Broncos,1,26,20,0.661083368084,0.632480693284,0.661661681476,0.632968269184,24.727689076,15.5066848898,24.2991984729,16.2638692828,True,6,0,0,0,0,0,1,,,1300SMILES Stadium,-4,-1,22.8092060621,0,0,,,,,,,
20161112820,2016,28,Canberra Raiders,Penrith Panthers,1,22,12,0.678468953737,0.659916694939,0.679098224852,0.660491467621,24.285057952,17.1214363788,24.5015640979,17.824472038,True,3.5,0,0,0,0,0,1,,,GIO Stadium,-2,0.940972222222,24.2959195832,0,0,,,,,,,
20161112910,2016,29,Cronulla-Sutherland Sharks,North Queensland Cowboys,1,32,20,0.500398814924,0.459346682948,0.500400356298,0.459190259879,19.6783871191,20.1360903873,19.3504961005,20.9865148371,True,-2.5,0,0,0,0,0,1,,,Allianz Stadium,-4,6.09722222222,-20.5819450265,0,0,,,,,,,
20161112920,2016,29,Melbourne Storm,Canberra Raiders,1,14,12,0.678942394488,0.614785202063,0.679573003823,0.615212989864,22.8648059629,14.585474975,22.8313938602,15.1905920413,True,6.5,0,0,0,0,0,1,,,AAMI Park,-2,6.99305555556,-14.3069166121,0,0,,,,,,,
20161113010,2016,30,Melbourne Storm,Cronulla-Sutherland Sharks,0,12,14,0.72335853796,0.701152552999,0.724101305414,0.701842719426,23.9198695724,14.0032697438,23.0192452071,14.5335585292,True,2.5,0,0,0,0,0,1,,,Accor Stadium,2,-0.989583333333,21.6353707558,0,0,,,,,,,
20171110110,2017,1,Cronulla-Sutherland Sharks,Brisbane Broncos,0,18,26,0.569290969593,0.561903258347,0.569488065459,0.562082897885,21.2127298481,19.7532026829,21.2822708503,19.3853983803,True,-2.5,0,0,0,0,0,1,,,PointsBet Stadium,0,0,6.83032197545,0,0,,,,,,,
20171110120,2017,1,Canterbury-Bankstown Bulldogs,Melbourne Storm,0,6,12,0.495504905046,0.487134891223,0.495491952398,0.487097185826,19.0333366185,17.9777942289,19.1426173758,18.1529543612,True,-2.5,0,0,0,0,0,1,,,Belmore Sports Ground,0,0,-52.7609660233,0,0,,,,,,,
20171110130,2017,1,South Sydney Rabbitohs,Wests Tigers,0,18,34,0.632498883202,0.621389182939,0.632862490874,0.621730895912,21.128581041,18.8976957413,21.2284299282,18.8370879817,True,2.5,0,0,0,0,0,1,leadership_change,,ANZ Stadium,0,0,-12.6680529905,0,0,14,leadership-tigers-2017-taylor-webster,effective,-3,away,tigers,1
20171110140,2017,1,St. George Illawarra Dragons,Penrith Panthers,1,42,10,0.560905688706,0.518766483663,0.561079449581,0.518821457441,19.8916227395,19.4270442063,19.7620138431,19.9530882632,True,-5.5,0,0,0,0,0,1,,,Netstrata Jubilee Stadium,0,0,-76.0648965245,0,0,,,,,,,
20171110150,2017,1,North Queensland Cowboys,Canberra Raiders,1,20,16,0.472240581867,0.498394144592,0.472160753765,0.498389436054,20.2460148227,19.9931450055,20.2193587804,19.7205849531,True,9.5,0,0,0,0,0,1,,,1300SMILES Stadium,0,0,-20.6608748119,0,0,,,,,,,
20171110160,2017,1,Gold Coast Titans,Sydney Roosters,0,18,32,0.479986987564,0.469792855728,0.479929378685,0.469704501192,20.7710138069,19.1612513961,20.726252994,19.8611976855,True,-3,0,0,0,0,0,1,,,Cbus Super Stadium,0,0,6.75427646988,0,0,,,,,,,
20171110170,2017,1,New Zealand Warriors,Newcastle Knights,1,26,22,0.643536084638,0.648937713618,0.643926498828,0.649347998389,22.7701799014,20.1308594862,23.4750081201,19.8657625409,True,14,0,0,0,0,0,1,,,Mt Smart Stadium,0,0,61.9935637168,0,0,,,,,,,
20171110180,2017,1,Manly-Warringah Sea Eagles,Parramatta Eels,0,12,20,0.576701145393,0.558003652812,0.576918673378,0.558172190153,21.1900216339,20.2384591846,21.4488013953,20.288626778,True,-2.5,0,0,0,0,0,1,,,Lottoland,0,0,6.22451335686,0,0,,,,,,,
20171110210,2017,2,Sydney Roosters,Canterbury-Bankstown Bulldogs,1,28,24,0.633388367602,0.645995266649,0.633754165627,0.64639847702,22.0652910238,15.2459914039,21.6718603874,15.5859158955,True,6,0,0,0,0,0,1,,,Allianz Stadium,2,-1.08333333333,2.5604288806,0,0,,,,,,,
20171110220,2017,2,New Zealand Warriors,Melbourne Storm,0,10,26,0.51467728646,0.518155772729,0.514719557049,0.518208960732,19.2831678838,18.4549624787,19.3264074066,18.3663998829,True,-2.5,0,0,0,0,0,1,,,Mt Smart Stadium,0,-1.91666666667,-35.6622495078,0,0,,,,,,,
20171110230,2017,2,Brisbane Broncos,North Queensland Cowboys,0,20,21,0.663379813421,0.643431687864,0.663816216488,0.643828683175,21.2355789158,17.6839269625,21.628226039,17.5670390667,True,2.5,0,0,0,0,0,1,,,Suncorp Stadium,0,1.91666666667,-5.11926373923,0,0,,,,,,,
20171110240,2017,2,Newcastle Knights,Gold Coast Titans,1,34,26,0.498817879812,0.501178609453,0.498814473353,0.501182065272,21.3325500723,20.348597554,21.433593318,19.8694894511,True,-2.5,0,0,0,0,0,1,,,McDonald Jones Stadium,0,-0.833333333333,-38.4108366496,0,0,,,,,,,
20171110250,2017,2,Manly-Warringah Sea Eagles,South Sydney Rabbitohs,0,18,38,0.537378196553,0.512061268539,0.537485504443,0.512096619919,21.3056951399,18.3038525524,20.8408132371,18.4888674567,True,2.5,0,0,0,0,0,1,,,Lottoland,0,-1.82986111111,-5.83046116808,0,0,,,,,,,
20171110260,2017,2,Canberra Raiders,Cronulla-Sutherland Sharks,0,16,42,0.648390168215,0.626076903905,0.648792104654,0.626430635335,22.2545877599,15.6752536085,22.5636731512,16.0083947567,True,6.5,0,0,0,0,0,1,,,GIO Stadium,0,-1.91666666667,12.4213129447,0,0,,,,,,,
20171110270,2017,2,Wests Tigers,Penrith Panthers,0,2,36,0.560352568651,0.564918103016,0.560524782926,0.565106295267,21.9421524343,19.1134580405,21.9731656774,18.9653670094,True,-2.5,0,0,0,0,0,1,leadership_change,,Campbelltown Stadium,2,0.850694444444,-26.3055745944,0,0,14,leadership-tigers-2017-taylor-webster,effective,-2,home,tigers,1
20171110280,2017,2,St. George Illawarra Dragons,Parramatta Eels,0,16,34,0.681957707968,0.649142082832,0.68243426277,0.649552856576,20.9273169319,17.3200913592,21.153983525,16.9704226407,True,-2.5,0,0,0,0,0,1,,,WIN Stadium,0,0.979166666667,-18.3207509357,0,0,,,,,,,
20171110310,2017,3,Melbourne Storm,Brisbane Broncos,1,14,12,0.639545283209,0.648544156528,0.63992609987,0.648953498799,21.5719478736,14.1542613655,21.5927975621,14.6981780923,True,4,0,0,0,0,0,1,,,AAMI Park,2,-0.0381944444444,6.91183255453,0,0,,,,,,,
20171110320,2017,3,Canterbury-Bankstown Bulldogs,New Zealand Warriors,1,24,12,0.607378002828,0.595183679378,0.607677786125,0.595455948193,22.6231558974,16.7809421501,22.9212184581,17.13628146,True,-2.5,0,0,0,0,0,1,,,Other,-2,0.996527777778,10.3072296796,0,0,,,,,,,
20171110330,2017,3,Gold Coast Titans,Parramatta Eels,1,26,14,0.427000238307,0.435961794775,0.426792892635,0.43577609583,19.6442759881,21.8386599693,19.6275781507,22.7228625266,True,-5.5,0,0,0,0,0,1,,,Cbus Super Stadium,-4,1.14583333333,-8.16755884383,0,0,,,,,,,
20171110340,2017,3,Newcastle Knights,South Sydney Rabbitohs,0,18,24,0.404930859876,0.424124427796,0.40466358219,0.423905397377,20.3013014967,22.8231645582,20.166806193,22.869051515,True,-4.5,0,0,0,0,0,1,,,McDonald Jones Stadium,0,0.104166666667,-27.5391701727,0,0,,,,,,,
20171110350,2017,3,Penrith Panthers,Sydney Roosters,0,12,14,0.539314716449,0.576354840284,0.539427538665,0.576575210052,20.9717281578,19.0092688431,20.7157636185,17.4729788663,True,-2.5,0,0,0,0,0,1,,,Panthers Stadium,-2,-2.82986111111,-3.53147919166,0,0,,,,,,,
20171110360,2017,3,North Queensland Cowboys,Manly-Warringah Sea Eagles,0,8,30,0.556231972626,0.551003540294,0.556392638517,0.551152044974,23.3821566794,16.118546009,23.2936007279,15.4552196772,True,10.5,0,0,0,0,0,1,,,1300SMILES Stadium,4,0.934027777778,29.5476047596,0,0,,,,,,,
20171110370,2017,3,Canberra Raiders,Wests Tigers,1,46,6,0.58226195754,0.62706686369,0.582494689334,0.627423115942,23.8962073979,18.8579143296,23.6665318316,18.1297212431,True,8.5,0,0,0,0,0,1,leadership_change,,GIO Stadium,-2,0.854166666667,25.3045112788,0,0,14,leadership-tigers-2017-taylor-webster,effective,-1,away,tigers,1
20171110380,2017,3,Cronulla-Sutherland Sharks,St. George Illawarra Dragons,0,10,16,0.564002098389,0.581793921868,0.564184500932,0.582029431407,22.3897451576,18.8170353511,22.0898337409,18.2589672299,True,8,0,0,0,0,0,1,,,Other,0,0.958333333333,13.994845922,0,0,,,,,,,
20171110410,2017,4,South Sydney Rabbitohs,Sydney Roosters,0,6,20,0.532328054886,0.561140469084,0.532420952483,0.561317940392,20.0844734589,19.8458257919,20.698351149,19.2263006998,True,-6.5,0,0,0,0,0,1,,,ANZ Stadium,-2,0.104166666667,-6.17783902118,0,0,,,,,,,
20171110420,2017,4,Penrith Panthers,Newcastle Knights,1,40,0,0.684288546048,0.693878566032,0.684769920703,0.694387988667,24.4823630868,15.3839990511,24.6106805464,15.4296055489,True,14.5,0,0,0,0,0,1,,,Panthers Stadium,0,-0.104166666667,47.4430216363,0,0,,,,,,,
20171110430,2017,4,Brisbane Broncos,Canberra Raiders,1,13,12,0.616693096555,0.61038823476,0.617016967788,0.610701239055,22.4799571108,18.1711706354,22.4082204459,18.4954444266,True,2.5,0,0,0,0,0,1,,,Suncorp Stadium,0,2.82986111111,2.06284085047,0,0,,,,,,,
20171110440,2017,4,Manly-Warringah Sea Eagles,Canterbury-Bankstown Bulldogs,1,36,0,0.514899019219,0.531950241611,0.514941927644,0.532043667401,19.9797383588,18.2875130246,20.5178401607,18.22361387,True,2.5,0,0,0,0,0,1,,,Lottoland,0,-1,-14.7464674181,0,0,,,,,,,
20171110450,2017,4,Parramatta Eels,Cronulla-Sutherland Sharks,0,6,20,0.53209655839,0.543668833289,0.532188794462,0.543796220834,20.8157589629,19.264896862,20.5279279276,19.3448626922,True,2.5,0,0,0,0,0,1,,,ANZ Stadium,2,1.97569444444,-15.3879916019,0,0,,,,,,,
20171110460,2017,4,Gold Coast Titans,North Queensland Cowboys,0,26,32,0.442101891915,0.459980518943,0.441936550956,0.459863680769,21.0032636091,20.6831175995,20.9016521151,21.660726999,True,-2.5,0,0,0,0,0,1,,,Cbus Super Stadium,-2,1.03819444444,-31.8286810353,0,0,,,,,,,
20171110470,2017,4,Wests Tigers,Melbourne Storm,0,14,22,0.445472256319,0.427046011893,0.445316379924,0.426835163888,18.4414835674,20.285914739,18.3924575119,19.6263686708,True,-5.5,1,0,1,1,1,1,leadership_change,0,Leichhardt Oval,-4,-2.82986111111,-40.2626314973,0,0,14,leadership-tigers-2017-taylor-webster,effective,0,home,tigers,1
20171110480,2017,4,St. George Illawarra Dragons,New Zealand Warriors,1,26,12,0.628545259982,0.600457443079,0.628899070748,0.600743970635,23.1926299798,16.391540912,23.2773445455,17.6402022995,True,2.5,0,0,0,0,0,1,,,Netstrata Jubilee Stadium,2,-1.9375,8.46997870567,0,0,,,,,,,
20171110510,2017,5,Canterbury-Bankstown Bulldogs,Brisbane Broncos,1,10,7,0.44540603027,0.42469383285,0.445249967617,0.424476394758,19.0294829599,19.598284456,19.0172584004,19.4227337332,True,-6,0,0,0,0,0,1,,,ANZ Stadium,-2,-0.892361111111,-16.7914611901,0,0,,,,,,,
20171110520,2017,5,Sydney Roosters,Manly-Warringah Sea Eagles,0,12,18,0.684905215399,0.703442524388,0.685387856727,0.70397058262,22.7658664848,15.9490554977,22.5923634624,15.6216479257,True,8.5,0,0,0,0,0,1,,,Allianz Stadium,4,1.85069444444,13.6803557905,0,0,,,,,,,
20171110530,2017,5,North Queensland Cowboys,South Sydney Rabbitohs,1,20,6,0.503788277287,0.508330836566,0.503799193406,0.508355259089,22.0540927834,20.5012774261,21.6829521183,20.6057988276,True,10.5,0,0,0,0,0,1,,,1300SMILES Stadium,2,-1.99652777778,6.12261762538,0,0,,,,,,,
20171110540,2017,5,Cronulla-Sutherland Sharks,Newcastle Knights,1,19,18,0.655338877362,0.651514971786,0.655757006958,0.651931399907,24.516026881,15.776039558,24.3102192025,15.0331038894,True,18,0,0,0,0,0,1,,,PointsBet Stadium,2,-1.04166666667,49.3048957368,0,0,,,,,,,
20171110550,2017,5,Canberra Raiders,Parramatta Eels,1,30,18,0.607614790658,0.619864727688,0.607915191955,0.620202503777,22.7341227055,17.102601031,22.8892137593,16.7121336377,True,6,0,0,0,0,0,1,,,GIO Stadium,-2,0.996527777778,24.8794106269,0,0,,,,,,,
20171110560,2017,5,Melbourne Storm,Penrith Panthers,1,28,6,0.652173142603,0.641539101762,0.652583939759,0.641931478525,21.258526305,14.3584335537,21.3870206281,14.3000640263,True,4,0,0,0,0,0,1,,,AAMI Park,4,-1.91666666667,10.9807715474,0,0,,,,,,,
20171110570,2017,5,New Zealand Warriors,Gold Coast Titans,1,28,22,0.596533795228,0.591101045085,0.596804978465,0.591362187467,22.3306063463,20.4000582365,22.2229867197,20.9081207231,True,8,0,0,0,0,0,1,,,Mt Smart Stadium,0,-0.9375,-16.4918213037,0,0,,,,,,,
20171110580,2017,5,Wests Tigers,St. George Illawarra Dragons,0,6,28,0.429557521006,0.44193025304,0.42935723787,0.441761527172,19.4645836913,22.0232161054,19.547831631,22.5860681352,True,-4.5,1,0,1,1,1,1,leadership_change,1,ANZ Stadium,-4,0.104166666667,-25.4494051452,0,0,14,leadership-tigers-2017-taylor-webster,effective,1,home,tigers,1
20171110610,2017,6,Brisbane Broncos,Sydney Roosters,1,32,8,0.526491378207,0.525536461509,0.526567573872,0.525611206788,20.4071795073,16.1907065517,20.2816773124,15.5129951267,True,2.5,0,0,0,0,0,1,,,Suncorp Stadium,-4,0.913194444444,3.38227469112,0,0,,,,,,,
20171110620,2017,6,Newcastle Knights,Canterbury-Bankstown Bulldogs,0,12,22,0.438961405143,0.440218805164,0.438787272774,0.440045201778,20.3832509052,18.0448677122,20.3687421059,18.3632323141,True,-4.5,0,0,0,0,0,1,,,McDonald Jones Stadium,-2,-1.78819444444,-26.1809446878,0,0,,,,,,,
20171110630,2017,6,Penrith Panthers,South Sydney Rabbitohs,0,20,21,0.593379784617,0.609604992376,0.593642545573,0.609915927045,23.2014567478,15.8886108761,22.8259734586,16.9790817064,True,3.5,0,0,0,0,0,1,,,Panthers Stadium,0,-1.01736111111,33.3149486298,0,0,,,,,,,
20171110640,2017,6,Manly-Warringah Sea Eagles,St. George Illawarra Dragons,0,10,35,0.493282910703,0.521978253175,0.493263556654,0.522042612779,21.1083194491,17.1944992665,20.9072404064,16.6244881493,True,6.5,0,0,0,0,0,1,,,Lottoland,-2,1.91666666667,9.53215469785,0,0,,,,,,,
20171110650,2017,6,Gold Coast Titans,Canberra Raiders,0,16,42,0.403094107837,0.409927131792,0.402821933952,0.409668803176,19.9019580472,24.0489551946,19.9327454454,24.8948115423,True,-12.5,0,0,0,0,0,1,,,Cbus Super Stadium,-2,-0.9375,-33.2739877315,0,0,,,,,,,
20171110660,2017,6,North Queensland Cowboys,Wests Tigers,0,16,26,0.601377649748,0.654189362636,0.60166167839,0.654612112181,24.3653659398,17.5187172096,24.5627149988,16.9153018403,True,14,0,1,1,1,1,1,leadership_change,2,1300SMILES Stadium,6,1.87152777778,34.4925944877,0,0,14,leadership-tigers-2017-taylor-webster,effective,2,away,tigers,1
20171110670,2017,6,New Zealand Warriors,Parramatta Eels,1,22,10,0.468661195068,0.534059290834,0.468571124913,0.534158846398,20.9863506876,19.6990743769,20.7951304367,19.4259952542,True,2.5,0,0,0,0,0,1,,,Mt Smart Stadium,0,-0.9375,-23.5228519924,0,0,,,,,,,
20171110680,2017,6,Melbourne Storm,Cronulla-Sutherland Sharks,0,2,11,0.679370421293,0.694504607454,0.679841567048,0.695015279061,21.7204769125,13.2932670396,21.8541991071,13.7828661694,True,4,0,0,0,0,0,1,,,AAMI Park,4,-0.1875,0.296994157614,0,0,,,,,,,
20171110710,2017,7,Canterbury-Bankstown Bulldogs,South Sydney Rabbitohs,1,24,9,0.484755471847,0.510053749206,0.484711569599,0.510083220086,20.5929178175,17.7148702254,20.5519122924,17.9837434543,True,-2.5,0,0,0,0,0,1,,,ANZ Stadium,0,0.0763888888889,-2.03886586615,0,0,,,,,,,
20171110720,2017,7,Newcastle Knights,Sydney Roosters,0,6,24,0.362656273875,0.334349926425,0.362280798468,0.333900729917,19.1771746924,21.9798199504,19.1904345522,21.7873770805,True,-13,0,0,0,0,0,1,,,McDonald Jones Stadium,-4,-0.923611111111,-47.0406874234,0,0,,,,,,,
20171110730,2017,7,Brisbane Broncos,Gold Coast Titans,1,24,22,0.688821152177,0.685039993658,0.689311752642,0.685531364525,25.1406274027,15.368201486,24.9061059188,14.4014631238,True,14,0,0,0,0,0,1,,,Suncorp Stadium,2,1.90277777778,23.8332212243,0,0,,,,,,,
20171110740,2017,7,Manly-Warringah Sea Eagles,Melbourne Storm,0,26,30,0.455728142308,0.46309078814,0.455601236454,0.46298296098,18.7792940818,18.9457508656,18.709533381,18.5081196361,True,-5.5,0,0,0,0,0,1,,,Lottoland,-2,1.04166666667,-20.0145503486,0,0,,,,,,,
20171110750,2017,7,Canberra Raiders,New Zealand Warriors,1,20,8,0.686695054246,0.654194506696,0.687181351612,0.654617268347,23.5120801221,15.2656117336,23.4002235547,15.685428108,True,10,0,0,0,0,0,1,,,GIO Stadium,2,0.9375,49.7857089497,0,0,,,,,,,
20171110760,2017,7,St. George Illawarra Dragons,North Queensland Cowboys,1,28,22,0.667590136163,0.649509989584,0.668035898994,0.649921642793,22.8141427058,15.3564862688,22.6938526047,14.8560475647,True,8.5,0,0,0,0,0,1,,,WIN Stadium,2,0.1875,-4.0210228246,0,0,,,,,,,
20171110770,2017,7,Penrith Panthers,Cronulla-Sutherland Sharks,0,2,28,0.563227596705,0.595933057024,0.563407840355,0.596207359904,20.4485293919,18.818975961,20.236009136,19.7167849403,True,2.5,0,0,0,0,0,1,,,Panthers Stadium,-4,1.84027777778,0.469793151682,0,0,,,,,,,
20171110780,2017,7,Parramatta Eels,Wests Tigers,1,26,22,0.587035234172,0.602525329636,0.587280921221,0.602817411652,23.9801744737,17.8381703584,23.8491728743,17.521701691,True,4,0,0,0,0,0,1,leadership_change,,ANZ Stadium,0,-0.854166666667,29.9454694432,0,0,14,leadership-tigers-2017-taylor-webster,effective,3,away,tigers,1
20171110810,2017,8,Canberra Raiders,Manly-Warringah Sea Eagles,0,18,20,0.698709187373,0.72417817087,0.699219215503,0.724743153788,23.8806225761,17.4612514247,23.3414197085,17.3911348812,True,10,0,0,0,0,0,1,,,GIO Stadium,2,-0.104166666667,34.2905056773,0,0,,,,,,,
20171110820,2017,8,South Sydney Rabbitohs,Brisbane Broncos,0,24,25,0.450120083809,0.454143937609,0.449977306363,0.45401024038,19.4936759983,20.5955212782,19.5175095423,21.0027562275,True,-8,0,0,0,0,0,1,,,ANZ Stadium,-2,0.159722222222,-29.5287546277,0,0,,,,,,,
20171110830,2017,8,Parramatta Eels,Penrith Panthers,1,18,12,0.435973531943,0.446711486024,0.435791061499,0.446556428452,20.9659278431,19.3903748296,20.8112442924,20.7244938242,True,-2.5,0,0,0,0,0,1,,,ANZ Stadium,0,-1,-24.9241889054,0,0,,,,,,,
20171110840,2017,8,North Queensland Cowboys,Newcastle Knights,1,24,12,0.635759198524,0.63348658071,0.636130809542,0.633859028897,24.6430616274,17.5816475618,25.0668242496,16.6865514144,True,10.5,0,0,0,0,0,1,,,1300SMILES Stadium,4,-1.0625,41.5496198447,0,0,,,,,,,
20171110850,2017,8,Cronulla-Sutherland Sharks,Gold Coast Titans,0,12,16,0.62042304003,0.682182459901,0.620756422444,0.682667831746,24.3830940254,16.0223146306,24.9188274453,16.0348116718,True,10,0,0,0,0,0,1,,,Other,6,-1.84027777778,41.9634232343,0,0,,,,,,,
20171110860,2017,8,Wests Tigers,Canterbury-Bankstown Bulldogs,1,18,12,0.431054199172,0.457984554644,0.430858059545,0.45786194336,19.3797546094,21.03697963,19.4992023118,20.8779917274,True,-6,0,0,0,0,0,1,,,ANZ Stadium,-6,-3,-14.5661802258,0,0,,,,,,,
20171110870,2017,8,Sydney Roosters,St. George Illawarra Dragons,1,13,12,0.513891237165,0.541411845011,0.51393124634,0.541532711265,19.6887228644,19.2510933698,19.9147067213,19.0745566687,True,3.5,0,0,0,0,0,1,,,Allianz Stadium,-4,1.0625,-19.3067556245,0,0,,,,,,,
20171110880,2017,8,Melbourne Storm,New Zealand Warriors,1,20,14,0.714291891278,0.698269297358,0.714830462582,0.698787394564,24.1935874854,13.1119057245,23.8345044911,13.6915929156,True,9.5,0,0,0,0,0,1,,,AAMI Park,4,0.104166666667,42.455071206,0,0,,,,,,,
20171110910,2017,9,Brisbane Broncos,Penrith Panthers,1,32,18,0.714892384928,0.682933004098,0.715432002601,0.683419959135,23.7659900338,15.7230431297,23.6246275284,16.2527624393,True,6,0,0,0,0,0,1,,,Suncorp Stadium,6,0.798611111111,15.732640403,0,0,,,,,,,
20171110920,2017,9,South Sydney Rabbitohs,Manly-Warringah Sea Eagles,0,8,46,0.493521843554,0.524423736273,0.493503177788,0.524495235277,21.0548933018,20.8429024444,21.0914669174,21.079474353,True,-2.5,0,0,0,0,0,1,,,Allianz Stadium,-4,-0.0763888888889,-15.8527270672,0,0,,,,,,,
20171110930,2017,9,North Queensland Cowboys,Parramatta Eels,0,6,26,0.498575576733,0.540429483998,0.498571472048,0.540547508689,22.7013515504,20.1363110546,22.5641942989,17.6082327693,True,2.5,0,0,0,0,0,1,,,1300SMILES Stadium,2,-0.104166666667,12.890604619,0,0,,,,,,,
20171110940,2017,9,Gold Coast Titans,Newcastle Knights,1,38,8,0.653018430762,0.625815351204,0.653431193211,0.626168415601,25.1379716424,16.5744979971,24.7725473403,17.0828860766,True,14.5,0,0,0,0,0,1,,,Cbus Super Stadium,2,-0.0902777777778,27.8020587298,0,0,,,,,,,
20171110950,2017,9,Canterbury-Bankstown Bulldogs,Canberra Raiders,1,16,10,0.450671264124,0.469219136897,0.45053004349,0.46912911273,20.2282874463,19.2319479275,20.1152000393,18.8383900085,True,-5.5,0,0,0,0,0,1,,,ANZ Stadium,0,-1.91666666667,-39.6218528756,0,0,,,,,,,
20171110960,2017,9,Wests Tigers,Cronulla-Sutherland Sharks,0,16,22,0.472139252614,0.489064430086,0.472059134332,0.489032375887,19.6019904041,21.6637304559,19.4779024189,21.4205665887,True,-5.5,0,0,0,0,0,1,,,Leichhardt Oval,-4,-0.847222222222,-58.7092780048,0,0,,,,,,,
20171110970,2017,9,New Zealand Warriors,Sydney Roosters,1,14,13,0.500791852541,0.511088637034,0.50079413439,0.511121139608,19.9899561183,18.9445983875,19.7673428552,19.2808453565,True,-2.5,0,0,0,0,0,1,,,Mt Smart Stadium,-2,-0.125,-19.2829055261,0,0,,,,,,,
20171110980,2017,9,St. George Illawarra Dragons,Melbourne Storm,0,22,34,0.58747120439,0.592466676708,0.587718070125,0.592731549169,19.2150637831,15.6573910357,19.2927085553,15.011641216,True,-6.5,0,0,0,0,0,1,,,WIN Stadium,0,0.125,-6.81355673394,0,0,,,,,,,
20171111010,2017,10,Canterbury-Bankstown Bulldogs,North Queensland Cowboys,0,14,30,0.631611167341,0.599082455209,0.631972583937,0.599365277928,22.0486557579,15.2430558245,22.0410539648,15.5359260449,True,2.5,0,0,0,0,0,1,,,ANZ Stadium,4,-0.902777777778,-10.6184217328,0,0,,,,,,,
20171111020,2017,10,St. George Illawarra Dragons,Cronulla-Sutherland Sharks,0,14,18,0.581670285107,0.58267732779,0.581901404765,0.582915285557,20.6141509148,16.6846903699,20.5761731864,17.463331821,True,-6,0,0,0,0,0,1,,,Netstrata Jubilee Stadium,-2,-0.854166666667,-8.22604279294,0,0,,,,,,,
20171111030,2017,10,Wests Tigers,South Sydney Rabbitohs,0,8,28,0.494955501371,0.495963766425,0.494940965816,0.495951932195,21.6439574467,20.1747750614,21.543716203,20.9728134424,True,-2.5,0,0,0,0,0,1,,,ANZ Stadium,2,-1.0625,-9.43458957087,0,0,,,,,,,
20171111040,2017,10,Penrith Panthers,New Zealand Warriors,1,36,28,0.497140260749,0.542984010103,0.497132020124,0.543109420023,22.6733368874,20.0298758232,22.0421859655,20.5310049699,True,3.5,0,0,0,0,0,1,,,Panthers Stadium,-6,2.84027777778,12.2896588821,0,0,,,,,,,
20171111050,2017,10,Melbourne Storm,Gold Coast Titans,0,36,38,0.757492944358,0.771328254919,0.758095360096,0.77195643717,25.2478002332,14.2286032622,25.375614498,14.4810044204,True,8.5,0,0,0,0,0,1,,,Suncorp Stadium,4,-1.04166666667,33.6455435495,0,0,,,,,,,
20171111060,2017,10,Manly-Warringah Sea Eagles,Brisbane Broncos,0,14,24,0.601235789778,0.626865817264,0.601519443804,0.627221558069,21.3211991424,17.7197271319,21.5807302662,17.6577691221,True,-4,0,0,0,0,0,1,,,Suncorp Stadium,-2,-0.923611111111,-9.60145471096,0,0,,,,,,,
20171111070,2017,10,Newcastle Knights,Canberra Raiders,1,34,20,0.408906165079,0.405012486487,0.408649536,0.40474075056,19.3874153206,24.5571129683,19.3418280321,24.8840392876,True,-15,0,0,0,0,0,1,,,McDonald Jones Stadium,-6,0.104166666667,-74.9312479255,0,0,,,,,,,
20171111080,2017,10,Sydney Roosters,Parramatta Eels,1,48,10,0.628767395236,0.64965821013,0.629121759056,0.650070217366,22.9851605192,15.2547791857,23.0258395383,15.3259026462,True,6,0,0,0,0,0,1,,,Allianz Stadium,-2,-1.84027777778,13.4706731214,0,0,,,,,,,
20171111110,2017,11,Cronulla-Sutherland Sharks,North Queensland Cowboys,1,18,14,0.643091110972,0.656120821032,0.643480460526,0.656548101472,23.8920235194,15.7062804201,23.5608268944,16.0127676055,True,8,0,0,0,0,0,1,,,PointsBet Stadium,4,-0.923611111111,32.5894985846,0,0,,,,,,,
20171111120,2017,11,New Zealand Warriors,St. George Illawarra Dragons,0,14,30,0.459474399188,0.465492947821,0.459358132387,0.465392091783,20.4606528635,22.5924348391,20.4243761311,21.4914880076,True,4,0,0,0,0,0,1,,,Other,0,-0.875,-24.4403146595,0,0,,,,,,,
20171111130,2017,11,Brisbane Broncos,Wests Tigers,1,36,0,0.784554231481,0.778141529926,0.785183075256,0.778776087234,26.8626375481,13.7349124072,26.8160492324,13.3686878254,True,17,0,0,0,0,0,1,,,Suncorp Stadium,6,-1,39.2207438583,0,0,,,,,,,
20171111140,2017,11,Gold Coast Titans,Manly-Warringah Sea Eagles,0,10,30,0.477007609946,0.492651999158,0.47694144747,0.492630457009,21.1812569651,21.9826514611,21.1558779933,22.3530457011,True,2.5,0,0,0,0,0,1,,,Cbus Super Stadium,2,0.0972222222222,-21.0806414912,0,0,,,,,,,
20171111150,2017,11,Parramatta Eels,Canberra Raiders,0,16,22,0.445664498359,0.449832181624,0.445509162702,0.449686076829,20.9335718699,22.7866835597,20.7893250959,23.1854021772,True,-4,0,0,0,0,0,1,,,ANZ Stadium,2,-0.0833333333333,-22.1696662346,0,0,,,,,,,
20171111160,2017,11,Newcastle Knights,Penrith Panthers,0,20,30,0.444819463416,0.457589965658,0.444661751553,0.457466213994,20.5953090551,22.8359186333,20.5827528393,23.8919187821,True,-10.5,0,0,0,0,0,1,,,McDonald Jones Stadium,0,-0.958333333333,-48.2621626866,0,0,,,,,,,
20171111170,2017,11,Canterbury-Bankstown Bulldogs,Sydney Roosters,0,18,24,0.463887194205,0.481812671439,0.463783493111,0.481759391155,19.5401406511,20.922265454,19.373630691,20.6661230032,True,-8,0,0,0,0,0,1,,,ANZ Stadium,0,2.84027777778,-6.17198951249,0,0,,,,,,,
20171111180,2017,11,South Sydney Rabbitohs,Melbourne Storm,0,6,14,0.449323905938,0.472586308526,0.449178880931,0.472506090014,19.360970972,23.4958065033,19.49714065,21.5852358779,True,-8.5,0,0,0,0,0,1,,,Other,-2,0.902777777778,-56.3033549921,0,0,,,,,,,
20171111210,2017,12,South Sydney Rabbitohs,Parramatta Eels,0,16,22,0.571708123279,0.58443976278,0.57191190454,0.584682595585,22.8147676934,17.2257677497,22.9497878116,17.377757792,True,2.5,0,0,0,0,0,1,,,ANZ Stadium,-4,-0.875,-3.06352076534,0,0,,,,,,,
20171111220,2017,12,New Zealand Warriors,Brisbane Broncos,1,28,10,0.52326401902,0.492219545298,0.523330960872,0.492196735722,19.8213569512,23.0459422896,19.7136959043,23.3846304567,True,7.5,0,0,0,0,0,1,,,Mt Smart Stadium,-8,-0.00694444444444,-38.6940115149,0,0,,,,,,,
20171111230,2017,12,Cronulla-Sutherland Sharks,Canterbury-Bankstown Bulldogs,1,9,8,0.556726639094,0.599325496396,0.556888693758,0.599608974641,23.2125791251,15.5324001239,22.7743495256,15.6934340035,True,3.5,0,0,0,0,0,1,,,Other,4,2.84027777778,35.6982599832,0,0,,,,,,,
20171111240,2017,12,Canberra Raiders,Sydney Roosters,1,24,16,0.594419307703,0.57434216804,0.59468484948,0.574556907675,20.5042974752,20.726211787,20.2760232969,20.9164250774,True,9.5,0,0,0,0,0,1,,,GIO Stadium,-4,0.854166666667,-8.95694595884,0,0,,,,,,,
20171111310,2017,13,Melbourne Storm,Newcastle Knights,1,40,12,0.750995366497,0.769963270343,0.751589770388,0.770590084124,27.5304657033,13.574866254,27.1194505164,13.7140731507,True,15,0,0,0,0,0,1,,,AAMI Park,6,-0.104166666667,65.3407303007,0,0,,,,,,,
20171111320,2017,13,Parramatta Eels,New Zealand Warriors,1,32,24,0.481975522784,0.500856630143,0.481923627518,0.500859141886,21.9643823602,22.0009292404,21.8453844702,21.3665993727,True,2.5,0,0,0,0,0,1,,,ANZ Stadium,2,0.986111111111,4.26379960426,0,0,,,,,,,
20171111330,2017,13,St. George Illawarra Dragons,Wests Tigers,1,16,12,0.776122444318,0.795677524432,0.776744313448,0.796324817842,27.4632349872,13.1138316453,26.7784916816,12.946190889,True,12.5,0,0,0,0,0,1,,,ANZ Stadium,2,-0.00694444444444,41.2626727151,0,0,,,,,,,
20171111340,2017,13,Sydney Roosters,Brisbane Broncos,1,18,16,0.627850428427,0.635993994622,0.62820250728,0.636372695482,20.8468493904,18.9554413986,20.6545305199,18.2952088023,True,2.5,0,0,0,0,0,1,,,Allianz Stadium,-2,-0.854166666667,-15.1012580359,0,0,,,,,,,
20171111350,2017,13,North Queensland Cowboys,Gold Coast Titans,1,20,8,0.59519274913,0.577250100803,0.595460356799,0.577472970189,23.029867565,21.752999209,23.1114307387,21.4655242992,True,6,0,0,0,0,0,1,,,1300SMILES Stadium,-2,1.90277777778,-4.71255348054,0,0,,,,,,,
20171111360,2017,13,Manly-Warringah Sea Eagles,Canberra Raiders,1,21,20,0.583510661775,0.627172034492,0.583746791456,0.62752855419,22.0520634124,17.8230358498,21.9287315522,17.6578429921,True,-2.5,0,0,0,0,0,1,,,Lottoland,2,7.9375,5.21235669434,0,0,,,,,,,
20171111370,2017,13,Canterbury-Bankstown Bulldogs,Penrith Panthers,0,0,38,0.594231807271,0.55609213859,0.594496847823,0.556255218344,21.3774006291,17.3820481648,21.3349396056,18.6570956198,True,-2.5,0,0,0,0,0,1,,,ANZ Stadium,-2,-6.22916666667,-7.6250427633,0,0,,,,,,,
20171111410,2017,14,Cronulla-Sutherland Sharks,Melbourne Storm,0,13,18,0.563639495911,0.545704349512,0.563820887936,0.545837609412,19.5557100402,15.7081894091,19.4720662315,15.4476073862,True,2.5,0,0,0,0,0,1,,,PointsBet Stadium,0,5.9375,-0.777165686989,0,0,,,,,,,
20171111420,2017,14,Manly-Warringah Sea Eagles,Newcastle Knights,1,18,14,0.722908810545,0.706412745717,0.723461997023,0.706946392872,26.3330943844,16.2330569062,26.4028621672,15.8322735621,True,15.5,0,0,0,0,0,1,,,Lottoland,6,-1.83333333333,65.2431256367,0,0,,,,,,,
20171111430,2017,14,Brisbane Broncos,South Sydney Rabbitohs,1,24,18,0.700731067114,0.716385637751,0.70124494555,0.716937328901,26.0731046282,14.2722180277,26.0255609007,14.095371635,True,11,0,0,0,0,0,1,,,Suncorp Stadium,4,-7.90277777778,38.4440148418,0,0,,,,,,,
20171111440,2017,14,Gold Coast Titans,New Zealand Warriors,0,12,34,0.566794390971,0.540161449644,0.566984561839,0.540278698701,21.5162864696,21.2833204512,21.5389918053,21.9049093127,True,2.5,0,0,0,0,0,1,,,Cbus Super Stadium,2,-0.986111111111,2.25284599594,0,0,,,,,,,
20171111450,2017,14,Penrith Panthers,Canberra Raiders,1,24,20,0.622963418658,0.657115818243,0.623303232878,0.65754542135,22.095370455,19.0672662982,21.8295988622,17.7758371868,True,2.5,0,0,0,0,0,1,,,Carrington Park,2,-0.0833333333333,-17.0802883903,0,0,,,,,,,
20171111460,2017,14,Parramatta Eels,North Queensland Cowboys,0,6,32,0.460512642906,0.488442009472,0.460399329415,0.488408132113,20.6082359854,22.8460508697,20.4888556918,22.5194627948,True,-2.5,0,0,0,0,0,1,,,TIO Stadium,0,0.986111111111,-12.4472825368,0,0,,,,,,,
20171111470,2017,14,Wests Tigers,Sydney Roosters,0,18,40,0.341832683609,0.358816008776,0.341408067988,0.358424501428,18.5929346267,24.4041978705,18.6084903767,23.7002450868,True,-12,0,0,0,0,0,1,,,Campbelltown Stadium,-4,0.104166666667,-54.8523341109,0,0,,,,,,,
20171111480,2017,14,Canterbury-Bankstown Bulldogs,St. George Illawarra Dragons,1,16,2,0.395443010713,0.377130155482,0.395150611992,0.376784631967,19.4091706401,22.3536657539,19.4079202435,21.7651326944,True,-6.5,0,0,0,0,0,1,,,ANZ Stadium,-2,-1.04166666667,-23.8060396978,0,0,,,,,,,
20171111510,2017,15,South Sydney Rabbitohs,Gold Coast Titans,1,36,20,0.613857773909,0.61588491617,0.614174362867,0.61621235059,22.9226873097,18.5479089728,23.1434214846,18.1625701708,True,9.5,0,0,0,0,0,1,,,ANZ Stadium,-2,0.798611111111,-11.2839116405,0,0,,,,,,,
20171111520,2017,15,Melbourne Storm,North Queensland Cowboys,1,23,22,0.680549958335,0.665961796056,0.681023577682,0.666411696831,23.4097295619,16.3639190746,23.6161451286,15.6400362804,True,4,0,0,0,0,0,1,,,AAMI Park,2,1.96527777778,25.0282255924,0,0,,,,,,,
20171111530,2017,15,Cronulla-Sutherland Sharks,Wests Tigers,1,24,22,0.724782972682,0.719372079122,0.725339221802,0.719928950167,26.1401591019,14.7803335658,26.1815078714,14.7774573319,True,8.5,0,0,0,0,0,1,,,PointsBet Stadium,8,2.84027777778,55.8711028905,0,0,,,,,,,
20171111540,2017,15,Parramatta Eels,St. George Illawarra Dragons,1,24,10,0.443374657246,0.449991024849,0.443212886919,0.449845376382,20.2959777737,22.4787405276,20.4020551379,22.6857461702,True,4,0,0,0,0,0,1,,,ANZ Stadium,0,1.875,-20.5510494665,0,0,,,,,,,
20171111610,2017,16,New Zealand Warriors,Canterbury-Bankstown Bulldogs,1,21,14,0.606911033183,0.667625943021,0.607209596882,0.66807958962,24.0423051441,16.3370938291,23.982824641,15.8473742725,True,4,0,0,0,0,0,1,,,Mt Smart Stadium,2,2.04166666667,13.8739376043,0,0,,,,,,,
20171111620,2017,16,Wests Tigers,Gold Coast Titans,0,14,26,0.491824650799,0.500876759533,0.491801096414,0.500879330297,22.3691664576,21.2812772726,22.76246512,21.5885713081,True,-2.5,0,0,0,0,0,1,,,Campbelltown Stadium,-2,-0.986111111111,-21.7127548068,0,0,,,,,,,
20171111630,2017,16,North Queensland Cowboys,Penrith Panthers,1,14,12,0.555230298485,0.551944644504,0.55538815022,0.552095849664,21.8924066238,18.958225846,22.1081123005,18.4592700111,True,-2.5,0,0,0,0,0,1,,,1300SMILES Stadium,-2,-7,0.998131785973,0,0,,,,,,,
20171111640,2017,16,Canberra Raiders,Brisbane Broncos,0,20,30,0.606372417291,0.605649899734,0.606669572887,0.605950334057,21.3991157021,17.1343520148,21.397659365,16.9389952299,True,6.5,0,0,0,0,0,1,,,GIO Stadium,-2,-0.902777777778,-4.58388544808,0,0,,,,,,,
20171111650,2017,16,Sydney Roosters,Melbourne Storm,1,25,24,0.614949148487,0.639931992991,0.615268545806,0.640320428027,20.1275180419,17.0023685607,20.0555346435,17.170703222,True,11.5,0,0,0,0,0,1,,,Other,0,6.0625,-15.0058527418,0,0,,,,,,,
20171111660,2017,16,St. George Illawarra Dragons,Newcastle Knights,1,32,28,0.759937735845,0.749508132307,0.760543006983,0.750110984783,27.3053759951,15.474269176,27.4351575281,15.8100020225,True,12.5,0,0,0,0,0,1,,,Netstrata Jubilee Stadium,2,-8.91666666667,49.5448361105,0,0,,,,,,,
20171111670,2017,16,Cronulla-Sutherland Sharks,Manly-Warringah Sea Eagles,0,18,35,0.647594842089,0.646458837835,0.647994902266,0.646863166981,21.5660914438,16.6579821463,21.6669207642,17.4134193995,True,2.5,0,0,0,0,0,1,,,PointsBet Stadium,0,-8.0625,-4.27501646469,0,0,,,,,,,
20171111710,2017,17,Parramatta Eels,Canterbury-Bankstown Bulldogs,1,13,12,0.557467232846,0.548290577263,0.557631365508,0.548431285296,22.3954713871,17.9782371701,22.4358765347,18.2749238518,True,7.5,0,0,0,0,0,1,,,ANZ Stadium,4,5.16666666667,-4.28031778101,0,0,,,,,,,
20171111720,2017,17,Gold Coast Titans,St. George Illawarra Dragons,1,20,10,0.417936176927,0.432999089513,0.417703984842,0.432805004956,20.2783341609,23.9852114383,20.3973990762,22.3764321099,True,-2.5,0,0,0,0,0,1,,,Cbus Super Stadium,-4,1.75694444444,-19.9729275683,0,0,,,,,,,
20171111730,2017,17,Brisbane Broncos,Melbourne Storm,0,12,42,0.527317371487,0.532868678938,0.527395933529,0.532964774941,19.5519155508,19.122397381,19.1140597402,20.6634605697,True,-4,0,0,0,0,0,1,,,Suncorp Stadium,-2,0.0625,-11.3572144306,0,0,,,,,,,
20171111740,2017,17,Sydney Roosters,Cronulla-Sutherland Sharks,0,12,44,0.717972551441,0.7310761226,0.718517471366,0.73165225046,22.5402766201,14.7246824374,23.005232701,14.4346557688,True,2.5,0,0,0,0,0,1,,,Central Coast Stadium,2,0.875,7.62194989424,0,0,,,,,,,
20171111750,2017,17,Manly-Warringah Sea Eagles,New Zealand Warriors,1,26,22,0.622723830911,0.664030286531,0.623063040157,0.664475810349,23.1565810171,18.2653680655,22.9147258097,19.1302149573,True,6,0,0,0,0,0,1,,,Other,2,-1.83333333333,17.5014899107,0,0,,,,,,,
20171111760,2017,17,Canberra Raiders,North Queensland Cowboys,0,18,31,0.54576277008,0.54648116613,0.545893902092,0.54661666476,20.9892543953,20.6823338078,20.7491872445,20.5386811324,True,7.5,0,0,0,0,0,1,,,GIO Stadium,-2,-0.104166666667,-2.63594672647,0,0,,,,,,,
20171111770,2017,17,Newcastle Knights,Wests Tigers,0,12,33,0.533588059738,0.530163685678,0.533684556506,0.530251913722,22.6513014742,22.0884218798,23.3092225084,22.318214295,True,4.5,0,0,0,0,0,1,,,McDonald Jones Stadium,2,-1.75694444444,-6.35187536621,0,0,,,,,,,
20171111780,2017,17,South Sydney Rabbitohs,Penrith Panthers,1,42,14,0.457803614489,0.498133676341,0.457682599386,0.498128204095,20.602856613,21.8243462308,20.9519574637,22.2876259234,True,-2.5,0,0,0,0,0,1,,,ANZ Stadium,-4,7.79861111111,-33.8291178487,0,0,,,,,,,
20171111810,2017,18,Sydney Roosters,South Sydney Rabbitohs,1,14,12,0.494678168353,0.529642578252,0.49466283379,0.529729289335,23.1208240566,23.0549682855,22.4866228213,22.0296847522,True,-3.5,0,0,0,0,0,1,,,Allianz Stadium,2,1.04166666667,33.5460538856,0,0,,,,,,,
20171111820,2017,18,Penrith Panthers,Manly-Warringah Sea Eagles,1,16,8,0.522165148399,0.543032393744,0.522228936815,0.543157943418,21.1810231541,22.5377027347,20.8366227589,21.9249474737,True,2.5,0,0,0,0,0,1,,,Panthers Stadium,-4,-1.02083333333,-9.63495287165,0,0,,,,,,,
20171111830,2017,18,Melbourne Storm,Parramatta Eels,0,6,22,0.725822460855,0.73440368191,0.726380390339,0.734984969982,24.8719272868,13.9560185356,24.5601188488,14.7713486882,True,-4,0,0,0,0,0,1,,,AAMI Park,0,-1,39.5963855606,0,0,,,,,,,
20171111840,2017,18,Canterbury-Bankstown Bulldogs,Newcastle Knights,1,20,18,0.669848050314,0.684513384304,0.670298771542,0.685003655482,26.4888029725,17.742387943,26.7437158905,17.0998694484,True,6.5,0,0,0,0,0,1,,,Belmore Sports Ground,2,2.75694444444,23.4030976477,0,0,,,,,,,
20171111910,2017,19,New Zealand Warriors,Penrith Panthers,0,22,34,0.524165143233,0.558839240083,0.524234670078,0.559010159973,22.0281153971,19.0492906541,21.8698496888,19.5943469363,True,6,0,0,0,0,0,1,,,Mt Smart Stadium,0,7.08333333333,0.728459243795,0,0,,,,,,,
20171111920,2017,19,Canberra Raiders,St. George Illawarra Dragons,1,18,14,0.521978641588,0.512247727263,0.522041894659,0.512283624714,21.540944624,19.0934818971,21.9305390192,19.4671837611,True,5.5,0,0,0,0,0,1,,,GIO Stadium,-2,-1.0625,17.2042718769,0,0,,,,,,,
20171111930,2017,19,Newcastle Knights,Brisbane Broncos,0,22,34,0.359868790567,0.372792681636,0.35948655792,0.372436072227,19.4823548261,26.7626127496,19.5938581378,27.1222261801,True,-8,0,0,0,0,0,1,,,McDonald Jones Stadium,-4,-8.84027777778,-71.413904342,0,0,,,,,,,
20171111940,2017,19,Gold Coast Titans,Cronulla-Sutherland Sharks,1,30,10,0.395641273452,0.409673481261,0.39534939523,0.409414458063,19.4324657395,24.04361839,19.3428206971,22.6436237937,True,-2.5,0,0,0,0,0,1,,,Cbus Super Stadium,-2,0.875,-26.7804451621,0,0,,,,,,,
20171111950,2017,19,Manly-Warringah Sea Eagles,Wests Tigers,1,28,16,0.673340143076,0.702399287814,0.673798447053,0.702925360302,26.7182217752,16.6682151905,26.5220853695,17.4088292074,True,14,0,0,0,0,0,1,,,Lottoland,6,-6.14583333333,63.5217725003,0,0,,,,,,,
20171111960,2017,19,South Sydney Rabbitohs,North Queensland Cowboys,0,10,23,0.529655306429,0.563218104144,0.529740561615,0.563401477097,21.1368413266,18.7159112771,20.7425884409,19.4329648868,True,-4,0,0,0,0,0,1,,,Other,-4,-6.01388888889,-13.9392887946,0,0,,,,,,,
20171112010,2017,20,Brisbane Broncos,Canterbury-Bankstown Bulldogs,1,42,12,0.687528494881,0.707149182084,0.688016484262,0.707684199986,25.5725221227,15.1337512835,25.477222781,14.9545596948,True,9.5,0,0,0,0,0,1,,,Suncorp Stadium,2,-6.0625,25.289726546,0,0,,,,,,,
20171112020,2017,20,Sydney Roosters,Newcastle Knights,1,28,4,0.700788738348,0.745554416953,0.701302725984,0.746151927551,28.9306882031,18.1290367673,29.4323798031,17.7180985186,True,13.5,0,0,0,0,0,1,,,Allianz Stadium,8,7.90277777778,52.0988441146,0,0,,,,,,,
20171112030,2017,20,Cronulla-Sutherland Sharks,South Sydney Rabbitohs,1,26,12,0.600045985009,0.608418446589,0.600326493258,0.608726239725,23.9772065337,19.1745275267,23.1451388483,18.4667054831,True,8,0,0,0,0,0,1,,,PointsBet Stadium,0,0.854166666667,19.1275711074,0,0,,,,,,,
20171112040,2017,20,Penrith Panthers,Gold Coast Titans,1,24,16,0.646028073273,0.6553204163,0.64642442386,0.655745822659,25.5507453269,18.726478918,25.680228062,19.0438439732,True,5.5,0,0,0,0,0,1,,,Panthers Stadium,0,0.979166666667,21.4207929169,0,0,,,,,,,
20171112050,2017,20,Canberra Raiders,Melbourne Storm,0,14,20,0.443967534176,0.430379081201,0.443807428582,0.430177604324,18.8265837945,21.5063218365,18.6382812079,21.8817524143,True,-7,0,0,0,0,0,1,,,GIO Stadium,-4,-6.01388888889,-37.1303499608,0,0,,,,,,,
20171112060,2017,20,North Queensland Cowboys,New Zealand Warriors,1,24,12,0.67562188749,0.657881677428,0.676085088643,0.658313062969,24.0150745319,17.757172488,24.0085396065,17.4107526555,True,10.5,0,0,0,0,0,1,,,1300SMILES Stadium,4,-1.83333333333,20.0963859504,0,0,,,,,,,
20171112070,2017,20,St. George Illawarra Dragons,Manly-Warringah Sea Eagles,1,52,22,0.619833639316,0.60065279426,0.620165524086,0.600939847437,20.6919238156,19.1188059508,20.2556052223,20.0160433403,True,2.5,0,0,0,0,0,1,,,WIN Stadium,-6,1.75694444444,-31.2546061717,0,0,,,,,,,
20171112080,2017,20,Wests Tigers,Parramatta Eels,0,16,17,0.412939890111,0.420855692728,0.412694135788,0.420627544427,19.814017884,23.9872814931,19.6999972124,23.2289627633,True,-10,0,0,0,0,0,1,,,ANZ Stadium,-6,-7.77083333333,-18.8878180524,0,0,,,,,,,
20171112110,2017,21,Gold Coast Titans,Wests Tigers,0,4,26,0.66014285646,0.65843146115,0.660571965086,0.658864123355,27.3378917833,18.1855817313,27.4729080614,19.4937192114,True,7.5,0,0,0,0,0,1,,,Cbus Super Stadium,4,1.04166666667,27.0572546211,0,0,,,,,,,
20171112120,2017,21,Melbourne Storm,Manly-Warringah Sea Eagles,1,40,6,0.75273449102,0.754311365193,0.753331098749,0.754920407068,24.0819803833,15.6492737886,24.2340085745,15.0184506964,True,6,0,0,0,0,0,1,,,AAMI Park,0,0.854166666667,10.5495819027,0,0,,,,,,,
20171112130,2017,21,New Zealand Warriors,Cronulla-Sutherland Sharks,0,12,26,0.492615311186,0.513152102416,0.492594034109,0.51319064817,20.5795634384,20.0445200385,20.8756961365,20.5684202571,True,-3.5,0,0,0,0,0,1,,,Mt Smart Stadium,-2,-0.986111111111,-12.7391659241,0,0,,,,,,,
20171112140,2017,21,Newcastle Knights,St. George Illawarra Dragons,1,21,14,0.342838178498,0.346508106632,0.342415861492,0.346087000378,19.0944029815,30.7165424725,19.1547112049,30.822020201,True,-10,0,0,0,0,0,1,,,McDonald Jones Stadium,-4,1.83333333333,-33.3633669186,0,0,,,,,,,
20171112150,2017,21,Parramatta Eels,Brisbane Broncos,1,28,14,0.534827525501,0.539350593698,0.534927560356,0.539465495481,20.2636883687,20.3730220343,20.4263411325,20.1744336726,True,-6,0,0,0,0,0,1,,,ANZ Stadium,0,-2.84027777778,-8.43672103694,0,0,,,,,,,
20171112160,2017,21,Penrith Panthers,Canterbury-Bankstown Bulldogs,1,16,8,0.641766145823,0.66407775528,0.642152317088,0.664523387041,25.4894653435,14.3632483099,25.2160231194,14.5860037476,True,5.5,0,0,0,0,0,1,,,Panthers Stadium,2,-1.79861111111,29.4880949593,0,0,,,,,,,
20171112170,2017,21,South Sydney Rabbitohs,Canberra Raiders,0,18,32,0.548877053007,0.538185796308,0.549016997339,0.53829732409,22.2348208714,20.745284361,22.6537791455,20.971439962,True,2.5,0,0,0,0,0,1,,,ANZ Stadium,2,0.902777777778,-5.34187401052,0,0,,,,,,,
20171112180,2017,21,Sydney Roosters,North Queensland Cowboys,1,22,16,0.61533931326,0.646578640144,0.615659712972,0.646983258162,21.1635223201,18.8073236866,21.1945058177,18.6537154584,True,2.5,0,0,0,0,0,1,,,Allianz Stadium,0,1.0625,-19.959358064,0,0,,,,,,,
20171112210,2017,22,Canterbury-Bankstown Bulldogs,Parramatta Eels,0,4,20,0.431745464902,0.430952141535,0.431551241477,0.430752279621,19.5901442477,21.455749692,19.5082863049,20.660006098,True,-5.5,0,0,0,0,0,1,,,ANZ Stadium,-8,1,-27.172875462,0,0,,,,,,,
20171112220,2017,22,Cronulla-Sutherland Sharks,Canberra Raiders,0,12,30,0.585080179884,0.607425879059,0.585320571704,0.607731038536,22.6428211053,18.924690597,22.8945994392,18.333302328,True,3,0,0,0,0,0,1,,,PointsBet Stadium,2,0.895833333333,10.7753895904,0,0,,,,,,,
20171112230,2017,22,Gold Coast Titans,Brisbane Broncos,0,0,54,0.408102933127,0.417144890759,0.407844146844,0.416906440671,20.195676059,24.4739087555,20.5478871794,24.6085282938,True,-7,0,0,0,0,0,1,leadership_change,,Cbus Super Stadium,0,-1.84027777778,-24.6916242575,0,0,15,leadership-titans-2017-henry-matterson-hodges,effective,-3,home,titans,1
20171112240,2017,22,Manly-Warringah Sea Eagles,Sydney Roosters,1,36,18,0.431731901182,0.44395204171,0.431537640144,0.443789088212,19.9763187341,23.6530647492,19.8739052931,23.5638465523,True,2.5,0,0,0,0,0,1,,,Lottoland,-4,-0.770833333333,-8.82994996757,0,0,,,,,,,
20171112250,2017,22,Newcastle Knights,New Zealand Warriors,1,26,10,0.545792911975,0.506977048519,0.545924129379,0.506997503438,21.3533676363,23.5336039252,21.7229759256,23.5683557354,True,2.5,0,0,0,0,0,1,,,McDonald Jones Stadium,0,-0.791666666667,-45.968324846,0,0,,,,,,,
20171112260,2017,22,North Queensland Cowboys,Melbourne Storm,0,8,26,0.578464149209,0.56856107332,0.578686509897,0.568759562555,19.8242339443,17.164757084,19.7469765908,17.8710925745,True,-4.5,0,0,0,0,0,1,,,1300SMILES Stadium,2,0.770833333333,-1.0974667952,0,0,,,,,,,
20171112270,2017,22,Penrith Panthers,Wests Tigers,1,28,14,0.662784378542,0.702397617756,0.66321944616,0.702923687055,27.9555672607,16.9620743525,27.4968851973,17.3624487323,True,7.5,0,0,0,0,0,1,,,Panthers Stadium,4,2.84027777778,40.7684488034,0,0,,,,,,,
20171112280,2017,22,St. George Illawarra Dragons,South Sydney Rabbitohs,0,24,26,0.726139853792,0.737369928308,0.726139853792,0.737369928308,25.4775649294,17.0796705185,25.1191609023,16.512183016,False,,0,0,0,0,0,1,,,Sydney Cricket Ground,2,0.104166666667,9.24983283552,0,0,,,,,,,
20171112310,2017,23,Brisbane Broncos,Cronulla-Sutherland Sharks,1,32,10,0.735680555802,0.729994414568,0.736253755165,0.730568834331,23.4820189462,15.7777297092,22.9182910643,16.316709639,True,6,0,0,0,0,0,1,,,Suncorp Stadium,0,0.0833333333333,-7.07356163185,0,0,,,,,,,
20171112320,2017,23,Melbourne Storm,Sydney Roosters,1,16,13,0.744020047824,0.756176987493,0.744605187412,0.756788342726,23.6543988166,13.9803707208,23.2899002469,14.801395607,True,6.5,0,0,0,0,0,1,,,AAMI Park,2,1.75694444444,25.925131117,0,0,,,,,,,
20171112330,2017,23,New Zealand Warriors,Canberra Raiders,0,16,36,0.396612378267,0.386147911871,0.396323052303,0.385825794642,20.6504102077,28.1657487981,20.6461250387,27.4200553154,True,-10.5,0,0,0,0,0,1,,,Mt Smart Stadium,-6,0.1875,-18.6141303696,0,0,,,,,,,
20171112340,2017,23,Parramatta Eels,Newcastle Knights,0,10,29,0.697236064427,0.718920273155,0.697743260663,0.719476367337,29.119105318,17.0521930078,29.4522492363,15.609884968,True,12.5,0,0,0,0,0,1,,,ANZ Stadium,6,1.79861111111,49.6060716612,0,0,,,,,,,
20171112350,2017,23,Penrith Panthers,North Queensland Cowboys,1,24,16,0.665207323668,0.66961079203,0.665647807394,0.670068875336,22.4004997228,16.2785994054,22.3444317639,16.4839205514,True,6,0,0,0,0,0,1,,,Panthers Stadium,4,-1.84027777778,-12.2382215265,0,0,,,,,,,
20171112360,2017,23,South Sydney Rabbitohs,Canterbury-Bankstown Bulldogs,1,28,14,0.569363291033,0.567763577097,0.569560587204,0.56795981581,25.0513443707,17.1268104467,24.6920653483,16.2361170607,True,4,0,0,0,0,0,1,,,ANZ Stadium,0,-0.923611111111,15.9240189273,0,0,,,,,,,
20171112370,2017,23,St. George Illawarra Dragons,Gold Coast Titans,1,42,16,0.798646620196,0.794006474739,0.799284363233,0.794652792771,30.6107137508,15.0780409161,30.0071150206,14.5892170162,True,8,0,0,0,0,0,1,leadership_change,,Netstrata Jubilee Stadium,-2,0.979166666667,12.2672808629,0,0,15,leadership-titans-2017-henry-matterson-hodges,effective,-2,away,titans,1
20171112380,2017,23,Wests Tigers,Manly-Warringah Sea Eagles,1,30,26,0.590406257502,0.574160957968,0.590661037773,0.574375189984,21.8523819549,21.7711574529,22.3636888347,20.7099537861,True,-6.5,0,0,0,0,0,1,,,Leichhardt Oval,0,-0.0833333333333,-6.18099224919,0,0,,,,,,,
20171112410,2017,24,Brisbane Broncos,St. George Illawarra Dragons,1,24,12,0.692580081508,0.69051833569,0.6930781823,0.691020986759,23.630159586,16.6975609206,23.221058223,15.2283155456,True,12,0,0,0,0,0,1,,,Suncorp Stadium,4,0.798611111111,39.5895523098,0,0,,,,,,,
20171112420,2017,24,Canberra Raiders,Penrith Panthers,0,22,26,0.57572527826,0.603496274702,0.575940126384,0.603790957427,21.9420477544,20.5456858461,22.0438147718,19.8466057775,True,6.5,0,0,0,0,0,1,,,GIO Stadium,-2,-0.854166666667,3.23069355582,0,0,,,,,,,
20171112430,2017,24,Canterbury-Bankstown Bulldogs,Manly-Warringah Sea Eagles,1,30,16,0.479794865989,0.486173112477,0.479736705281,0.486132591062,20.5959378802,25.6588405953,20.4586063045,23.8476275589,True,-14,0,0,0,0,0,1,,,ANZ Stadium,-2,2.84027777778,-31.8738779667,0,0,,,,,,,
20171112440,2017,24,Newcastle Knights,Melbourne Storm,0,12,44,0.404694228248,0.379022899603,0.404426318917,0.378682249471,18.4563359522,24.5409936335,18.2440828434,24.2521537103,True,-10.5,0,0,0,0,0,1,,,McDonald Jones Stadium,-2,0.979166666667,-80.4716956745,0,0,,,,,,,
20171112450,2017,24,North Queensland Cowboys,Cronulla-Sutherland Sharks,0,16,26,0.707875507313,0.68674400465,0.708402645133,0.687238915583,23.8159068481,16.8012519261,24.1927352102,16.9074756611,True,-2.5,0,0,0,0,0,1,,,1300SMILES Stadium,0,-0.986111111111,8.03779565485,0,0,,,,,,,
20171112460,2017,24,Parramatta Eels,Gold Coast Titans,1,30,8,0.705909479142,0.698282571371,0.706433022792,0.698800694498,28.9489998684,16.3883546687,29.4596830533,15.4933338476,True,15.5,0,0,0,0,0,1,leadership_change,,ANZ Stadium,6,0.875,48.8621825007,0,0,15,leadership-titans-2017-henry-matterson-hodges,effective,-1,away,titans,1
20171112470,2017,24,South Sydney Rabbitohs,New Zealand Warriors,1,36,18,0.683076815915,0.697763856321,0.683555691206,0.698280965126,27.1405279376,18.5968528111,27.4597139842,17.4329929979,True,8,0,0,0,0,0,1,,,ANZ Stadium,4,2.84027777778,9.94488216965,0,0,,,,,,,
20171112480,2017,24,Sydney Roosters,Wests Tigers,1,22,18,0.76380459714,0.741548292798,0.764414202455,0.742140168656,28.863926882,16.8113606362,28.989080267,16.4620321716,True,13.5,0,0,0,0,0,1,,,Allianz Stadium,2,0.9375,23.8946285911,0,0,,,,,,,
20171112510,2017,25,Brisbane Broncos,Parramatta Eels,0,34,52,0.726741508212,0.744815228974,0.727300912401,0.745411716543,24.6552501699,14.7799443671,24.836091876,15.1230339893,True,10.5,0,0,0,0,0,1,,,Suncorp Stadium,0,-1,42.1334432421,0,0,,,,,,,
20171112520,2017,25,Canberra Raiders,Newcastle Knights,1,46,28,0.767926084117,0.781219555022,0.768540058291,0.781856737927,30.0142058925,16.5633322479,29.8496133333,17.3919070202,True,15.5,0,0,0,0,0,1,,,GIO Stadium,0,-0.958333333333,43.3393978931,0,0,,,,,,,
20171112530,2017,25,Cronulla-Sutherland Sharks,Sydney Roosters,0,14,16,0.469881996318,0.485813794923,0.469795417375,0.485772221605,19.9417885744,20.147362305,20.1852007602,19.4347461303,True,-2.5,0,0,0,0,0,1,,,PointsBet Stadium,0,-0.0833333333333,-5.75821786501,0,0,,,,,,,
20171112540,2017,25,Gold Coast Titans,Canterbury-Bankstown Bulldogs,0,14,26,0.457223406182,0.460324007543,0.457100743422,0.460208163644,22.2853883081,21.1866381991,21.6569512617,21.3435896652,True,2.5,1,0,1,1,1,1,leadership_change,0,Cbus Super Stadium,-2,2.84027777778,-11.2277617603,0,0,15,leadership-titans-2017-henry-matterson-hodges,effective,0,home,titans,1
20171112550,2017,25,Melbourne Storm,South Sydney Rabbitohs,1,64,6,0.798098850288,0.785518607237,0.798736314699,0.786159184825,28.0033162428,12.9807320756,28.3178678801,12.8136030954,True,16.5,0,0,0,0,0,1,,,AAMI Park,4,-0.875,50.4128924722,0,0,,,,,,,
20171112560,2017,25,New Zealand Warriors,Manly-Warringah Sea Eagles,0,21,22,0.564702822041,0.566163987884,0.564887176275,0.566355706411,22.5313232296,24.5817272367,23.1012983018,23.1558504005,True,-4,0,0,0,0,0,1,,,Mt Smart Stadium,-2,1.91666666667,-22.0551974401,0,0,,,,,,,
20171112570,2017,25,Penrith Panthers,St. George Illawarra Dragons,0,14,16,0.616302009843,0.632270243786,0.616624879259,0.632639643813,23.4064931745,17.0798050201,23.3670034904,16.2652900147,True,4.5,0,0,0,0,0,1,,,Panthers Stadium,6,-1.75694444444,17.3536294456,0,0,,,,,,,
20171112580,2017,25,Wests Tigers,North Queensland Cowboys,0,14,22,0.570286171987,0.561162988462,0.570486022735,0.561340523806,21.5778888423,20.3412519314,21.9410789809,21.2381206774,True,-6,0,0,0,0,0,1,,,Campbelltown Stadium,2,0.0833333333333,-29.5615258649,0,0,,,,,,,
20171112610,2017,26,Manly-Warringah Sea Eagles,Penrith Panthers,1,28,12,0.41540968911,0.434946951024,0.41517062651,0.434758376596,20.9646331319,23.6589436472,20.8813905728,24.6744425292,True,4,0,0,0,0,0,1,,,Lottoland,-4,0,-32.8727440221,0,0,,,,,,,
20171112620,2017,26,Melbourne Storm,Canberra Raiders,1,32,6,0.814715750486,0.814270058652,0.815359095766,0.814924567073,28.2055800218,13.4439966191,28.2927580471,12.9728299873,True,10,0,0,0,0,0,1,,,AAMI Park,2,-0.979166666667,31.3788154487,0,0,,,,,,,
20171112630,2017,26,Newcastle Knights,Cronulla-Sutherland Sharks,0,18,26,0.435444413164,0.40877674796,0.435260468894,0.408515271448,20.5022432311,25.224547268,20.7587273313,24.0693426232,True,-8.5,0,0,0,0,0,1,,,McDonald Jones Stadium,2,1.0625,-36.2803544843,0,0,,,,,,,
20171112640,2017,26,North Queensland Cowboys,Brisbane Broncos,0,10,20,0.495413132121,0.492015088817,0.495399915058,0.491991680049,20.755673833,22.6202797827,21.0259509984,23.6621669781,True,-4,0,0,0,0,0,1,,,1300SMILES Stadium,-4,-1,-32.4467850324,0,0,,,,,,,
20171112650,2017,26,Parramatta Eels,South Sydney Rabbitohs,1,22,16,0.685368137276,0.675325421904,0.685851727112,0.67579608669,27.2130516416,17.8644340921,27.4971374633,17.5662517174,True,20,0,0,0,0,0,1,,,ANZ Stadium,2,1.90277777778,2.91795293256,0,0,,,,,,,
20171112660,2017,26,St. George Illawarra Dragons,Canterbury-Bankstown Bulldogs,0,20,26,0.769444979926,0.773170465838,0.770060497711,0.77380044716,27.2659209567,14.3596693769,26.8736963464,14.6893639908,True,7.5,0,0,0,0,0,1,,,ANZ Stadium,0,-1.04166666667,25.9238009035,0,0,,,,,,,
20171112670,2017,26,Sydney Roosters,Gold Coast Titans,1,20,16,0.789131650192,0.803419075594,0.789763772654,0.804070199462,31.3161825955,13.0849669108,30.710833502,12.6606780162,True,23.5,0,1,1,1,1,1,leadership_change,1,Allianz Stadium,6,-0.1875,58.5901998566,0,0,15,leadership-titans-2017-henry-matterson-hodges,effective,1,away,titans,1
20171112680,2017,26,Wests Tigers,New Zealand Warriors,1,28,16,0.663097705971,0.647291326793,0.663533476684,0.647697661098,27.1703042795,19.1807653725,27.8185765815,19.3965647651,True,8.5,0,0,0,0,0,1,,,Leichhardt Oval,4,1.84027777778,16.1586422789,0,0,,,,,,,
20171112710,2017,27,Sydney Roosters,Brisbane Broncos,1,24,22,0.658127408945,0.686213611544,0.658551933486,0.686707423603,21.211551323,19.4745315255,21.4858218455,19.6220689693,True,4,0,0,0,0,0,1,,,Allianz Stadium,-2,-1.79861111111,-20.0506214407,0,0,,,,,,,
20171112720,2017,27,Melbourne Storm,Parramatta Eels,1,18,16,0.802263599197,0.799834873637,0.802903040567,0.800484366438,25.5864149072,12.9233776611,26.4170839066,12.8391859523,True,14,0,0,0,0,0,1,,,AAMI Park,2,-0.986111111111,57.5147267444,0,0,,,,,,,
20171112730,2017,27,Manly-Warringah Sea Eagles,Penrith Panthers,0,10,22,0.508458107215,0.547447136111,0.50848247596,0.547585416742,22.454365351,20.877102974,22.4048412347,20.1614110477,True,4,0,0,0,0,0,1,,,Allianz Stadium,0,0,-30.7182179874,0,0,,,,,,,
20171112740,2017,27,Cronulla-Sutherland Sharks,North Queensland Cowboys,0,14,15,0.560271678865,0.562284784203,0.560443666888,0.562465507588,21.948102133,17.3825268583,21.8845996977,17.2771120101,True,7.5,0,0,0,0,0,1,,,Allianz Stadium,2,-2.75694444444,-2.6742942974,0,0,,,,,,,
20171112810,2017,28,Brisbane Broncos,Penrith Panthers,1,13,6,0.693758578486,0.70681525054,0.694259002059,0.70734964763,24.7025948108,17.7776033324,25.2318971944,17.0958911359,True,6.5,0,0,0,0,0,1,,,Suncorp Stadium,0,0.989583333333,23.6588654944,0,0,,,,,,,
20171112820,2017,28,Parramatta Eels,North Queensland Cowboys,0,16,24,0.561253883216,0.565220448436,0.561428617245,0.565409496872,22.7466474652,16.1502286287,23.5825993613,16.8881904239,True,6,0,0,0,0,0,1,,,ANZ Stadium,2,1,6.29180062705,0,0,,,,,,,
20171112910,2017,29,Melbourne Storm,Brisbane Broncos,1,30,0,0.773237039111,0.794507528889,0.773856251572,0.795154144821,24.3391835427,13.7105876962,25.033885245,13.893520557,True,9.5,0,0,0,0,0,1,,,AAMI Park,4,6.15625,50.0747845419,0,0,,,,,,,
20171112920,2017,29,Sydney Roosters,North Queensland Cowboys,0,16,29,0.711607681848,0.710040931342,0.712141525987,0.710581273407,23.0670239207,15.8292472655,23.6434883898,16.7923430998,True,8,0,0,0,0,0,1,,,Allianz Stadium,2,7.98958333333,-3.92811137412,0,0,,,,,,,
20171113010,2017,30,Melbourne Storm,North Queensland Cowboys,1,34,6,0.791329362427,0.777542104405,0.791962928293,0.778176131749,25.4941130626,12.3594938051,26.5918517387,13.020516716,True,10.5,0,0,0,0,0,1,,,ANZ Stadium,2,0.989583333333,59.5993787717,0,0,,,,,,,
20181110110,2018,1,St. George Illawarra Dragons,Brisbane Broncos,1,34,12,0.570426681009,0.573105957476,0.57007700556,0.572700834268,20.6739127799,19.3897808122,20.9411946475,19.0258268442,True,3.5,0,0,0,0,0,1,,,Other,0,0,-26.0870028122,0.741141163719,0,,,,,,,
20181110120,2018,1,Newcastle Knights,Manly-Warringah Sea Eagles,1,19,18,0.512790999693,0.536211308892,0.512726670735,0.53600845786,20.5291418401,20.5820700443,21.1559362034,21.6380102777,True,-2.5,0,0,0,0,0,1,,,McDonald Jones Stadium,0,0,-27.2527823135,-2.21325465146,0,,,,,,,
20181110130,2018,1,North Queensland Cowboys,Cronulla-Sutherland Sharks,1,20,14,0.525668726589,0.543526504309,0.525539801903,0.543283052885,20.6506702065,20.2801217267,20.9319345092,20.1303841834,True,3.5,0,0,0,0,0,1,,,1300SMILES Stadium,0,0,11.0255058561,2.28254406628,0,,,,,,,
20181110140,2018,1,Wests Tigers,Sydney Roosters,1,10,8,0.44648976693,0.456950675527,0.446756954073,0.457191484517,18.9846121599,20.4250602633,19.2944859497,20.6975846528,True,-12.5,0,0,0,0,0,1,,,Accor Stadium,0,0,-23.2011365344,0.35485496409,0,,,,,,,
20181110150,2018,1,South Sydney Rabbitohs,New Zealand Warriors,0,20,32,0.555620804504,0.592322774702,0.555343250289,0.591815572754,22.404755645,21.0268803717,22.3931570897,20.745007289,True,6,0,0,0,0,0,1,,,Other,0,0,9.2415049517,2.54527679493,0,,,,,,,
20181110160,2018,1,Canterbury-Bankstown Bulldogs,Melbourne Storm,0,18,36,0.393273152639,0.422427317747,0.39379379813,0.422856410339,18.661491925,22.5214524645,19.0153674901,21.7884742199,True,-7.5,0,0,0,0,0,1,,,Other,0,0,-103.825581612,-0.985731079762,0,,,,,,,
20181110170,2018,1,Penrith Panthers,Parramatta Eels,1,24,14,0.541645850484,0.565669146491,0.541437276101,0.565304219581,20.7177723882,20.1437545027,21.1057661496,20.426492646,True,2.5,0,0,0,0,0,1,,,BlueBet Stadium,0,0,-6.93203860054,0.658505675075,0,,,,,,,
20181110180,2018,1,Gold Coast Titans,Canberra Raiders,1,30,28,0.471519023785,0.481520831094,0.471662015556,0.481624615727,19.9098223461,22.3373465953,20.1224003052,21.202667666,True,-2.5,0,0,0,0,0,1,leadership_change,,Cbus Super Stadium,0,0,-77.7377732075,1.11849158566,0,15,leadership-titans-2017-henry-matterson-hodges,effective,2,home,titans,1
20181110210,2018,2,Cronulla-Sutherland Sharks,St. George Illawarra Dragons,0,16,20,0.432611410561,0.434931054602,0.432946380248,0.435292722595,19.1477763191,18.4835471338,19.1874719058,17.9531020997,True,-2.5,0,0,0,0,0,1,,,Ocean Protect Stadium,-2,-0.958333333333,4.36899585507,-4.07463638947,0,,,,,,,
20181110220,2018,2,Sydney Roosters,Canterbury-Bankstown Bulldogs,1,30,12,0.655515593329,0.63440124045,0.654784245367,0.633682357252,23.0802192239,16.4662563523,23.3514823226,16.9123765292,True,8.5,0,0,0,0,0,1,,,Allianz Stadium,0,0.0659722222222,9.59051732626,-0.0177623951859,0,,,,,,,
20181110230,2018,2,Brisbane Broncos,North Queensland Cowboys,1,24,20,0.443525711811,0.418463608192,0.443807452689,0.418913853613,19.8092844902,20.1986554084,20.0664060924,21.9109308812,True,-2.5,0,0,0,0,0,1,,,Suncorp Stadium,-2,0.958333333333,4.16388669784,-5.3926207203,0,,,,,,,
20181110240,2018,2,New Zealand Warriors,Gold Coast Titans,1,20,8,0.584223507002,0.575354341432,0.58380774583,0.5749371359,22.82686064,20.7714794444,22.7514046197,21.6091751166,True,10.5,0,0,0,0,0,1,leadership_change,,Go Media Stadium,0,1.0625,8.16207988793,0.223974141967,0,15,leadership-titans-2017-henry-matterson-hodges,effective,3,away,titans,1
20181110250,2018,2,Penrith Panthers,South Sydney Rabbitohs,1,18,14,0.541958065053,0.556774562612,0.541747941636,0.556458138565,21.7516889234,17.3590559197,21.6435730586,18.7910023779,True,8,0,0,0,0,0,1,,,BlueBet Stadium,2,-1.00694444444,15.1038516697,0.846540809703,0,,,,,,,
20181110260,2018,2,Melbourne Storm,Wests Tigers,0,8,10,0.687418686986,0.672188202653,0.686566045443,0.671298091906,22.9801399005,13.6442143435,23.0643984589,14.7093484413,True,16.5,0,0,0,0,0,1,,,AAMI Park,0,-0.0659722222222,49.4848707517,5.62017084223,0,,,,,,,
20181110270,2018,2,Manly-Warringah Sea Eagles,Parramatta Eels,1,54,0,0.588636241882,0.552557818619,0.588199609172,0.552264533982,20.9561797226,20.9392737849,21.3073019456,21.0667730673,True,2.5,0,0,0,0,0,1,,,4 Pines Park,0,1.92361111111,-10.9978406748,2.57559777534,0,,,,,,,
20181110280,2018,2,Canberra Raiders,Newcastle Knights,0,28,30,0.484347477562,0.501865988479,0.484426180823,0.501855499143,22.0202690181,19.6517287517,21.5794749305,18.8190445149,True,4,0,0,0,0,0,1,,,GIO Stadium,-2,-1.97916666667,23.9394509989,1.08271143667,0,,,,,,,
20181110310,2018,3,Melbourne Storm,North Queensland Cowboys,1,30,14,0.666449165741,0.686209132765,0.665674556862,0.685261249721,22.3691819863,15.0946529801,22.5012210897,15.0345422094,True,3.5,0,0,0,0,0,1,,,AAMI Park,0,-1.02083333333,38.0087803259,0,0,,,,,,,
20181110320,2018,3,Canterbury-Bankstown Bulldogs,Penrith Panthers,1,20,18,0.357881741779,0.360664133035,0.358557921909,0.361406522696,18.5551928761,19.7512416512,18.5393039789,19.8138922431,True,-2.5,0,0,0,0,0,1,,,Accor Stadium,-4,0.979166666667,-21.4658622633,0,0,,,,,,,
20181110330,2018,3,Wests Tigers,Brisbane Broncos,0,7,9,0.468792629528,0.492164438692,0.468949241727,0.49220847822,19.6867371556,16.6564354594,19.5982211126,18.4111908538,True,-4,0,0,0,0,0,1,,,Campbelltown Sports Stadium,2,-1.02083333333,-4.8371610958,0,0,,,,,,,
20181110340,2018,3,Canberra Raiders,New Zealand Warriors,0,19,20,0.507804270698,0.497420433592,0.507765010503,0.497434934063,20.5840285637,19.9871123673,20.4890803974,19.4306689659,True,2.5,0,0,0,0,0,1,,,GIO Stadium,-4,-1.05902777778,15.0075958418,0,0,,,,,,,
20181110350,2018,3,South Sydney Rabbitohs,Manly-Warringah Sea Eagles,1,34,6,0.491780155916,0.465126999675,0.491821505967,0.465322403092,19.5374312815,21.9205363661,20.2433746924,20.3573912171,True,-2.5,0,0,0,0,0,1,,,Accor Stadium,-2,0.944444444444,-10.652860406,0,0,,,,,,,
20181110360,2018,3,Parramatta Eels,Cronulla-Sutherland Sharks,0,4,14,0.400025025872,0.428567608319,0.400514625004,0.428963716378,19.8983019121,20.2766036577,19.706266379,20.9109615292,True,2.5,0,0,0,0,0,1,,,Accor Stadium,0,-2.83680555556,1.71270159177,0,0,,,,,,,
20181110370,2018,3,Gold Coast Titans,St. George Illawarra Dragons,0,8,54,0.400317763956,0.407422909095,0.400806008363,0.407931442569,18.2989424584,22.785099013,18.3854048821,21.6906850823,True,-8,0,0,0,0,0,1,,,Other,-2,-1.875,-30.0975019502,0,0,,,,,,,
20181110380,2018,3,Sydney Roosters,Newcastle Knights,1,38,8,0.647770878944,0.661650271914,0.647071145743,0.660805767118,22.4137165151,18.3179272537,22.5307258694,17.5675904986,True,8.5,0,0,0,0,0,1,,,Allianz Stadium,-2,2.02083333333,13.6142191338,0,0,,,,,,,
20181110410,2018,4,North Queensland Cowboys,Penrith Panthers,0,14,33,0.517137305381,0.536278623949,0.51705114752,0.536075398464,20.3015095603,17.6444380382,20.5485701286,18.0215112801,True,10.5,0,0,0,0,0,1,,,1300SMILES Stadium,-2,0.913194444444,-2.69108593026,0,0,,,,,,,
20181110420,2018,4,South Sydney Rabbitohs,Canterbury-Bankstown Bulldogs,1,20,16,0.677359334968,0.683047810719,0.676543275465,0.682112649531,24.0135343842,16.5350840273,24.3005566729,16.3669816288,True,2.5,0,0,0,0,0,1,,,Accor Stadium,0,-0.979166666667,3.43514459514,0,0,,,,,,,
20181110430,2018,4,Cronulla-Sutherland Sharks,Melbourne Storm,1,14,4,0.412832136888,0.421955938712,0.413261839683,0.422387552781,17.9688333128,18.7416949997,18.3599911606,18.8047245691,True,-4.5,0,0,0,0,0,1,,,Ocean Protect Stadium,-2,-1.97569444444,-40.0157826569,0,0,,,,,,,
20181110440,2018,4,Sydney Roosters,New Zealand Warriors,0,6,30,0.673934390905,0.662720381509,0.673131150862,0.661871164516,22.5644877361,15.4559434179,22.2306117132,15.3668370678,True,11.5,0,0,0,0,0,1,,,Allianz Stadium,-2,-1.14583333333,12.4307670419,-1.24220393864,0.00954170261301,,,,,,,
20181110450,2018,4,Manly-Warringah Sea Eagles,Canberra Raiders,1,32,16,0.668382590483,0.63450417305,0.667600507134,0.633784796344,23.0559401774,18.6554032815,23.5925623803,18.1284853412,True,4,0,0,0,0,0,1,,,4 Pines Park,2,-0.104166666667,17.3157136036,6.79729309906,0,,,,,,,
20181110460,2018,4,St. George Illawarra Dragons,Newcastle Knights,1,30,12,0.763041010343,0.764310251297,0.761975506809,0.763116846234,24.3699352295,15.1609121043,24.6625522185,14.5560582835,True,10,0,0,0,0,0,1,,,WIN Stadium,2,0.138888888889,21.4965555491,4.21153203683,0,,,,,,,
20181110470,2018,4,Brisbane Broncos,Gold Coast Titans,0,14,26,0.698065268629,0.696095033709,0.697175743503,0.69510857215,25.5130993192,14.9779366076,25.5504764863,15.4685858461,True,10.5,0,0,0,0,0,1,,,Suncorp Stadium,2,1.79513888889,26.8687369263,-1.5461956617,0,,,,,,,
20181110480,2018,4,Wests Tigers,Parramatta Eels,1,30,20,0.531751355918,0.56669923733,0.531592028266,0.566328722313,22.9496108132,16.9662118002,22.6369517034,18.6051103083,True,2.5,0,0,0,0,0,1,,,Accor Stadium,4,0.975694444444,22.6026700905,4.97275940598,0,,,,,,,
20181110510,2018,5,Canberra Raiders,Canterbury-Bankstown Bulldogs,1,26,10,0.522247790363,0.545230479615,0.522135999189,0.544977599566,22.7497933709,20.8067946662,22.1135660676,19.9558655392,True,1.5,0,0,0,0,0,1,,,GIO Stadium,-2,-1.13888888889,14.9575531252,0.609261188234,0,,,,,,,
20181110520,2018,5,Cronulla-Sutherland Sharks,Sydney Roosters,0,10,28,0.432902552179,0.492832462583,0.433236109928,0.492872748571,18.8122485001,16.5977622,18.8524331645,15.9590940268,True,-2,0,0,0,0,0,1,,,Ocean Protect Stadium,0,0.892361111111,-14.6481188076,0.270438563541,0,,,,,,,
20181110530,2018,5,St. George Illawarra Dragons,South Sydney Rabbitohs,1,16,12,0.697862508824,0.689117655095,0.696973667719,0.688158229881,23.3401832097,15.1389218812,23.6358573233,15.5020314355,True,10,0,0,0,0,0,1,,,Other,4,-2,26.7968382719,4.58826818606,0.00954170261301,,,,,,,
20181110540,2018,5,Wests Tigers,Melbourne Storm,1,11,10,0.47017601244,0.465814907681,0.470325715801,0.466006480739,18.280267255,19.9789562155,18.5005908484,19.2441065992,True,-7.5,0,0,0,0,0,1,,,Go Media Stadium,2,-2.82986111111,-42.9733995487,-2.70770107086,0,,,,,,,
20181110550,2018,5,New Zealand Warriors,North Queensland Cowboys,1,22,12,0.649308182823,0.646948490449,0.648602112788,0.64617046929,22.7521735198,16.2517012524,22.9514386492,16.9659096365,True,1.5,0,0,0,0,0,1,,,Go Media Stadium,6,-1.93402777778,-7.52284372758,1.25026852494,0,,,,,,,
20181110560,2018,5,Newcastle Knights,Brisbane Broncos,1,15,10,0.437573221413,0.454804267955,0.437884066505,0.455056955851,19.898817017,20.1349948393,20.0655776201,19.7111164479,True,-2.5,0,0,0,0,0,1,,,McDonald Jones Stadium,0,0.0972222222222,-25.3521078372,0.411117590849,0,,,,,,,
20181110570,2018,5,Gold Coast Titans,Manly-Warringah Sea Eagles,1,32,20,0.404041805719,0.417964515175,0.404512755609,0.418417415939,19.8008710196,23.9194722824,19.4739427089,23.6216658502,True,-2.5,0,0,0,0,0,1,,,Other,0,-0.958333333333,-45.2123404125,-4.87576900558,0,,,,,,,
20181110580,2018,5,Parramatta Eels,Penrith Panthers,0,6,12,0.443315100734,0.446031541391,0.443597874232,0.446332576611,19.3671042501,23.8348690165,19.4245631953,24.8322345919,True,-4.5,0,0,0,0,0,1,,,Accor Stadium,-6,-3.87152777778,-29.1753228525,-7.19163835447,0,,,,,,,
20181110610,2018,6,Sydney Roosters,South Sydney Rabbitohs,0,14,26,0.519395665211,0.489771649417,0.51929817476,0.489829130969,20.7146235039,17.3734299253,20.4925599283,17.4537901331,True,8,0,0,0,0,0,1,,,Allianz Stadium,2,0.0763888888889,3.59805998299,0,0,,,,,,,
20181110620,2018,6,Melbourne Storm,Newcastle Knights,1,40,14,0.661580948612,0.696826039509,0.660825396862,0.695836799956,24.2155864263,14.2492455679,23.9014147866,14.2367465011,True,10.5,0,0,0,0,0,1,,,AAMI Park,-2,0.107638888889,59.7657179691,0,0,,,,,,,
20181110630,2018,6,St. George Illawarra Dragons,Cronulla-Sutherland Sharks,1,40,20,0.707583466733,0.677784211256,0.706662671072,0.676870629729,24.0230724983,13.9483312968,24.1615530828,14.8580381102,True,6,0,0,0,0,0,1,,,WIN Stadium,6,-0.0763888888889,19.4093986321,0,0,,,,,,,
20181110640,2018,6,New Zealand Warriors,Brisbane Broncos,0,18,27,0.689434190346,0.686858484751,0.688574417836,0.685908011217,23.4958582045,13.7195727799,23.3099333753,14.8395276117,True,7.5,0,0,0,0,0,1,,,Go Media Stadium,6,0.00347222222222,14.9250570633,0,0,,,,,,,
20181110650,2018,6,North Queensland Cowboys,Canterbury-Bankstown Bulldogs,0,10,27,0.515844505118,0.527732296912,0.515764837815,0.527576720322,22.8510394565,17.494140542,22.7264233441,18.3846997721,True,10,0,0,0,0,0,1,,,1300SMILES Stadium,0,-1.98611111111,9.07347905926,0,0,,,,,,,
20181110660,2018,6,Canberra Raiders,Parramatta Eels,1,18,2,0.603831128678,0.592195363163,0.603323750662,0.591688828511,24.0079448916,17.9276260964,24.10638465,16.796925813,True,4.5,0,0,0,0,0,1,,,GIO Stadium,2,2.84722222222,19.2000714462,0,0,,,,,,,
20181110670,2018,6,Penrith Panthers,Gold Coast Titans,1,35,12,0.642756839816,0.651760504789,0.642077979299,0.650960374445,23.6400090928,16.2936018027,23.5304904204,16.6602054366,True,7.5,0,0,0,0,0,1,,,BlueBet Stadium,2,-0.0902777777778,45.2579085003,0,0,,,,,,,
20181110680,2018,6,Manly-Warringah Sea Eagles,Wests Tigers,0,12,38,0.570801457255,0.534998426376,0.570449971318,0.534802324729,20.8486578907,17.5872434954,20.6885463512,18.3914443073,True,4.5,0,0,0,0,0,1,,,4 Pines Park,-4,-0.875,8.0619263822,0,0,,,,,,,
20181110710,2018,7,Canterbury-Bankstown Bulldogs,Sydney Roosters,0,0,6,0.437401153623,0.437732797373,0.437712837454,0.438079225059,19.1048665317,20.7648353284,18.7428031355,20.1681922434,True,-4.5,0,0,0,0,0,1,,,Accor Stadium,-2,-1.90277777778,-33.541504146,0,0,,,,,,,
20181110720,2018,7,New Zealand Warriors,St. George Illawarra Dragons,1,20,12,0.460833305039,0.455864483007,0.461029567868,0.456111305612,18.8234375042,21.9869777168,18.7042467482,21.170994687,True,-6,0,0,0,0,0,1,,,Go Media Stadium,-2,-0.878472222222,-17.6914349836,0,0,,,,,,,
20181110730,2018,7,Brisbane Broncos,Melbourne Storm,0,20,34,0.418188772951,0.457051086353,0.418593067463,0.457291339195,18.5465411553,20.305738975,18.4864292743,21.03263169,True,-3.5,0,0,0,0,0,1,,,Suncorp Stadium,2,-0.958333333333,-42.0584737511,0,0,,,,,,,
20181110740,2018,7,South Sydney Rabbitohs,Canberra Raiders,1,42,22,0.673391188894,0.680414150745,0.672589998509,0.67948972568,23.1955888158,16.9848535288,23.4543340292,18.0073712796,True,4,0,0,0,0,0,1,,,Other,2,1.98958333333,2.44728756276,0,0,,,,,,,
20181110750,2018,7,Wests Tigers,Newcastle Knights,0,20,22,0.648876777739,0.655390848724,0.648172482957,0.654574259448,24.0548300024,14.9118777374,24.0766843857,15.8173934473,True,6,0,0,0,0,0,1,,,Other,4,-1.92361111111,26.3801264748,0,0,,,,,,,
20181110760,2018,7,North Queensland Cowboys,Gold Coast Titans,1,26,14,0.623656952205,0.616750179126,0.623060283986,0.616117806434,25.1985657778,20.2238569406,25.0168602593,18.9801498878,True,8,0,0,0,0,0,1,,,1300SMILES Stadium,-4,0.854166666667,14.0698197542,0,0,,,,,,,
20181110770,2018,7,Parramatta Eels,Manly-Warringah Sea Eagles,1,44,10,0.424556724324,0.408923825029,0.424930566043,0.409424492278,20.2138948973,22.9692023361,19.8159968238,22.9585084109,True,-1.5,0,0,0,0,0,1,,,Accor Stadium,-4,0.857638888889,-25.3073913584,-9.12558669106,0,,,,,,,
20181110780,2018,7,Cronulla-Sutherland Sharks,Penrith Panthers,1,26,22,0.443224298433,0.447200065418,0.44350751707,0.447494681005,19.0259555293,20.483336715,18.6831759698,20.5412765241,True,-2.5,0,0,0,0,0,1,,,Ocean Protect Stadium,-4,1.75347222222,-10.9208087088,-4.50582271455,0,,,,,,,
20181110810,2018,8,St. George Illawarra Dragons,Sydney Roosters,1,24,8,0.704055453608,0.707288434909,0.703146054401,0.706260614147,22.8828426833,15.8380083368,23.5062772413,17.1462107964,True,2.5,0,0,0,0,0,1,,,Allianz Stadium,2,-1.00694444444,27.9899106664,4.22886947904,0,,,,,,,
20181110820,2018,8,Melbourne Storm,New Zealand Warriors,1,50,10,0.68379000602,0.699023227847,0.6829503725,0.69802570207,22.6858390127,15.8239505688,22.4518531448,15.2115082457,True,7.5,0,0,0,0,0,1,,,AAMI Park,-2,0.00347222222222,32.9713143128,0.299443461595,0,,,,,,,
20181110830,2018,8,South Sydney Rabbitohs,Brisbane Broncos,0,20,24,0.730181200873,0.715881488978,0.729193210441,0.71482369783,24.586195537,16.1635804083,24.8552598354,16.3604296774,True,5.5,0,0,0,0,0,1,,,Accor Stadium,4,-0.795138888889,12.75867825,2.83767511925,0,,,,,,,
20181110840,2018,8,Manly-Warringah Sea Eagles,Newcastle Knights,0,12,18,0.554816951731,0.57429073839,0.554543343708,0.573879244192,23.6355095876,24.0316059017,23.4050993691,23.5378469382,True,6,0,0,0,0,0,1,,,4 Pines Park,-2,-0.854166666667,16.4576291024,1.62137513902,0,,,,,,,
20181110850,2018,8,Penrith Panthers,Canterbury-Bankstown Bulldogs,1,22,14,0.580682678401,0.555710179003,0.580283761767,0.555399587468,22.0685554523,16.4554047398,21.6163946735,16.8584747557,True,4,0,0,0,0,0,1,,,BlueBet Stadium,2,-2.84722222222,30.5679528121,4.52747565846,0,,,,,,,
20181110860,2018,8,Gold Coast Titans,Cronulla-Sutherland Sharks,0,9,10,0.445769782763,0.425218908724,0.446040508645,0.42563303697,20.0776238431,22.6689329059,20.040852983,22.1811102484,True,-2,0,0,0,0,0,1,,,Cbus Super Stadium,-2,0.857638888889,-24.6987482351,2.90552551195,0,,,,,,,
20181110870,2018,8,North Queensland Cowboys,Canberra Raiders,0,8,18,0.569221727944,0.561538088168,0.568877878853,0.561195633866,21.6092211852,19.9150054232,21.5806776183,19.5000680261,True,6.5,0,0,0,0,0,1,,,1300SMILES Stadium,-2,-0.190972222222,-21.1978049337,1.74962623032,0,,,,,,,
20181110880,2018,8,Parramatta Eels,Wests Tigers,1,24,22,0.496977496531,0.466117520739,0.496992703633,0.466307408349,19.6023497299,20.4843137447,19.7234230238,21.3945465101,True,-1.5,0,0,0,0,0,1,,,Accor Stadium,-4,-0.854166666667,-45.3235184443,-2.71443219006,0,,,,,,,
20181110910,2018,9,Brisbane Broncos,Canterbury-Bankstown Bulldogs,1,22,20,0.507764582464,0.515302660445,0.507725521861,0.515216691629,21.5325384644,17.9055605878,21.1761713455,18.4390537886,True,7.5,0,0,0,0,0,1,,,Suncorp Stadium,2,1.00347222222,6.4083654195,0,0,,,,,,,
20181110920,2018,9,Newcastle Knights,South Sydney Rabbitohs,0,18,36,0.399715563854,0.389693197628,0.40020659434,0.390293121183,18.9397231017,22.507482178,19.2145969958,22.3916712818,True,-4.5,0,0,0,0,0,1,,,McDonald Jones Stadium,0,-0.923611111111,-37.944999352,-0.781514136616,0,,,,,,,
20181110930,2018,9,Penrith Panthers,North Queensland Cowboys,0,20,26,0.541835762893,0.531682252259,0.541626246232,0.531504627329,22.5661247309,18.0472451094,22.446014858,18.0559713194,True,1.5,0,0,0,0,0,1,,,Carrington Park,6,0.986111111111,28.7307783907,1.35912532779,0,,,,,,,
20181110940,2018,9,Canberra Raiders,Gold Coast Titans,1,32,18,0.649384266983,0.633564461496,0.648677884103,0.632849595171,24.1043590315,19.0320148727,23.9415204045,18.5636336324,True,8.5,0,0,0,0,0,1,,,GIO Stadium,2,-0.0868055555556,28.3689362392,0.054335209719,0,,,,,,,
20181110950,2018,9,New Zealand Warriors,Wests Tigers,1,26,4,0.586138852691,0.557941030388,0.585714015396,0.557618221088,20.648785399,19.3530898227,20.9827699544,19.6055628696,True,5.5,0,0,0,0,0,1,,,Go Media Stadium,0,3.88194444444,-0.425865975695,0.121322076616,0,,,,,,,
20181110960,2018,9,Cronulla-Sutherland Sharks,Parramatta Eels,1,22,20,0.533594414268,0.567820963508,0.533425892158,0.567444370547,21.8519590854,19.0480710533,21.671931431,19.230952592,True,1.5,0,0,0,0,0,1,,,Ocean Protect Stadium,2,0.944444444444,12.0993746554,0.379802330676,0,,,,,,,
20181110970,2018,9,St. George Illawarra Dragons,Melbourne Storm,1,34,14,0.656256452009,0.644083678629,0.655522120937,0.643318974165,19.8824269353,19.6593895344,20.3892979777,19.2395281726,True,1.5,0,0,0,0,0,1,,,Other,2,0.118055555556,-11.5981858636,-1.79727343975,0,,,,,,,
20181110980,2018,9,Sydney Roosters,Manly-Warringah Sea Eagles,1,22,20,0.649553614501,0.621594812504,0.648846535559,0.620938336413,23.9892190944,17.0314711187,24.0890947132,18.2117847552,True,10.5,0,0,0,0,0,1,,,Allianz Stadium,2,2.07638888889,34.2069945768,-1.27904792525,0,,,,,,,
20181111010,2018,10,Wests Tigers,North Queensland Cowboys,1,20,12,0.567866818762,0.565369089726,0.567529530828,0.565005791772,22.5989977998,18.1278825211,22.2588337274,18.1949662394,True,1.5,0,0,0,0,0,1,,,Leichhardt Oval,0,-0.982638888889,25.4078009621,-1.84190716947,0,,,,,,,
20181111020,2018,10,Newcastle Knights,Penrith Panthers,0,18,29,0.477673774141,0.432192173522,0.477785958399,0.432568695346,20.449143581,22.6103850554,20.6566125109,21.6934261026,True,-1.5,0,0,0,0,0,1,,,McDonald Jones Stadium,0,0.0798611111111,-34.5072664156,-2.79956072629,0,,,,,,,
20181111030,2018,10,Canterbury-Bankstown Bulldogs,Parramatta Eels,1,20,12,0.522578998556,0.515553388434,0.522465547588,0.515466012843,21.5276591408,20.3459438887,21.3499292333,19.6324330005,True,-1.5,0,0,0,0,0,1,,,Accor Stadium,-2,1.98958333333,-3.74363819729,-1.96302797077,0,,,,,,,
20181111040,2018,10,New Zealand Warriors,Sydney Roosters,0,0,32,0.513579812013,0.514133251017,0.513511519695,0.514053844593,20.5648842947,19.6574207049,21.0384234746,18.809144737,True,-1.5,0,0,0,0,0,1,,,Go Media Stadium,0,0.861111111111,-6.44023195771,2.912228081,0,,,,,,,
20181111050,2018,10,Melbourne Storm,Gold Coast Titans,1,28,14,0.715807140697,0.695468784052,0.714860702102,0.69448471073,26.3717395569,17.8228527653,25.8500440184,16.8798045467,True,16.5,0,0,0,0,0,1,,,Suncorp Stadium,4,-0.958333333333,83.9286761038,4.72667739754,0,,,,,,,
20181111060,2018,10,Manly-Warringah Sea Eagles,Brisbane Broncos,1,38,24,0.46585309819,0.450671525107,0.466024374733,0.45094703155,20.5754782733,24.2887328634,20.7791975134,23.0938661793,True,-6,0,0,0,0,0,1,,,Suncorp Stadium,-6,-2.84722222222,-27.193861894,2.29782312947,0,,,,,,,
20181111070,2018,10,South Sydney Rabbitohs,St. George Illawarra Dragons,1,24,10,0.547186137719,0.551220147357,0.546950126228,0.550934221073,18.8376235828,21.2493641114,18.929692861,20.1700678343,True,-3.5,0,0,0,0,0,1,,,Accor Stadium,-2,1.83333333333,-20.424899264,-4.14870319886,0,,,,,,,
20181111080,2018,10,Canberra Raiders,Cronulla-Sutherland Sharks,0,16,24,0.568184247099,0.547122670315,0.567845421105,0.546859334008,21.5944498826,21.6134179732,21.8718148967,20.5981487116,True,5.5,0,0,0,0,0,1,,,GIO Stadium,2,0.190972222222,2.34622880166,2.50726585059,0,,,,,,,
20181111110,2018,11,Penrith Panthers,Wests Tigers,1,16,2,0.56279605945,0.586942257874,0.562483414495,0.586463352113,21.1143430944,18.6913424879,21.3613421233,17.9104903991,True,4.5,0,0,0,0,0,1,,,BlueBet Stadium,2,-0.923611111111,11.7180794278,0,0,,,,,,,
20181111120,2018,11,Parramatta Eels,New Zealand Warriors,0,14,24,0.506829343198,0.520338251745,0.506794986179,0.520224047767,20.8209154511,20.9158545538,20.7017588451,20.5095388354,True,2,0,0,0,0,0,1,,,Accor Stadium,0,0.878472222222,-16.1556461852,0,0,,,,,,,
20181111130,2018,11,Brisbane Broncos,Sydney Roosters,1,28,22,0.443505086798,0.445114400575,0.443786928809,0.445420469746,19.5610985244,22.5580220779,19.5612631204,21.3182623673,True,-4.5,0,0,0,0,0,1,,,Suncorp Stadium,0,-0.107638888889,-2.69132103799,0,0,,,,,,,
20181111140,2018,11,Gold Coast Titans,Newcastle Knights,1,33,26,0.443088611579,0.430960733216,0.443372495321,0.431343918678,21.2895898373,21.8154903959,20.8720078356,21.7879447692,True,2,0,0,0,0,0,1,,,Cbus Super Stadium,-4,-0.979166666667,-8.84611128371,0,0,,,,,,,
20181111150,2018,11,North Queensland Cowboys,South Sydney Rabbitohs,0,19,20,0.39398943997,0.410243370438,0.394506810395,0.410737106537,18.9602131322,24.6657548503,18.9936267114,23.6330784225,True,-2,0,0,0,0,0,1,,,1300SMILES Stadium,-4,2.75694444444,-28.357498603,0,0,,,,,,,
20181111160,2018,11,Melbourne Storm,Manly-Warringah Sea Eagles,0,4,24,0.64883323506,0.665368479983,0.648129119588,0.664507679604,23.2950962956,16.2671522301,22.5484194343,16.6901731169,True,6,0,0,0,0,0,1,,,AAMI Park,6,0.0868055555556,69.9050843305,0,0,,,,,,,
20181111170,2018,11,St. George Illawarra Dragons,Canberra Raiders,1,25,18,0.736713117263,0.728527091895,0.735707702084,0.727428202783,24.6184186977,16.2747195218,24.7629747977,16.7335494745,True,8.5,0,0,0,0,0,1,,,Other,0,0.0902777777778,40.8047037315,0,0,,,,,,,
20181111180,2018,11,Cronulla-Sutherland Sharks,Canterbury-Bankstown Bulldogs,1,22,16,0.578540392874,0.575419900766,0.578151707778,0.575002343446,22.1548336885,16.5373943517,22.0823917973,16.8766078095,True,7.5,0,0,0,0,0,1,,,Ocean Protect Stadium,4,-1.84375,9.76440631186,0,0,,,,,,,
20181111210,2018,12,Brisbane Broncos,Parramatta Eels,1,18,10,0.56473855275,0.571150388812,0.56441645163,0.570755801638,22.8935296928,19.4681628188,22.6970333982,18.5981821434,True,6,0,0,0,0,0,1,,,Suncorp Stadium,2,-0.0798611111111,2.05084038197,-0.923557893488,0.000230679990888,,,,,,,
20181111220,2018,12,Canberra Raiders,Manly-Warringah Sea Eagles,1,21,20,0.541672114834,0.525063153206,0.54146341013,0.524922497801,22.9311046936,22.4086264263,22.2098892436,20.4913794961,True,4,0,0,0,0,0,1,,,GIO Stadium,0,-0.767361111111,16.4344331888,-1.51531347115,0,,,,,,,
20181111230,2018,12,North Queensland Cowboys,Melbourne Storm,0,6,7,0.419845933993,0.417900522564,0.420242328746,0.418353763657,18.5357468384,20.721243919,18.850119041,20.0317108128,True,-1.5,0,0,0,0,0,1,,,1300SMILES Stadium,-2,0.0868055555556,-55.0130014932,-4.44582291821,0,,,,,,,
20181111240,2018,12,Sydney Roosters,Gold Coast Titans,1,34,14,0.62461699096,0.62185942963,0.624016096256,0.621201644534,24.9723593195,18.2578025818,24.6257997122,17.7223093444,True,11.5,0,0,0,0,0,1,,,Other,4,0.795138888889,46.2367371234,1.87507886063,0,,,,,,,
20181111250,2018,12,New Zealand Warriors,South Sydney Rabbitohs,0,10,30,0.431884365803,0.414660413489,0.432222859389,0.415130845806,18.9655493705,23.7512120519,19.0343000408,22.7924262564,True,-2,0,0,0,0,0,1,,,Go Media Stadium,-2,0.979166666667,-33.865767058,-2.76127003075,0,,,,,,,
20181111260,2018,12,Penrith Panthers,St. George Illawarra Dragons,1,28,2,0.4573359167,0.471726649937,0.457549541771,0.471885249053,18.5090505961,19.8361528928,18.2876367275,20.8425721927,True,-1.5,0,0,0,0,0,1,,,BlueBet Stadium,0,2.75694444444,-23.7280910859,-2.8465890726,0.019162322065,,,,,,,
20181111270,2018,12,Newcastle Knights,Cronulla-Sutherland Sharks,0,10,48,0.461971167736,0.438525757329,0.462161773367,0.438867863557,19.9988797314,24.881611969,19.9861783542,25.1551175981,True,-4,0,0,0,0,0,1,,,McDonald Jones Stadium,-6,1.04861111111,-27.2607780447,-1.43309736636,0,,,,,,,
20181111280,2018,12,Wests Tigers,Canterbury-Bankstown Bulldogs,1,14,10,0.572733930732,0.567753686986,0.572373122184,0.567377458339,21.6364623138,17.5478808622,21.905403417,17.9110696357,True,4,0,0,0,0,0,1,,,Accor Stadium,0,2.84722222222,9.01391362896,2.28854727706,0,,,,,,,
20181111310,2018,13,Manly-Warringah Sea Eagles,North Queensland Cowboys,0,12,26,0.588242307581,0.563917995327,0.587807532498,0.563562582559,22.7701426632,18.7786052802,22.9272417478,18.8178386518,True,3.5,0,0,0,0,0,1,,,4 Pines Park,2,0.0798611111111,6.90690573129,1.60067960869,0,,,,,,,
20181111320,2018,13,South Sydney Rabbitohs,Cronulla-Sutherland Sharks,1,22,14,0.570645293912,0.592021714373,0.570294562279,0.591516089396,21.8357863057,18.618995972,21.7242891831,17.2699687256,True,-3.5,0,0,0,0,0,1,,,Accor Stadium,-2,0.770833333333,19.791829156,2.46261042666,0,,,,,,,
20181111330,2018,13,Parramatta Eels,Newcastle Knights,0,4,30,0.584666198879,0.594282499677,0.584248337693,0.593765051376,23.9271099757,19.9524630383,23.4264233602,20.7717332641,True,6,0,0,0,0,0,1,,,Accor Stadium,0,2.75694444444,12.0116266841,0.812214242138,0,,,,,,,
20181111340,2018,13,Sydney Roosters,Wests Tigers,1,16,14,0.590370415942,0.610752668528,0.589925619034,0.610150485657,21.5919644295,15.2588679508,21.5172190176,16.0205972942,True,-1.5,0,0,0,0,0,1,,,Allianz Stadium,2,1.04861111111,14.9548290796,1.52437068626,0,,,,,,,
20181111410,2018,14,Canberra Raiders,Penrith Panthers,0,22,23,0.443410260194,0.433359651487,0.443692567154,0.433729847211,19.0294431998,20.8972696286,18.8162735019,20.4795031278,True,-1.5,0,0,0,0,0,1,,,GIO Stadium,-2,1.06597222222,-16.7550375311,0,0,,,,,,,
20181111420,2018,14,Gold Coast Titans,South Sydney Rabbitohs,0,16,18,0.391350618141,0.398428988471,0.391880031575,0.398984248242,19.3908555044,26.0353460598,19.1969888658,24.5004004799,True,-4.5,0,0,0,0,0,1,,,Cbus Super Stadium,-8,6.20486111111,-56.758916895,0,0,,,,,,,
20181111430,2018,14,Manly-Warringah Sea Eagles,New Zealand Warriors,0,14,34,0.502327442231,0.504448551265,0.502315732071,0.50442354557,21.3484363864,20.9004015724,21.5313389813,20.9969620636,True,-2,0,0,0,0,0,1,,,Other,0,-5.01388888889,0.742809869635,0,0,,,,,,,
20181111440,2018,14,Newcastle Knights,Sydney Roosters,0,16,18,0.455382407264,0.455673266629,0.455605712214,0.455921147408,20.161562481,21.3498054467,20.0470864845,20.0913680416,True,-8.5,0,0,0,0,0,1,,,McDonald Jones Stadium,-6,0.857638888889,-57.6184805974,0,0,,,,,,,
20181111450,2018,14,Parramatta Eels,North Queensland Cowboys,1,20,14,0.420415107474,0.390149870417,0.420808784802,0.390747477798,20.0234594676,20.5400235746,19.6556286877,21.3364572351,True,-6,0,0,0,0,0,1,,,TIO Stadium,-4,-1.98958333333,-11.8682066002,0,0,,,,,,,
20181111460,2018,14,Cronulla-Sutherland Sharks,Wests Tigers,1,24,16,0.557947138246,0.548076689737,0.557658180302,0.547808087215,21.9174246035,16.5724893274,22.1066949901,17.6072854268,True,6,0,0,0,0,0,1,,,Ocean Protect Stadium,4,1.84375,20.364099973,0,0,,,,,,,
20181111470,2018,14,Melbourne Storm,Brisbane Broncos,1,32,16,0.657371093515,0.67825853239,0.656632288137,0.677342986225,23.4343351115,16.1277049433,23.5054327313,17.0626844659,True,4.5,0,0,0,0,0,1,,,AAMI Park,-2,-1.00347222222,32.4666927663,0,0,,,,,,,
20181111480,2018,14,Canterbury-Bankstown Bulldogs,St. George Illawarra Dragons,0,16,18,0.392573617418,0.395376123866,0.393097457019,0.395947076329,18.3232188912,21.8050455568,18.0628809985,21.7615637328,True,-8,0,0,0,0,0,1,,,Accor Stadium,-4,-0.857638888889,-44.2381548058,0,0,,,,,,,
20181111510,2018,15,Parramatta Eels,South Sydney Rabbitohs,0,24,42,0.387332132344,0.390348643437,0.38787976472,0.390945242012,18.6266725364,26.2160723381,18.3046093533,25.7082978637,True,-10.5,0,0,0,0,0,1,,,Accor Stadium,-8,-0.965277777778,-64.052593726,0,0,,,,,,,
20181111520,2018,15,North Queensland Cowboys,New Zealand Warriors,0,16,23,0.451261845401,0.465898099362,0.45150552265,0.4660892091,20.3133043329,20.6374957964,20.1466168229,20.7266404548,True,-2,0,0,0,0,0,1,,,1300SMILES Stadium,-4,-0.0868055555556,9.91800656406,0,0,,,,,,,
20181111530,2018,15,Sydney Roosters,Penrith Panthers,1,32,6,0.603812748592,0.560598059049,0.60330545502,0.560260731878,20.3082288796,18.0887087261,20.5992197937,17.5038156306,True,2.5,0,0,0,0,0,1,,,Allianz Stadium,0,-0.979166666667,-15.1731681865,0,0,,,,,,,
20181111540,2018,15,Canterbury-Bankstown Bulldogs,Gold Coast Titans,0,10,32,0.651229110592,0.647281381071,0.650515164686,0.646501819887,24.7501655003,18.2844852912,25.0359256997,20.1750182925,True,4.5,0,0,0,0,0,1,,,Belmore Sports Ground,0,-2.83680555556,21.2387938985,0,0,,,,,,,
20181111550,2018,15,St. George Illawarra Dragons,Manly-Warringah Sea Eagles,1,32,8,0.741481044688,0.692296062397,0.740463515465,0.691324205551,24.7965940752,17.4104321486,24.9757632727,16.5768371678,True,12,0,0,0,0,0,1,,,WIN Stadium,2,-1.95833333333,31.040428093,0,0,,,,,,,
20181111560,2018,15,Cronulla-Sutherland Sharks,Brisbane Broncos,0,16,20,0.655598933243,0.657944071589,0.654867249343,0.657116023721,22.6740053149,17.2893371072,22.8522048957,17.7659399686,True,4.5,0,0,0,0,0,1,,,Ocean Protect Stadium,2,0.0902777777778,18.3398645004,0,0,,,,,,,
20181111570,2018,15,Newcastle Knights,Melbourne Storm,0,10,28,0.379049471544,0.393579260222,0.379634174061,0.394159407391,18.7465397969,24.9610356281,18.4970134581,23.923536702,True,-10.5,0,0,0,0,0,1,,,McDonald Jones Stadium,-4,0.944444444444,-52.3814592706,0,0,,,,,,,
20181111580,2018,15,Wests Tigers,Canberra Raiders,0,12,48,0.568185052681,0.572894669762,0.567846222783,0.572490683704,20.7464529578,19.6561047913,20.8464260751,19.9908753594,True,-1.5,0,0,0,0,0,1,,,Campbelltown Sports Stadium,0,-1.83333333333,-1.50226704579,0,0,,,,,,,
20181111610,2018,16,St. George Illawarra Dragons,Parramatta Eels,1,20,18,0.666005672862,0.660830329307,0.665232786115,0.659989447163,25.6739234479,14.7048651812,25.8301583276,13.9104428446,True,9.5,0,0,0,0,0,1,,,WIN Stadium,4,-1.90277777778,46.5167113849,0,0,,,,,,,
20181111620,2018,16,New Zealand Warriors,Cronulla-Sutherland Sharks,0,15,18,0.481269411271,0.480856815317,0.481363565108,0.480964322152,19.7671005067,20.4019853405,19.6467742199,20.0241956623,True,2,0,0,0,0,0,1,,,Go Media Stadium,0,1.06597222222,-17.2551972585,0,0,,,,,,,
20181111630,2018,16,Sydney Roosters,Melbourne Storm,0,8,9,0.489828151955,0.510159385161,0.489879316729,0.51010229097,19.454010729,17.9166596166,19.2575130317,17.4668621569,True,-2.5,0,0,0,0,0,1,,,Other,0,1.75347222222,-17.1313446484,0,0,,,,,,,
20181111640,2018,16,Penrith Panthers,Manly-Warringah Sea Eagles,0,10,18,0.635499489121,0.624764115257,0.634851375007,0.624092013873,23.9828833119,17.9553462115,24.0397473474,18.953853456,True,8,0,0,0,0,0,1,,,BlueBet Stadium,6,0.899305555556,45.5538238172,0,0,,,,,,,
20181111650,2018,16,Newcastle Knights,Canterbury-Bankstown Bulldogs,0,16,36,0.465393691132,0.466925460831,0.46556725742,0.467110847146,21.2202954856,19.4119379888,20.8294812443,21.2194676197,True,6,0,0,0,0,0,1,,,McDonald Jones Stadium,0,-0.958333333333,-16.5145559079,0,0,,,,,,,
20181111660,2018,16,Brisbane Broncos,Canberra Raiders,1,26,22,0.51803421199,0.49966806092,0.517943552508,0.499669926876,20.4475027094,22.7478193793,20.6500823399,23.1639938985,True,2,0,0,0,0,0,1,,,Suncorp Stadium,2,0.857638888889,-8.91579530131,0,0,,,,,,,
20181111670,2018,16,Wests Tigers,Gold Coast Titans,0,12,30,0.597726960204,0.594372473364,0.59724778226,0.593854555428,23.010102561,22.2942386699,23.1272900138,21.2849778576,True,6.5,0,0,0,0,0,1,,,Leichhardt Oval,-2,-1.04861111111,23.278973213,0,0,,,,,,,
20181111680,2018,16,South Sydney Rabbitohs,North Queensland Cowboys,1,21,20,0.713908548457,0.659595154656,0.712967913138,0.658759749334,25.9495491328,14.2653778338,25.9673287036,14.5325624825,True,10,0,0,0,0,0,1,,,Other,8,0.923611111111,31.7571975342,0,0,,,,,,,
20181111710,2018,17,Melbourne Storm,St. George Illawarra Dragons,1,52,30,0.618946237412,0.623298339634,0.618370443949,0.622633450494,21.1983308666,14.0842827717,20.7914038533,14.7218096404,True,4,0,0,0,0,0,1,,,AAMI Park,0,-0.982638888889,5.10712590461,0,0,,,,,,,
20181111720,2018,17,Penrith Panthers,New Zealand Warriors,1,36,4,0.539247795305,0.54434977086,0.539051129417,0.544101762604,21.382110482,20.462583158,21.1053665441,19.6025204729,True,-6,0,0,0,0,0,1,,,BlueBet Stadium,0,-0.791666666667,12.111847107,0,0,,,,,,,
20181111730,2018,17,Canterbury-Bankstown Bulldogs,Canberra Raiders,0,28,32,0.542884539698,0.497086375183,0.542669821573,0.497102753412,20.749868735,24.4050128278,20.6191072558,23.5872647076,True,-6.5,0,0,0,0,0,1,,,Belmore Sports Ground,-2,0.0868055555556,-37.6307899862,0,0,,,,,,,
20181111740,2018,17,Gold Coast Titans,Brisbane Broncos,0,0,34,0.450245414031,0.467405324521,0.450494106563,0.467588036443,20.7484034442,20.8908227707,20.1078840397,22.3604831236,True,-2.5,0,0,0,0,0,1,,,Cbus Super Stadium,-2,-0.767361111111,-12.2709613311,0,0,,,,,,,
20181111810,2018,18,Penrith Panthers,Cronulla-Sutherland Sharks,0,12,24,0.562319724883,0.53968285165,0.562009401696,0.539460709265,19.8773791203,18.6272576484,19.7639591393,18.3741645724,True,-4.5,0,0,0,0,0,1,,,BlueBet Stadium,0,-6.99652777778,-5.5524332884,0,0,,,,,,,
20181111820,2018,18,Newcastle Knights,Parramatta Eels,1,18,16,0.515883688308,0.532396015707,0.515803824252,0.532214411159,22.6746623108,24.0649359276,22.8008056118,22.4249666855,True,-1.5,0,0,0,0,0,1,,,McDonald Jones Stadium,0,-1.90277777778,1.88626264962,0,0,,,,,,,
20181111830,2018,18,Canterbury-Bankstown Bulldogs,South Sydney Rabbitohs,0,6,24,0.385891255577,0.423035590581,0.386445384188,0.423461427122,18.5249287593,25.1825847252,18.3265607705,23.7654109814,True,-10.5,0,0,0,0,0,1,,,Accor Stadium,-8,-6.14236111111,-41.2116727652,0,0,,,,,,,
20181111840,2018,18,Manly-Warringah Sea Eagles,Melbourne Storm,0,13,14,0.385338382117,0.381877176607,0.385894998178,0.382516404863,18.443113973,29.4262530348,18.0981764961,30.7566305321,True,-1.5,0,0,0,0,0,1,,,4 Pines Park,-8,5.20138888889,-55.9392567545,0,0,,,,,,,
20181111850,2018,18,Canberra Raiders,North Queensland Cowboys,1,38,12,0.580395075954,0.555064149547,0.579997531175,0.554757100841,23.0947592521,20.3255544038,22.9994230475,19.6798357688,True,4.5,0,0,0,0,0,1,,,GIO Stadium,4,-6.14236111111,22.163117302,0,0,,,,,,,
20181111860,2018,18,Brisbane Broncos,New Zealand Warriors,0,6,26,0.636345148414,0.661487536367,0.635693419984,0.660643749735,22.9395840005,17.3563957375,23.2305822261,17.4229001748,True,4.5,0,0,0,0,0,1,,,Suncorp Stadium,4,-1.84375,-0.860877637612,0,0,,,,,,,
20181111870,2018,18,St. George Illawarra Dragons,Wests Tigers,0,16,20,0.666373605515,0.678589784326,0.665599289843,0.677672868445,25.0491670259,17.530846795,24.7330878943,18.2787584042,True,8,0,0,0,0,0,1,,,Other,4,-4.24305555556,39.9090851945,0,0,,,,,,,
20181111880,2018,18,Gold Coast Titans,Sydney Roosters,0,12,20,0.461552193289,0.453172266075,0.461744882433,0.453433973542,19.7043955183,21.740700964,19.8322006905,21.2987682878,True,-1.5,0,0,0,0,0,1,,,Cbus Super Stadium,-4,-8.86458333333,-30.9160894088,0,0,,,,,,,
20181111910,2018,19,Parramatta Eels,Canterbury-Bankstown Bulldogs,1,14,8,0.518618104973,0.500380582281,0.518524515521,0.500378442884,20.988866056,20.7267859018,21.3780917152,20.3445521618,True,3.5,0,0,0,0,0,1,,,Accor Stadium,0,0.795138888889,-13.3407718273,0,0,,,,,,,
20181111920,2018,19,Cronulla-Sutherland Sharks,Canberra Raiders,1,28,24,0.670274473736,0.682043523294,0.669485129374,0.681112441459,22.0119886354,19.3652630725,22.0709265093,19.0264489622,True,6.5,0,0,0,0,0,1,,,Ocean Protect Stadium,0,1.06597222222,-0.516499608618,0,0,,,,,,,
20181111930,2018,19,Brisbane Broncos,Penrith Panthers,1,50,18,0.56557836702,0.552971209738,0.565252183715,0.552675652791,20.7280157906,18.7707546802,21.0308792357,19.6241923825,True,2,0,0,0,0,0,1,leadership_change,,Suncorp Stadium,2,-1.83333333333,-4.66266328191,0,0,16,leadership-panthers-2018-griffin-ciraldo,effective,-3,away,panthers,1
20181111940,2018,19,Newcastle Knights,Gold Coast Titans,1,30,24,0.492821999033,0.490412975231,0.49285810961,0.490466854455,21.7260047822,22.7184917551,21.5176946227,22.196717575,True,1.5,0,0,0,0,0,1,,,McDonald Jones Stadium,0,1.94097222222,-14.6517273968,0,0,,,,,,,
20181111950,2018,19,Wests Tigers,South Sydney Rabbitohs,1,22,6,0.349389231605,0.377727409785,0.35010064745,0.378387237111,18.2113046705,26.1306815955,17.8201614382,25.5526435065,True,-9.5,0,0,0,0,0,1,,,Accor Stadium,-8,-1.04861111111,-52.3040247284,0,0,,,,,,,
20181111960,2018,19,North Queensland Cowboys,St. George Illawarra Dragons,0,10,24,0.394742412027,0.401273140424,0.395256334821,0.401813702111,18.7755033611,21.9573775356,18.7181950939,21.7823393062,True,-4,0,0,0,0,0,1,,,1300SMILES Stadium,-4,0.857638888889,-17.3181685368,0,0,,,,,,,
20181111970,2018,19,New Zealand Warriors,Melbourne Storm,0,6,12,0.413137197315,0.422166842949,0.413565458465,0.422597329054,18.3804188433,22.7664362458,18.3357225705,22.5891384979,True,-4.5,0,0,0,0,0,1,,,Go Media Stadium,-4,-0.854166666667,-50.908824221,0,0,,,,,,,
20181111980,2018,19,Manly-Warringah Sea Eagles,Sydney Roosters,0,24,56,0.394254680063,0.400206708679,0.394770836598,0.400752790196,18.7383021154,22.7858593359,18.5840234976,22.3170570562,True,-5.5,0,0,0,0,0,1,,,4 Pines Park,-6,1.04166666667,-40.8791894503,0,0,,,,,,,
20181112010,2018,20,Brisbane Broncos,Cronulla-Sutherland Sharks,1,12,10,0.508424769867,0.509436735188,0.508382389316,0.509383700193,20.4438986862,20.7680196981,20.4177950103,20.5026765505,True,3.5,0,0,0,0,0,1,,,Suncorp Stadium,0,-0.0798611111111,-15.6463012958,0,0,,,,,,,
20181112020,2018,20,North Queensland Cowboys,Newcastle Knights,1,20,18,0.477483992103,0.469814375512,0.477597127419,0.469983651285,24.860867025,19.4332020662,24.2984848258,19.3983692057,True,4.5,0,0,0,0,0,1,,,1300SMILES Stadium,-4,-0.190972222222,20.5596226047,0,0,,,,,,,
20181112030,2018,20,Canterbury-Bankstown Bulldogs,Wests Tigers,1,16,4,0.479210457004,0.48490487427,0.479314938132,0.484989678592,21.4253436634,20.4708261186,21.0409610012,21.2740551086,True,-6.5,0,0,0,0,0,1,,,Accor Stadium,-2,1.90277777778,4.80328987154,0,0,,,,,,,
20181112040,2018,20,Manly-Warringah Sea Eagles,Penrith Panthers,0,24,28,0.441799842762,0.416343903674,0.442090039504,0.416805413777,19.8658374165,24.8880459637,19.7853173153,23.6180144971,True,-4.5,0,0,0,0,0,1,leadership_change,,4 Pines Park,0,-1.84375,-25.7960771587,0,0,16,leadership-panthers-2018-griffin-ciraldo,effective,-2,away,panthers,1
20181112050,2018,20,South Sydney Rabbitohs,Parramatta Eels,1,26,20,0.751166727775,0.718888824738,0.750126228482,0.717820927647,27.4558577586,16.0068921818,27.2882248676,15.5276359063,True,12.5,0,0,0,0,0,1,,,Accor Stadium,4,-1.90277777778,56.5550105716,0,0,,,,,,,
20181112060,2018,20,Melbourne Storm,Canberra Raiders,1,44,10,0.74121372101,0.73486302787,0.740196857177,0.733744970472,24.0786202688,16.4084858524,24.5840522129,15.701104656,True,10,0,0,0,0,0,1,,,AAMI Park,4,-1.91666666667,11.8735399303,0,0,,,,,,,
20181112070,2018,20,Gold Coast Titans,New Zealand Warriors,1,36,12,0.453026154128,0.440785924111,0.453261116346,0.441115693968,21.0434368778,22.8517866272,20.8677758169,22.6297249446,True,-3.5,0,0,0,0,0,1,,,Cbus Super Stadium,0,1.04166666667,-21.0059041605,0,0,,,,,,,
20181112080,2018,20,Sydney Roosters,St. George Illawarra Dragons,1,36,18,0.645166509578,0.648351891561,0.6444775793,0.647567388482,21.6695721262,17.1554835654,21.1873668134,15.3955250742,True,4,0,0,0,0,0,1,,,Allianz Stadium,2,-0.857638888889,16.3546858877,0,0,,,,,,,
20181112110,2018,21,Canterbury-Bankstown Bulldogs,Brisbane Broncos,1,36,22,0.449676040832,0.457313548785,0.449927540968,0.457552347736,19.5129559846,21.1686268131,19.4371763894,22.4172486367,True,-8.5,0,0,0,0,0,1,,,Accor Stadium,-4,-1.00347222222,-37.4504103227,0,0,,,,,,,
20181112120,2018,21,Newcastle Knights,Wests Tigers,0,16,25,0.547915271052,0.535362584535,0.547675657053,0.535164455949,20.7929338631,19.1845145686,20.6689357289,19.674457212,True,-1.5,0,0,0,0,0,1,,,McDonald Jones Stadium,0,0.0798611111111,-21.8363418709,0,0,,,,,,,
20181112130,2018,21,South Sydney Rabbitohs,Melbourne Storm,1,30,20,0.537250234406,0.529464688865,0.537063502071,0.529299437112,18.7394150647,20.1770071252,18.7331454654,19.4338856635,True,-2,0,0,0,0,0,1,,,Accor Stadium,-2,0.0868055555556,-15.6882115838,0,0,,,,,,,
20181112140,2018,21,St. George Illawarra Dragons,New Zealand Warriors,0,12,18,0.679302634671,0.658000088169,0.678479382241,0.657171790004,24.1980052036,18.3945924461,24.45575541,18.1667614624,True,7.5,0,0,0,0,0,1,,,WIN Stadium,2,-0.0902777777778,10.3061486853,0,0,,,,,,,
20181112150,2018,21,Parramatta Eels,Gold Coast Titans,1,28,12,0.520320213525,0.488197576567,0.520218085862,0.488263898051,23.7868344599,21.9070663207,23.9489945892,22.7541953411,True,2.5,0,0,0,0,0,1,,,Accor Stadium,-2,0.854166666667,1.37278282272,0,0,,,,,,,
20181112160,2018,21,Sydney Roosters,North Queensland Cowboys,1,26,20,0.761457233293,0.739569789628,0.7603948559,0.738438137546,28.2044422037,13.6247754233,28.2321161056,13.3879579015,True,12,0,0,0,0,0,1,,,Allianz Stadium,6,-1.92361111111,52.0551432238,0,0,,,,,,,
20181112170,2018,21,Cronulla-Sutherland Sharks,Manly-Warringah Sea Eagles,0,32,33,0.71042942274,0.690850273254,0.709499604958,0.689884047546,27.2921296315,16.4418396675,27.6584023991,17.2939235073,True,9.5,0,0,0,0,0,1,,,Ocean Protect Stadium,4,1.79861111111,43.8663358022,0,0,,,,,,,
20181112180,2018,21,Penrith Panthers,Canberra Raiders,1,40,31,0.655141095886,0.621543189045,0.654411258645,0.620886968417,22.3450411154,25.5799640367,23.4192935771,23.9455667955,True,7.5,0,0,0,0,0,1,leadership_change,,BlueBet Stadium,0,0.190972222222,-21.9369331087,0,0,16,leadership-panthers-2018-griffin-ciraldo,effective,-1,home,panthers,1
20181112210,2018,22,North Queensland Cowboys,Brisbane Broncos,1,34,30,0.42583741455,0.408506960066,0.426205101071,0.409009813975,19.9588259302,22.8911913657,19.814884047,23.2773943314,True,-1.5,0,0,0,0,0,1,,,1300SMILES Stadium,-4,-1.98958333333,-37.9562821666,0,0,,,,,,,
20181112220,2018,22,New Zealand Warriors,Newcastle Knights,1,20,4,0.626539793051,0.632131606667,0.625930462295,0.631423638959,26.8357574431,18.4481609983,25.75651812,17.8553371204,True,8.5,0,0,0,0,0,1,,,Go Media Stadium,0,-0.875,18.07223841,0,0,,,,,,,
20181112230,2018,22,South Sydney Rabbitohs,Sydney Roosters,0,14,18,0.54904294269,0.575352617667,0.548797761125,0.574935421386,19.608983789,20.862226387,19.5145599605,18.7288902371,True,-1.5,0,0,0,0,0,1,,,Accor Stadium,0,0.986111111111,-22.6224554558,0,0,,,,,,,
20181112240,2018,22,Gold Coast Titans,Penrith Panthers,0,16,17,0.427072233422,0.40753360891,0.427433975866,0.408041562859,19.8718349553,24.6163196211,19.926802414,25.4655129027,True,-7.5,0,1,1,1,1,1,leadership_change,0,Cbus Super Stadium,-4,0.944444444444,-10.4834310878,0,0,16,leadership-panthers-2018-griffin-ciraldo,effective,0,away,panthers,1
20181112250,2018,22,Manly-Warringah Sea Eagles,Canterbury-Bankstown Bulldogs,1,18,6,0.541588498841,0.49733377561,0.54138020904,0.497348763192,21.5756876304,23.0126003569,22.290942846,22.2388888824,True,6,0,0,0,0,0,1,,,4 Pines Park,0,-2.75694444444,-9.53167106062,0,0,,,,,,,
20181112260,2018,22,Parramatta Eels,St. George Illawarra Dragons,1,40,4,0.372783656448,0.385852094083,0.373395946217,0.386471414181,18.8281276238,22.3298424954,18.5208707577,22.4414427123,True,-4.5,0,0,0,0,0,1,,,Accor Stadium,2,-0.104166666667,-27.0391019897,0,0,,,,,,,
20181112270,2018,22,Canberra Raiders,Wests Tigers,0,20,22,0.523786376708,0.528618581359,0.523666876866,0.528458054037,22.7392963195,20.9620555,22.2309109672,20.6559514898,True,4,0,0,0,0,0,1,,,GIO Stadium,-2,-1.92361111111,22.4797196235,0,0,,,,,,,
20181112280,2018,22,Melbourne Storm,Cronulla-Sutherland Sharks,0,14,17,0.716450788904,0.671974660188,0.715502399138,0.671085455598,23.3439348674,15.5991954247,22.995572085,15.9073003539,True,6.5,0,0,0,0,0,1,,,AAMI Park,2,1.75347222222,27.1644265216,0,0,,,,,,,
20181112310,2018,23,Brisbane Broncos,South Sydney Rabbitohs,1,38,18,0.448319830696,0.461742501173,0.44857801305,0.461956727845,19.9404549443,24.3607563599,19.6779197934,23.477301594,True,-1.5,0,0,0,0,0,1,,,Suncorp Stadium,-2,1.00347222222,-13.6745064144,0,0,,,,,,,
20181112320,2018,23,Manly-Warringah Sea Eagles,Gold Coast Titans,0,34,42,0.633449674237,0.641065246669,0.63281035469,0.640314694016,26.4687869852,20.1022941879,26.6469607429,20.0690891898,True,6.5,0,0,0,0,0,1,,,4 Pines Park,2,-0.104166666667,1.61222964961,0,0,,,,,,,
20181112330,2018,23,Melbourne Storm,Parramatta Eels,1,20,4,0.747432152955,0.713209449215,0.746400244715,0.712160805839,25.9773516911,15.220694605,26.6223331722,15.6711238239,True,12.5,0,0,0,0,0,1,,,AAMI Park,0,-0.857638888889,53.6822402001,0,0,,,,,,,
20181112340,2018,23,Penrith Panthers,Newcastle Knights,0,12,20,0.648682359625,0.658991248826,0.647978865654,0.658158529773,27.0575483836,16.9907046009,26.9048737309,17.421200267,True,10.5,1,0,1,1,1,1,leadership_change,1,BlueBet Stadium,2,-0.791666666667,36.041978715,0,0,16,leadership-panthers-2018-griffin-ciraldo,effective,1,home,panthers,1
20181112350,2018,23,Wests Tigers,St. George Illawarra Dragons,0,10,20,0.550128351009,0.572104474439,0.549877815277,0.571704743812,20.5759312801,18.4280849436,20.5068318607,18.5023905106,True,2.5,0,0,0,0,0,1,,,Leichhardt Oval,6,-0.767361111111,-13.2343030284,0,0,,,,,,,
20181112360,2018,23,Cronulla-Sutherland Sharks,North Queensland Cowboys,1,28,16,0.758618730183,0.750048162272,0.757562118809,0.748888305217,28.6305230523,15.5811071447,28.8827171514,15.0989456181,True,9.5,0,0,0,0,0,1,,,Ocean Protect Stadium,2,-2.84722222222,30.4970769462,0,0,,,,,,,
20181112370,2018,23,Canterbury-Bankstown Bulldogs,New Zealand Warriors,1,27,26,0.444600371398,0.421393321936,0.444876840125,0.421827943467,20.8114335627,20.529465257,20.6183871127,21.0009181829,True,-6,0,0,0,0,0,1,,,Accor Stadium,-2,-0.895833333333,3.04999558739,0,0,,,,,,,
20181112380,2018,23,Canberra Raiders,Sydney Roosters,1,14,12,0.345037242699,0.356414879238,0.345766359869,0.357177254719,18.2962884956,28.5934093746,18.237318697,27.8430572449,True,-6,0,0,0,0,0,1,,,GIO Stadium,-8,-1.75347222222,-32.5677770348,0,0,,,,,,,
20181112410,2018,24,Wests Tigers,Manly-Warringah Sea Eagles,1,22,20,0.531908462892,0.565927975765,0.531748351137,0.565561644145,24.1537865069,20.0770841135,24.3323494016,19.2256374982,True,4.5,0,0,0,0,0,1,,,Campbelltown Sports Stadium,2,-0.979166666667,2.00336827546,0,0,,,,,,,
20181112420,2018,24,New Zealand Warriors,Penrith Panthers,1,36,16,0.561997872246,0.533061030435,0.561689118491,0.532875719398,21.6530952313,18.5698374801,21.4285981172,19.236455937,True,2.5,0,1,1,1,1,1,leadership_change,2,Go Media Stadium,-2,-0.958333333333,-4.86776289805,0,0,16,leadership-panthers-2018-griffin-ciraldo,effective,2,away,panthers,1
20181112430,2018,24,North Queensland Cowboys,Parramatta Eels,1,44,6,0.444665374483,0.465201743545,0.444941524147,0.465396730849,21.8181706791,20.6138064972,21.5376762732,19.6828379272,True,6,0,0,0,0,0,1,,,1300SMILES Stadium,-2,-0.986111111111,-14.7736065101,0,0,,,,,,,
20181112440,2018,24,Canberra Raiders,South Sydney Rabbitohs,1,24,12,0.360244436374,0.385546367906,0.360910656863,0.38616722522,19.1946840527,24.1943033716,18.6356341018,23.1271384382,True,-6,0,0,0,0,0,1,,,GIO Stadium,-2,-2.84722222222,-22.4378915019,0,0,,,,,,,
20181112450,2018,24,Gold Coast Titans,Melbourne Storm,0,8,10,0.348622615012,0.350352643545,0.349337166879,0.351143105386,18.3112816369,24.5627821385,17.7532870564,24.6390009529,True,-6.5,0,0,0,0,0,1,,,Cbus Super Stadium,-2,0.0798611111111,-53.7869306396,0,0,,,,,,,
20181112460,2018,24,Sydney Roosters,Brisbane Broncos,0,8,22,0.722003965099,0.72448466907,0.721039088028,0.723398514693,24.9893309195,16.4712600043,25.5219691479,16.0436855609,True,6,0,0,0,0,0,1,,,Allianz Stadium,2,-2.84722222222,30.5213179473,0,0,,,,,,,
20181112470,2018,24,Cronulla-Sutherland Sharks,Newcastle Knights,1,38,12,0.695631972713,0.704347249359,0.694750704461,0.703330048061,28.0368972661,16.4626676526,28.1104993437,15.7125128327,True,11.5,0,0,0,0,0,1,,,Ocean Protect Stadium,2,-0.190972222222,56.0683203435,0,0,,,,,,,
20181112480,2018,24,St. George Illawarra Dragons,Canterbury-Bankstown Bulldogs,0,0,38,0.612486967892,0.591624693857,0.611940152482,0.591121149659,22.5501337515,19.579397631,23.0026008757,18.5571493232,True,4.5,0,0,0,0,0,1,,,Other,-2,0.854166666667,-5.34041631598,0,0,,,,,,,
20181112510,2018,25,South Sydney Rabbitohs,Wests Tigers,1,51,10,0.719949046886,0.705580897004,0.718990197798,0.704559219528,25.5978555882,15.9901398728,25.6357542173,16.4005137759,True,10,0,0,0,0,0,1,,,Accor Stadium,-2,-1.79861111111,27.4369712531,0,0,,,,,,,
20181112520,2018,25,New Zealand Warriors,Canberra Raiders,1,20,16,0.620852853756,0.573940015458,0.620268584471,0.573530406245,24.9524433857,18.7125542907,25.2059179721,18.2158579379,True,4.5,0,0,0,0,0,1,,,Go Media Stadium,2,0.791666666667,-8.55630678675,0,0,,,,,,,
20181112530,2018,25,Melbourne Storm,Penrith Panthers,0,16,22,0.665584073375,0.674429673154,0.664812826365,0.673530097128,23.9510285797,13.3866637742,23.5474653474,14.0091884001,True,-2,0,0,0,0,0,1,leadership_change,,AAMI Park,0,-0.895833333333,45.2998063161,0,0,16,leadership-panthers-2018-griffin-ciraldo,effective,3,away,panthers,1
20181112540,2018,25,Newcastle Knights,St. George Illawarra Dragons,0,14,24,0.450440556178,0.45090453594,0.450688286156,0.451178757788,21.9539105495,21.0402447619,21.7300994558,20.4630359864,True,-2,0,0,0,0,0,1,,,McDonald Jones Stadium,0,0.0902777777778,-18.6853144363,0,0,,,,,,,
20181112550,2018,25,Gold Coast Titans,North Queensland Cowboys,0,26,30,0.446588808149,0.413581444495,0.446855508328,0.414057583621,22.2608776629,21.7293282143,22.4125430852,22.4140364146,True,-4.5,0,0,0,0,0,1,,,Cbus Super Stadium,-2,-0.899305555556,-0.069156808137,0,0,,,,,,,
20181112560,2018,25,Parramatta Eels,Sydney Roosters,0,10,44,0.368774088946,0.373186286477,0.369403814355,0.373868430803,18.515652198,24.3089973519,18.1488512945,25.0414657411,True,-14.5,0,0,0,0,0,1,,,Accor Stadium,-2,0.986111111111,-32.3909896066,0,0,,,,,,,
20181112570,2018,25,Canterbury-Bankstown Bulldogs,Cronulla-Sutherland Sharks,0,18,30,0.508713276042,0.517584299082,0.508669444743,0.51748553187,20.043585563,20.4041118509,19.3516769165,21.1810991645,True,-5.5,0,0,0,0,0,1,,,Accor Stadium,2,-0.0902777777778,-30.6831485231,0,0,,,,,,,
20181112580,2018,25,Brisbane Broncos,Manly-Warringah Sea Eagles,1,48,16,0.636484563391,0.647435065364,0.635832239894,0.646654793725,28.226467068,20.277816596,27.130922805,18.8569294674,True,14,0,0,0,0,0,1,,,Suncorp Stadium,2,-1.98958333333,32.0116471654,0,0,,,,,,,
20181112610,2018,26,Melbourne Storm,South Sydney Rabbitohs,1,29,28,0.651815658567,0.646996130265,0.651099317249,0.646217888619,22.0838197848,14.7270248827,21.5970020695,13.6207170848,True,1.5,0,0,0,0,0,1,,,AAMI Park,0,-1.00347222222,28.3673643847,0,0,,,,,,,
20181112620,2018,26,Penrith Panthers,New Zealand Warriors,1,27,12,0.453698853722,0.488929813908,0.453930489934,0.488992023479,20.8052683553,20.8960232705,20.7259205069,20.2289506537,True,1.5,0,0,0,0,0,1,,,Accor Stadium,-2,0.00347222222222,-18.4325841816,0,0,,,,,,,
20181112630,2018,26,Sydney Roosters,Cronulla-Sutherland Sharks,1,21,12,0.679570269558,0.671042721723,0.678746031146,0.670157480681,21.8147007531,15.9733444436,21.8686242916,15.8859913679,True,4,0,0,0,0,0,1,,,Allianz Stadium,-2,0.760416666667,-2.86109735125,0,0,,,,,,,
20181112640,2018,26,Brisbane Broncos,St. George Illawarra Dragons,0,18,48,0.642642089864,0.655329004255,0.641963710636,0.65451269374,25.4400472589,16.1076526913,24.4477508231,16.0977320254,True,10.5,0,0,0,0,0,1,,,Suncorp Stadium,2,-1.04861111111,51.5359919837,0,0,,,,,,,
20181112710,2018,27,Cronulla-Sutherland Sharks,Penrith Panthers,1,21,20,0.689061354394,0.687086555073,0.688202895871,0.686135173535,24.7429896104,17.8011283866,24.7891259094,16.0595427463,True,2,0,0,0,0,0,1,,,Allianz Stadium,2,-0.0902777777778,36.9567796484,0,0,,,,,,,
20181112720,2018,27,South Sydney Rabbitohs,St. George Illawarra Dragons,1,13,12,0.722613259689,0.726723021892,0.721646611989,0.725629768266,26.4098746762,17.8458260808,26.4043258003,16.1238979982,True,12,0,0,0,0,0,1,,,Accor Stadium,-4,1.84722222222,45.8792721746,0,0,,,,,,,
20181112810,2018,28,Melbourne Storm,Cronulla-Sutherland Sharks,1,22,6,0.621235358253,0.631797106505,0.620649392937,0.631090752951,22.0876558764,16.9146509304,22.1290681767,15.8492286587,True,8,0,0,0,0,0,1,,,AAMI Park,-2,7,-0.0808584469098,0,0,,,,,,,
20181112820,2018,28,Sydney Roosters,South Sydney Rabbitohs,1,12,4,0.719597015033,0.706651579972,0.718639207274,0.705626043309,23.0763901809,15.4754251777,23.343931519,14.9363246592,True,1.5,0,0,0,0,0,1,,,Allianz Stadium,2,7,12.4318730175,0,0,,,,,,,
20181112910,2018,29,Sydney Roosters,Melbourne Storm,1,21,6,0.638692537441,0.637232486827,0.638030819573,0.6365000784,21.2287396209,16.4107427623,21.104989976,16.2259558713,True,-2,0,0,0,0,0,1,,,Accor Stadium,-2,-1,11.3514647534,0,0,,,,,,,
20191110110,2019,1,Melbourne Storm,Brisbane Broncos,1,22,12,0.551337743532,0.568463814903,0.551107216626,0.56812082608,20.432674949,18.4729580631,20.7865496959,19.2098638836,True,3.5,0,0,0,0,0,1,,,AAMI Park,0,0,-0.292328945076,0,0,,,,,,,
20191110120,2019,1,Newcastle Knights,Cronulla-Sutherland Sharks,1,14,8,0.504608474034,0.497591583994,0.504587635537,0.497603801587,19.6080066571,19.836954092,19.6813029558,20.2604841447,True,1.5,0,0,0,0,0,1,,,McDonald Jones Stadium,0,0,-60.2278458473,0,0,,,,,,,
20191110130,2019,1,Sydney Roosters,South Sydney Rabbitohs,0,16,26,0.618047008943,0.632654971044,0.617533127911,0.632013822164,22.1016572375,17.5031743925,21.9909046047,17.1058960978,True,4.5,0,0,0,0,0,1,,,Sydney Cricket Ground,0,0,19.5598878284,0,0,,,,,,,
20191110140,2019,1,New Zealand Warriors,Canterbury-Bankstown Bulldogs,1,40,6,0.48691846379,0.501040846629,0.486977592106,0.501035566478,19.6072771507,19.1708149007,19.5082965462,19.2742826252,True,2.5,0,0,0,0,0,1,,,Go Media Stadium,0,0,-0.899256941611,0,0,,,,,,,
20191110150,2019,1,Wests Tigers,Manly-Warringah Sea Eagles,1,20,6,0.517347939744,0.518867195172,0.517269554342,0.518771572976,20.8537333363,20.84001919,20.5462563115,20.1226975156,True,3.5,0,0,0,0,0,1,,,Leichhardt Oval,0,0,2.03703154769,0,0,,,,,,,
20191110160,2019,1,North Queensland Cowboys,St. George Illawarra Dragons,1,24,12,0.489659316102,0.50201418274,0.489706063766,0.502003964996,20.2146030448,20.7141643838,20.1010161075,21.0678606537,True,1.5,0,0,0,0,0,1,,,1300SMILES Stadium,0,0,8.66958354174,0,0,,,,,,,
20191110170,2019,1,Penrith Panthers,Parramatta Eels,0,12,20,0.565658415118,0.589817760758,0.565364907796,0.589371912036,21.6337028034,19.5300712537,21.1416803244,19.8567333662,True,6.5,0,0,0,0,0,1,,,BlueBet Stadium,0,0,18.9666579172,0,0,,,,,,,
20191110180,2019,1,Gold Coast Titans,Canberra Raiders,0,0,21,0.54275175803,0.528187816961,0.542559370451,0.528045122373,20.2583156268,19.3875469063,20.5840401501,19.0237231431,True,1.5,0,0,0,0,0,1,,,Cbus Super Stadium,0,0,-19.6090370226,0,0,,,,,,,
20191110210,2019,2,St. George Illawarra Dragons,South Sydney Rabbitohs,0,18,34,0.478620776987,0.475537139041,0.478717337447,0.475661041346,19.818135002,18.8332360691,19.9879431941,17.9580807499,True,-4.5,0,0,0,0,0,1,,,Netstrata Jubilee Stadium,-2,-0.9375,-10.2810335753,0,0,,,,,,,
20191110220,2019,2,Canberra Raiders,Melbourne Storm,0,10,22,0.491132882424,0.499813433369,0.491172971468,0.499814379813,19.2407698365,17.4441165673,18.9143425509,16.7033607241,True,-2.5,0,0,0,0,0,1,,,GIO Stadium,0,-2.87847222222,-9.80844135619,0,0,,,,,,,
20191110230,2019,2,Brisbane Broncos,North Queensland Cowboys,1,29,10,0.543378102107,0.552889714282,0.543182924024,0.552623398062,20.9860071916,19.3886198327,20.6819274569,20.0735928331,True,4,0,0,0,0,0,1,,,Suncorp Stadium,-2,1.9375,4.82298695919,0,0,,,,,,,
20191110240,2019,2,Cronulla-Sutherland Sharks,Gold Coast Titans,1,20,6,0.606607650927,0.611425098405,0.606140216301,0.610878608835,22.0089520464,16.4079441907,22.3973770591,17.2179937819,True,8,0,0,0,0,0,1,,,Sharks Stadium,0,1.96527777778,14.2285579516,0,0,,,,,,,
20191110250,2019,2,Newcastle Knights,Penrith Panthers,0,14,16,0.551048853605,0.530986353891,0.550819605767,0.530829561318,20.5425996256,18.3689180965,20.8441304678,18.3412245259,True,4,0,0,0,0,0,1,,,McDonald Jones Stadium,2,1.92013888889,-21.4353944149,0,0,,,,,,,
20191110260,2019,2,Manly-Warringah Sea Eagles,Sydney Roosters,0,18,26,0.441969771299,0.44011929339,0.442229838897,0.44042017433,19.5489780496,19.70633131,19.8456994761,20.1633335371,True,-6.5,0,0,0,0,0,1,,,4 Pines Park,0,-0.892361111111,-35.6795168936,0,0,,,,,,,
20191110270,2019,2,Canterbury-Bankstown Bulldogs,Parramatta Eels,0,16,36,0.52767360642,0.556611044144,0.527548719463,0.55632630109,22.333532191,19.5062265661,22.2252704363,19.2736058969,True,-2,0,0,0,0,0,1,,,Accor Stadium,-2,0.961805555556,16.1841081522,0,0,,,,,,,
20191110280,2019,2,Wests Tigers,New Zealand Warriors,1,34,6,0.414886995882,0.435412374134,0.415264450734,0.435736394554,18.5717589833,20.3032277365,18.2587479728,20.4664520643,True,1.5,0,0,0,0,0,1,,,Campbelltown Sports Stadium,0,-0.0208333333333,-14.2991471861,0,0,,,,,,,
20191110310,2019,3,Brisbane Broncos,St. George Illawarra Dragons,0,24,25,0.584821525159,0.601698161989,0.584445312019,0.601196494123,22.0060355745,15.9152165053,21.8143432387,17.1500063356,True,8.5,0,0,0,0,0,1,,,Suncorp Stadium,2,-0.958333333333,9.40409393752,0,0,,,,,,,
20191110320,2019,3,Canberra Raiders,Newcastle Knights,1,17,10,0.558072791863,0.55545066484,0.557812536972,0.555171660977,21.8035361172,15.2625352937,21.7426900034,16.9157541501,True,4,0,0,0,0,0,1,,,GIO Stadium,0,0.979166666667,27.063330619,0,0,,,,,,,
20191110330,2019,3,Parramatta Eels,Sydney Roosters,0,18,32,0.468362426041,0.452645654563,0.46850511259,0.452884452698,19.8286269029,17.8605392003,19.6917872547,18.4803725124,True,-6,0,0,0,0,0,1,,,Accor Stadium,2,-0.854166666667,-25.5857075516,0,0,,,,,,,
20191110340,2019,3,Manly-Warringah Sea Eagles,New Zealand Warriors,1,46,12,0.467202723223,0.469180691314,0.467350610668,0.469336642908,19.962094031,20.6189337871,20.1993609472,19.439627406,True,-2,0,0,0,0,0,1,,,Other,-2,0.940972222222,-33.2114113819,0,0,,,,,,,
20191110350,2019,3,North Queensland Cowboys,Cronulla-Sutherland Sharks,0,16,42,0.427835272658,0.449114579848,0.428157083463,0.449370946542,19.6658872276,17.4528602564,19.9595230195,18.0613486575,True,-2.5,0,0,0,0,0,1,,,1300SMILES Stadium,0,0.829861111111,3.08579360428,0,0,,,,,,,
20191110360,2019,3,Penrith Panthers,Melbourne Storm,0,2,32,0.437860447283,0.432828761343,0.438138561471,0.433165433941,18.0934383774,17.5366619042,18.135320944,17.8603168826,True,-6,0,0,0,0,0,1,,,Carrington Park,-2,-0.979166666667,-20.9191195976,0,0,,,,,,,
20191110370,2019,3,Wests Tigers,Canterbury-Bankstown Bulldogs,0,8,22,0.524123034268,0.541024979087,0.524014117333,0.540817789552,21.6197203933,18.6551065009,21.5608330317,18.3100471954,True,8,0,0,0,0,0,1,,,Campbelltown Sports Stadium,4,-0.0868055555556,4.09035318599,0,0,,,,,,,
20191110380,2019,3,South Sydney Rabbitohs,Gold Coast Titans,1,28,20,0.63607977352,0.651252035071,0.635495067492,0.65053209778,23.2241674971,16.8905578581,23.5045509956,17.0224451314,True,12.5,0,0,0,0,0,1,,,Accor Stadium,4,1.78819444444,28.9875426,0,0,,,,,,,
20191110410,2019,4,Sydney Roosters,Brisbane Broncos,1,36,4,0.550961738192,0.503165674083,0.550732876121,0.503149615194,20.531632657,18.1857634867,20.7342600866,17.0562577694,True,4,0,0,0,0,0,1,,,Sydney Cricket Ground,2,-1.04166666667,4.63406535123,0,0,,,,,,,
20191110420,2019,4,New Zealand Warriors,Gold Coast Titans,1,26,10,0.481622009889,0.505526105481,0.481705041393,0.505498074075,22.3537811872,18.8363587831,22.2341644419,18.7554280199,True,2,0,0,0,0,0,1,,,Go Media Stadium,2,1.04861111111,17.5472918553,0,0,,,,,,,
20191110430,2019,4,Penrith Panthers,Wests Tigers,1,9,8,0.428328543587,0.433734179521,0.428648216129,0.434066422295,19.3665240376,16.4891025459,19.2478277051,17.7393281797,True,4.5,0,0,0,0,0,1,,,BlueBet Stadium,-2,0.854166666667,-8.85091437516,0,0,,,,,,,
20191110440,2019,4,Manly-Warringah Sea Eagles,South Sydney Rabbitohs,1,13,12,0.463026601717,0.425103283497,0.463193190583,0.425477564567,20.3903659586,22.4660700733,20.4499962322,21.8291191643,True,-4,0,0,0,0,0,1,,,4 Pines Park,-4,1.04861111111,-39.8570691364,0,0,,,,,,,
20191110450,2019,4,North Queensland Cowboys,Canberra Raiders,0,12,30,0.435857257708,0.446072416475,0.436144141833,0.446343878052,19.3362249649,20.0397972074,19.5831382279,20.4050710034,True,-1.5,0,0,0,0,0,1,,,1300SMILES Stadium,-2,-0.9375,-8.83432818677,0,0,,,,,,,
20191110460,2019,4,Parramatta Eels,Cronulla-Sutherland Sharks,1,24,12,0.461992830331,0.487267964595,0.462164041635,0.487332525896,19.7068460989,20.4027909777,20.1579697119,20.3752978285,True,1.5,0,0,0,0,0,1,,,Accor Stadium,0,0.850694444444,-8.34735945539,0,0,,,,,,,
20191110470,2019,4,Melbourne Storm,Canterbury-Bankstown Bulldogs,1,18,16,0.68413064337,0.686113366448,0.683374963601,0.685258373427,24.3451133792,15.4835165208,24.5334012585,14.1243657605,True,16,0,0,0,0,0,1,,,AAMI Park,4,0.854166666667,44.0675358672,0,0,,,,,,,
20191110480,2019,4,Newcastle Knights,St. George Illawarra Dragons,0,12,13,0.470381019417,0.477928647586,0.470514645972,0.478040470109,20.0788376454,17.5169437591,19.8352927177,18.6392591592,True,1.5,0,0,0,0,0,1,,,McDonald Jones Stadium,0,-0.954861111111,-3.77241091246,0,0,,,,,,,
20191110510,2019,5,Brisbane Broncos,Wests Tigers,0,16,22,0.525476054875,0.532098779095,0.525361049468,0.531936387883,20.140987739,18.3091753462,19.9062273063,17.2967790303,True,5.5,0,0,0,0,0,1,,,Suncorp Stadium,-2,1,12.9784316407,0,0,,,,,,,
20191110520,2019,5,Gold Coast Titans,Penrith Panthers,1,30,24,0.439764026669,0.439524084643,0.440033790222,0.439827897803,20.1728601119,17.2532594802,20.3653905941,17.0208514863,True,-2.5,0,0,0,0,0,1,,,Cbus Super Stadium,-4,0.00347222222222,-2.66852880813,0,0,,,,,,,
20191110530,2019,5,North Queensland Cowboys,Melbourne Storm,0,12,18,0.374778299832,0.349047980476,0.375320730295,0.349766680756,18.0939591867,23.1866940583,18.241006845,24.092824186,True,-7.5,0,0,0,0,0,1,,,1300SMILES Stadium,-6,0.982638888889,-45.2189390626,0,0,,,,,,,
20191110540,2019,5,South Sydney Rabbitohs,New Zealand Warriors,1,28,24,0.599304576743,0.596039911255,0.598867342989,0.595564688807,22.7084925696,17.1637828672,23.0972095574,16.7785922417,True,6.5,0,0,0,0,0,1,,,Sunshine Coast Stadium,2,-0.791666666667,36.5510525773,0,0,,,,,,,
20191110550,2019,5,Newcastle Knights,Manly-Warringah Sea Eagles,0,18,26,0.526538048626,0.545940112478,0.526418266685,0.545708364362,19.9958093537,16.5882978723,20.1091517497,16.4341950833,True,4.5,0,0,0,0,0,1,,,McDonald Jones Stadium,-2,-1.13194444444,-12.2571668063,0,0,,,,,,,
20191110560,2019,5,Cronulla-Sutherland Sharks,Sydney Roosters,0,16,30,0.496359242549,0.508199267253,0.496375705594,0.508157680159,19.6247998097,17.1880680102,19.8834425091,17.2679029831,True,-5.5,0,0,0,0,0,1,,,Sharks Stadium,-2,-1.97916666667,-2.77194914061,0,0,,,,,,,
20191110570,2019,5,St. George Illawarra Dragons,Canterbury-Bankstown Bulldogs,1,40,4,0.561825036865,0.592052010373,0.561548301282,0.59159558009,22.1713400743,16.8703456986,22.5407117887,16.3592522614,True,5.5,0,0,0,0,0,1,,,Netstrata Jubilee Stadium,2,-0.0868055555556,4.86054753782,0,0,,,,,,,
20191110580,2019,5,Canberra Raiders,Parramatta Eels,1,19,0,0.561263922323,0.576256443395,0.560989647356,0.575875579767,21.3339911283,16.7895835348,21.2555963043,16.5120645797,True,5.5,0,0,0,0,0,1,,,GIO Stadium,0,0.128472222222,13.1319204903,0,0,,,,,,,
20191110610,2019,6,Cronulla-Sutherland Sharks,Penrith Panthers,1,24,20,0.681850749013,0.664453843217,0.681102500043,0.663680670231,24.0978428502,15.9907627642,24.2371644386,15.3141714758,True,4,0,0,0,0,0,1,,,Sharks Stadium,0,-1.06597222222,24.5937383489,0,0,,,,,,,
20191110620,2019,6,Canterbury-Bankstown Bulldogs,South Sydney Rabbitohs,0,6,14,0.450819170813,0.438565209788,0.451040140554,0.438873743048,18.9258947432,21.4268420307,19.257893111,20.7605027282,True,-8.5,0,0,0,0,0,1,,,Accor Stadium,-6,-1.04513888889,-26.0530452329,0,0,,,,,,,
20191110630,2019,6,Melbourne Storm,Sydney Roosters,0,20,21,0.62738324493,0.661349050984,0.626832306799,0.660588181933,20.8458973736,14.8623073744,21.1158789507,15.4057646021,True,1.5,0,0,0,0,0,1,,,AAMI Park,2,0.986111111111,-4.78912995627,0,0,,,,,,,
20191110640,2019,6,New Zealand Warriors,North Queensland Cowboys,0,10,17,0.575913369767,0.582273291614,0.575575351571,0.581863441326,23.8646407568,20.7863664316,23.9393295546,19.8089372729,True,5.5,0,0,0,0,0,1,,,Go Media Stadium,2,-0.795138888889,8.20757345731,0,0,,,,,,,
20191110650,2019,6,St. George Illawarra Dragons,Manly-Warringah Sea Eagles,1,12,10,0.591098431931,0.6063776743,0.590695598849,0.605854338675,21.9784243259,17.548988497,22.1661856676,17.4631772304,True,8,0,0,0,0,0,1,,,WIN Stadium,0,-0.940972222222,-7.31344583861,0,0,,,,,,,
20191110660,2019,6,Gold Coast Titans,Newcastle Knights,1,38,14,0.448079505328,0.459051126109,0.448312611435,0.459257934727,20.2126093021,18.5199725325,20.2890590008,18.4398090445,True,-1.5,0,0,0,0,0,1,,,Cbus Super Stadium,0,0.979166666667,-8.63389810506,0,0,,,,,,,
20191110670,2019,6,Canberra Raiders,Brisbane Broncos,1,26,22,0.626149711047,0.606761866588,0.625603622576,0.606236760499,22.9444652731,16.7290116089,22.9395626676,15.9576234675,True,4,0,0,0,0,0,1,,,GIO Stadium,6,-2.93055555556,17.553427428,0,0,,,,,,,
20191110680,2019,6,Parramatta Eels,Wests Tigers,1,51,6,0.43648125938,0.439216441643,0.436765413612,0.439521769685,19.5817916786,19.1249229305,19.6310331085,18.2751926611,True,-1.5,0,0,0,0,0,1,,,CommBank Stadium,0,-2.93055555556,7.32713359673,0,0,,,,,,,
20191110710,2019,7,Sydney Roosters,St. George Illawarra Dragons,1,20,10,0.621369631648,0.63928768368,0.620842471016,0.638617957388,22.3002631301,16.7210786508,22.1552265616,17.025844759,True,6.5,0,0,0,0,0,1,,,Sydney Cricket Ground,2,0.986111111111,30.4692473321,0,0,,,,,,,
20191110720,2019,7,Melbourne Storm,New Zealand Warriors,1,13,12,0.683415990424,0.689932766278,0.68266263178,0.689064122367,23.5244040635,13.8871817607,24.0846671515,14.3108540486,True,18,0,0,0,0,0,1,,,AAMI Park,6,0.982638888889,36.0266126312,0,0,,,,,,,
20191110730,2019,7,Canterbury-Bankstown Bulldogs,North Queensland Cowboys,1,24,12,0.541270018592,0.535047198059,0.541084237286,0.534869983797,21.4552421682,18.9894279731,21.7220953445,18.9928820819,True,1.5,0,0,0,0,0,1,,,Accor Stadium,0,1.14236111111,-7.53831025354,0,0,,,,,,,
20191110740,2019,7,Penrith Panthers,South Sydney Rabbitohs,0,18,22,0.407761209595,0.403148276782,0.408168851087,0.403627309444,18.8761766423,22.053615084,18.589691926,20.9225500318,True,-4,0,0,0,0,0,1,,,BlueBet Stadium,-4,0.84375,-32.743678707,0,0,,,,,,,
20191110750,2019,7,Wests Tigers,Gold Coast Titans,1,30,14,0.598054254848,0.610670556204,0.597622231694,0.610127513159,22.9485621248,18.6914827824,23.1208107765,18.5254351259,True,2.5,0,0,0,0,0,1,,,Other,0,-1.08333333333,18.3872229691,0,0,,,,,,,
20191110760,2019,7,Brisbane Broncos,Cronulla-Sutherland Sharks,1,29,6,0.481249213215,0.497922517506,0.481333925899,0.497933056356,19.9522099158,19.0634027429,19.96086512,19.5917347301,True,4.5,0,0,0,0,0,1,,,Suncorp Stadium,-4,-2.84375,-13.6670816661,0,0,,,,,,,
20191110770,2019,7,Manly-Warringah Sea Eagles,Canberra Raiders,1,24,20,0.475701851672,0.478708413258,0.475811556788,0.478816294841,19.3202926652,20.0298001247,19.7049868553,19.6844101601,True,-4,0,0,0,0,0,1,,,4 Pines Park,-2,0.854166666667,-19.1003995586,0,0,,,,,,,
20191110780,2019,7,Newcastle Knights,Parramatta Eels,1,28,14,0.466107908785,0.474856234225,0.466260703207,0.474983573841,19.3291866221,20.3994196015,19.2992719461,21.3216508255,True,-1.5,0,0,0,0,0,1,,,McDonald Jones Stadium,-6,1.08333333333,-12.8780028258,0,0,,,,,,,
20191110810,2019,8,South Sydney Rabbitohs,Brisbane Broncos,1,38,6,0.647013652747,0.659149315194,0.646387604296,0.658397245378,22.6487184249,17.2310955329,23.0824655612,17.1298119434,True,4.5,0,0,0,0,0,1,,,Accor Stadium,6,0.986111111111,21.0670755903,0,0,,,,,,,
20191110820,2019,8,North Queensland Cowboys,Gold Coast Titans,1,28,14,0.476921631955,0.494131679572,0.477025845802,0.494161446571,20.541682845,19.8650458792,20.9393972888,19.3421593793,True,3.5,0,0,0,0,0,1,,,1300SMILES Stadium,-2,0.979166666667,-2.39768069897,0,0,,,,,,,
20191110830,2019,8,Cronulla-Sutherland Sharks,Melbourne Storm,1,20,18,0.482821841045,0.459523064918,0.482899460511,0.45972751099,18.8999616345,17.6159300966,18.8214230724,18.8700071741,True,-5.5,0,0,0,0,0,1,,,Sharks Stadium,-4,-1.98958333333,-21.4030048139,0,0,,,,,,,
20191110840,2019,8,Canberra Raiders,Penrith Panthers,1,30,12,0.614530641167,0.626990468439,0.614030920086,0.626374117651,23.6328711824,15.9558241719,23.5937364882,16.2069488921,True,2,0,0,0,0,0,1,,,Other,6,-1.75347222222,35.3403154236,0,0,,,,,,,
20191110850,2019,8,Manly-Warringah Sea Eagles,Canterbury-Bankstown Bulldogs,1,18,10,0.564044527994,0.575780787518,0.563758073418,0.575402225281,22.5823691348,18.3419207052,22.9831069805,17.9945530064,True,1.5,0,0,0,0,0,1,,,4 Pines Park,4,-1.83333333333,25.6428921149,0,0,,,,,,,
20191110860,2019,8,Sydney Roosters,Wests Tigers,1,42,12,0.664889413007,0.66468507732,0.66419872022,0.663910993469,23.7734167356,14.9090396763,23.6763986713,15.0370796643,True,12.5,0,0,0,0,0,1,,,Sydney Cricket Ground,6,2.05902777778,59.3604688679,0,0,,,,,,,
20191110870,2019,8,New Zealand Warriors,Newcastle Knights,0,18,36,0.569248574119,0.588706552901,0.568939422732,0.588265980748,22.8061109582,17.8844875699,23.0531818061,17.9553509272,True,3.5,0,0,0,0,0,1,,,Go Media Stadium,0,2.84375,15.0695533354,0,0,,,,,,,
20191110880,2019,8,Parramatta Eels,St. George Illawarra Dragons,1,32,18,0.485232842178,0.492513876735,0.48529958117,0.492551847851,20.2198821434,20.3385322993,20.0643808639,20.585881256,True,1.5,0,0,0,0,0,1,,,CommBank Stadium,-4,-3,7.47636531936,0,0,,,,,,,
20191110910,2019,9,Gold Coast Titans,Cronulla-Sutherland Sharks,0,18,26,0.428258756168,0.456679474022,0.428578731306,0.456898143885,19.5721145924,21.0030210722,19.6981386535,19.8146260017,True,-2.5,0,0,0,0,0,1,,,Suncorp Stadium,0,0.0798611111111,-13.1014022103,0,0,,,,,,,
20191110920,2019,9,Wests Tigers,Penrith Panthers,1,30,4,0.541581523313,0.543852669427,0.541394352626,0.543631340849,22.4855001734,18.1000016587,22.8649980274,18.7803617385,True,1.5,0,0,0,0,0,1,,,Suncorp Stadium,2,-0.190972222222,0.797173269497,0,0,,,,,,,
20191110930,2019,9,Manly-Warringah Sea Eagles,Brisbane Broncos,0,10,26,0.5238133804,0.526788829531,0.523705857333,0.526653189313,20.9772888395,18.9558270621,21.6772826566,19.4232338678,True,-4.5,0,0,0,0,0,1,,,Suncorp Stadium,6,-1.90277777778,-0.617619521232,0,0,,,,,,,
20191110940,2019,9,Canterbury-Bankstown Bulldogs,Newcastle Knights,0,10,22,0.433639364977,0.425494517142,0.433935937161,0.425866902108,19.9072759156,20.4088651019,20.0015439374,21.4701958854,True,-5.5,0,0,0,0,0,1,,,Suncorp Stadium,-2,0.9375,0.151543001142,0,0,,,,,,,
20191110950,2019,9,New Zealand Warriors,St. George Illawarra Dragons,1,26,18,0.479892126358,0.466496322675,0.47998295741,0.466665779892,19.9258882405,20.5987137762,20.1082534217,19.2040855891,True,-2,0,0,0,0,0,1,,,Suncorp Stadium,-4,0.00347222222222,-15.4917555474,0,0,,,,,,,
20191110960,2019,9,Melbourne Storm,Parramatta Eels,1,64,10,0.632128615926,0.665509825511,0.6315591586,0.664732499113,22.2121099356,15.6710802361,22.2201713,16.6172122333,True,5.5,0,0,0,0,0,1,,,Suncorp Stadium,0,1.84027777778,18.78036722,0,0,,,,,,,
20191110970,2019,9,Sydney Roosters,Canberra Raiders,1,30,24,0.670109484172,0.648598217023,0.669400663996,0.647889262171,22.9029716682,16.0069329927,22.7592720089,15.9647773309,True,8,0,0,0,0,0,1,,,Suncorp Stadium,2,-0.190972222222,22.3356928733,0,0,,,,,,,
20191110980,2019,9,South Sydney Rabbitohs,North Queensland Cowboys,1,32,16,0.727177887115,0.734741242982,0.726297502442,0.733732720657,25.0261235235,15.4837230354,25.4164428891,15.0250349158,True,8,0,0,0,0,0,1,,,Suncorp Stadium,4,0.923611111111,33.1722110967,0,0,,,,,,,
20191111010,2019,10,Melbourne Storm,Wests Tigers,1,24,22,0.699115280036,0.720580789857,0.698312706141,0.71961213869,23.908077922,15.233021347,23.7538329812,14.9833924425,True,11.5,0,0,0,0,0,1,,,AAMI Park,0,-1.06597222222,41.6229957979,0,0,,,,,,,
20191111020,2019,10,Penrith Panthers,New Zealand Warriors,0,10,30,0.431448021708,0.451617098078,0.431754142663,0.451861018807,20.3140502475,19.7976177288,20.2945702588,19.8164496678,True,2,0,0,0,0,0,1,,,BlueBet Stadium,-2,0.979166666667,-0.995019684044,0,0,,,,,,,
20191111030,2019,10,Brisbane Broncos,Sydney Roosters,1,15,10,0.39772918786,0.396330853596,0.398178736976,0.396841670827,18.8742428142,24.360019718,18.752768782,24.5018815151,True,-6,0,0,0,0,0,1,,,Suncorp Stadium,-6,1.74652777778,-53.3865652319,0,0,,,,,,,
20191111040,2019,10,Gold Coast Titans,Canterbury-Bankstown Bulldogs,0,16,22,0.495938122633,0.480112084571,0.495956489772,0.480212869385,21.5792609803,18.6042312578,22.0099167375,17.916786965,True,2.5,0,0,0,0,0,1,,,Cbus Super Stadium,2,1.79861111111,-5.08960393244,0,0,,,,,,,
20191111050,2019,10,North Queensland Cowboys,Parramatta Eels,1,17,10,0.433368708069,0.459889890739,0.433666460909,0.460092499962,20.3618803872,19.9961706342,20.6310106894,22.0533844306,True,1.5,0,0,0,0,0,1,,,1300SMILES Stadium,0,-0.854166666667,-23.421445909,0,0,,,,,,,
20191111060,2019,10,Canberra Raiders,South Sydney Rabbitohs,0,12,16,0.474836198154,0.444448318107,0.474949798741,0.44472782184,19.8243084746,18.7347465985,19.6116545004,18.741256128,True,-2,0,0,0,0,0,1,,,GIO Stadium,-4,0.0868055555556,-6.67611043802,0,0,,,,,,,
20191111070,2019,10,St. George Illawarra Dragons,Newcastle Knights,0,12,45,0.474347663081,0.496247931495,0.474463461497,0.496266964852,20.4094527794,22.0243289277,20.8144451853,21.5825056505,True,1.5,0,0,0,0,0,1,,,Other,-2,-0.104166666667,9.29995028291,0,0,,,,,,,
20191111080,2019,10,Cronulla-Sutherland Sharks,Manly-Warringah Sea Eagles,0,14,24,0.561729281846,0.575777624705,0.561452966071,0.575399077775,21.2842069356,18.7863801648,21.2350819716,18.6628160281,True,5.5,0,0,0,0,0,1,,,Sharks Stadium,0,1.01041666667,-7.26977451919,0,0,,,,,,,
20191111110,2019,11,Parramatta Eels,Penrith Panthers,0,10,16,0.633797017292,0.650266761869,0.633221101811,0.649550891391,25.3300191737,18.1392750156,25.5332126372,18.2866956792,True,6.5,0,0,0,0,0,1,,,CommBank Stadium,4,-0.979166666667,18.8552428709,0,0,,,,,,,
20191111120,2019,11,Manly-Warringah Sea Eagles,Gold Coast Titans,0,18,36,0.602607805253,0.621013359037,0.602156861165,0.620423547028,23.1644578138,17.2048681258,23.5183271526,18.1374914818,True,7.5,0,0,0,0,0,1,,,Lottoland,4,-1.04513888889,22.6048959469,0,0,,,,,,,
20191111130,2019,11,Newcastle Knights,Sydney Roosters,1,38,12,0.521512700238,0.47748296462,0.521415538397,0.477597039143,19.9517254271,18.8090857092,20.0761814361,19.0604316422,True,-5.5,0,0,0,0,0,1,,,McDonald Jones Stadium,0,-1.75347222222,-50.2716114365,0,0,,,,,,,
20191111140,2019,11,Canberra Raiders,North Queensland Cowboys,0,16,22,0.68722225951,0.708209142086,0.68645662494,0.707278724351,23.7675036958,16.2764868037,23.9128293285,15.6694002376,True,6.5,0,0,0,0,0,1,,,GIO Stadium,-2,-0.0868055555556,36.3158069291,0,0,,,,,,,
20191111150,2019,11,New Zealand Warriors,Brisbane Broncos,0,2,8,0.54127878738,0.503083281343,0.54109296696,0.503067640396,21.2341853989,19.5564250944,21.3331885258,20.9182976307,True,1.5,0,0,0,0,0,1,,,Go Media Stadium,-2,0.0798611111111,-14.5319081596,0,0,,,,,,,
20191111160,2019,11,South Sydney Rabbitohs,Wests Tigers,1,32,16,0.690271504915,0.683793752596,0.689496191666,0.682947168729,23.0950265586,16.0536665268,23.2154129372,15.9398561365,True,7.5,0,0,0,0,0,1,,,Accor Stadium,6,-1.98958333333,40.2762316838,0,0,,,,,,,
20191111170,2019,11,Canterbury-Bankstown Bulldogs,Melbourne Storm,0,6,28,0.33988068629,0.347049124604,0.340554508484,0.347776044311,17.8380803986,24.1485777707,17.8267559843,25.18013378,True,-9.5,0,0,0,0,0,1,,,Belmore Sports Ground,-2,-1.79861111111,-65.7915130167,0,0,,,,,,,
20191111180,2019,11,St. George Illawarra Dragons,Cronulla-Sutherland Sharks,0,9,22,0.431408810474,0.432574376229,0.431715102075,0.432912292619,19.9770792912,21.5652789365,20.4567621148,21.6170762084,True,1.5,0,0,0,0,0,1,,,WIN Stadium,-4,0.0868055555556,-4.80607437731,0,0,,,,,,,
20191111210,2019,12,Penrith Panthers,Manly-Warringah Sea Eagles,1,15,12,0.401355692261,0.408156054399,0.401790175825,0.408611500859,19.5372258949,20.8232907713,19.1787073844,20.4163258838,True,2,0,0,0,0,0,1,,,BlueBet Stadium,-4,0.923611111111,-40.0015575828,0,0,,,,,,,
20191111220,2019,12,Parramatta Eels,South Sydney Rabbitohs,1,26,14,0.430295290411,0.444945838505,0.43060642482,0.445222879881,20.0744174011,22.3411956806,19.7432088218,21.8471727263,True,5.5,0,0,0,0,0,1,,,CommBank Stadium,-8,1.98958333333,-45.9757230217,0,0,,,,,,,
20191111230,2019,12,Canterbury-Bankstown Bulldogs,Canberra Raiders,0,10,12,0.470422231744,0.453627043773,0.470555673235,0.453860950437,20.3301411444,21.2608942597,20.3843535521,20.4631657369,True,1.5,0,0,0,0,0,1,,,Accor Stadium,2,-0.958333333333,-40.3959316118,0,0,,,,,,,
20191111240,2019,12,Gold Coast Titans,North Queensland Cowboys,0,4,6,0.590903694827,0.548201984742,0.590501683743,0.54795896475,21.6374991506,19.5225989038,21.8229731928,20.0751352124,True,2,0,0,0,0,0,1,,,Cbus Super Stadium,-4,0.875,-15.8687523818,0,0,,,,,,,
20191111310,2019,13,South Sydney Rabbitohs,Newcastle Knights,0,12,20,0.661391453473,0.662926896453,0.660713104084,0.662159757511,23.1433158974,17.9861993555,22.7608413423,17.6618079081,True,4,0,0,0,0,0,1,,,Accor Stadium,-2,-7,23.8525524754,0,0,,,,,,,
20191111320,2019,13,Wests Tigers,Canberra Raiders,0,0,28,0.521501555709,0.527064246767,0.521404444078,0.526927217421,21.065963069,17.244716494,21.1916795728,18.2997927855,True,1.5,0,0,0,0,0,1,,,CommBank Stadium,0,7,-19.182392357,0,0,,,,,,,
20191111330,2019,13,New Zealand Warriors,Melbourne Storm,0,10,32,0.362142388777,0.375800060919,0.362733903839,0.376404067968,18.1193954065,21.3566693884,18.1073113214,22.2352134156,True,-4,0,0,0,0,0,1,,,Go Media Stadium,-4,0.770833333333,-43.6182230451,0,0,,,,,,,
20191111340,2019,13,Cronulla-Sutherland Sharks,Parramatta Eels,1,42,22,0.62903876313,0.616109102808,0.628481339245,0.615541337953,22.8559348756,17.960966188,23.1533691422,18.9764643352,True,4.5,0,0,0,0,0,1,,,Sharks Stadium,2,5.15972222222,15.1719736346,0,0,,,,,,,
20191111350,2019,13,North Queensland Cowboys,Manly-Warringah Sea Eagles,0,20,22,0.506518792734,0.488689783686,0.506489317859,0.488747140452,20.7867843191,18.874903235,20.9072652241,17.5058086364,True,-1.5,0,0,0,0,0,1,,,1300SMILES Stadium,4,-2.84375,2.93891543197,0,0,,,,,,,
20191111360,2019,13,Brisbane Broncos,Gold Coast Titans,0,18,26,0.626989969827,0.623614920868,0.626440576288,0.623013511996,23.206895635,18.4888967139,23.3045813732,18.6021000734,True,9.5,0,0,0,0,0,1,,,Suncorp Stadium,6,7.85763888889,24.6249111347,0,0,,,,,,,
20191111370,2019,13,Penrith Panthers,Sydney Roosters,1,19,10,0.354891879114,0.382623817581,0.355510816006,0.383197301421,19.2086721901,22.7242324607,18.9109950926,22.809870576,True,-4,0,0,0,0,0,1,,,BlueBet Stadium,-2,-5.99652777778,-72.1344952264,0,0,,,,,,,
20191111380,2019,13,Canterbury-Bankstown Bulldogs,St. George Illawarra Dragons,0,12,36,0.522997803309,0.514496045216,0.52289395224,0.514422548366,21.5128966227,17.2173767178,21.5123712523,17.6495592818,True,-3.5,0,0,0,0,0,1,,,Accor Stadium,2,-6.14583333333,-5.29215950763,0,0,,,,,,,
20191111410,2019,14,Canberra Raiders,Cronulla-Sutherland Sharks,1,22,20,0.627689226907,0.641022050643,0.627137088055,0.640344936643,21.425730809,15.9548035109,21.6999155526,15.7906597829,True,1.5,0,0,0,0,0,1,,,GIO Stadium,-4,0.899305555556,11.3119851121,0,0,,,,,,,
20191111420,2019,14,Gold Coast Titans,New Zealand Warriors,0,20,24,0.512105933421,0.498824924283,0.512051211248,0.498830885364,20.3135870571,19.9981374931,20.8773720035,19.4544563063,True,-1.5,0,0,0,0,0,1,leadership_change,,Cbus Super Stadium,0,-0.875,-9.58393830171,0,0,17,leadership-titans-2019-brennan-hodges-burt,effective,-3,home,titans,1
20191111430,2019,14,North Queensland Cowboys,Wests Tigers,0,26,27,0.46884666935,0.459068806836,0.468987183308,0.459275526957,20.7687320455,17.4473676436,20.4606065166,18.3167235617,True,2,0,0,0,0,0,1,,,1300SMILES Stadium,4,-0.986111111111,2.53741709093,0,0,,,,,,,
20191111440,2019,14,Melbourne Storm,Newcastle Knights,1,34,4,0.700381914982,0.689745850661,0.699575538234,0.688877869073,23.8342278871,15.6848475971,23.4920404672,15.5574470532,True,7.5,0,0,0,0,0,1,,,AAMI Park,-2,-0.958333333333,17.5203265149,0,0,,,,,,,
20191111450,2019,14,South Sydney Rabbitohs,Penrith Panthers,0,18,19,0.626143262466,0.639008244165,0.625597199385,0.638339711522,23.8768177649,15.1764282726,24.2297016245,16.3138817955,True,5.5,0,0,0,0,0,1,,,Accor Stadium,0,1.92013888889,53.0284094975,0,0,,,,,,,
20191111460,2019,14,Parramatta Eels,Brisbane Broncos,1,38,10,0.502564742485,0.490574003907,0.502553144838,0.490621810295,20.4788085221,18.8657552852,20.3253570043,19.0413132092,True,1.5,0,0,0,0,0,1,,,CommBank Stadium,-4,0.854166666667,-18.9581762995,0,0,,,,,,,
20191111470,2019,14,Manly-Warringah Sea Eagles,St. George Illawarra Dragons,1,34,14,0.632355619734,0.64448246503,0.631785282066,0.6437907196,23.1374082521,19.7232179298,23.0662700745,18.9734700309,True,4.5,0,0,0,0,0,1,,,4 Pines Park,2,1.85069444444,11.5185025211,0,0,,,,,,,
20191111480,2019,14,Sydney Roosters,Canterbury-Bankstown Bulldogs,1,38,12,0.616936501504,0.660444380158,0.616427080722,0.659687121762,24.5065246212,17.3665191327,24.0961691396,16.5966452593,True,10,0,0,0,0,0,1,,,Sydney Cricket Ground,2,0.996527777778,47.5828110486,0,0,,,,,,,
20191111510,2019,15,Wests Tigers,South Sydney Rabbitohs,1,14,9,0.466064429805,0.450659455777,0.466217419041,0.450908142193,19.9908090724,20.4030315079,19.904463952,19.3721066458,True,-5.5,0,0,0,0,0,1,,,CommBank Stadium,0,0.899305555556,-39.2127284982,0,0,,,,,,,
20191111520,2019,15,St. George Illawarra Dragons,North Queensland Cowboys,1,22,14,0.539984651092,0.519268316788,0.53980460585,0.519170665598,21.461652699,19.9631082408,21.7876718903,20.3992339669,True,5.5,0,0,0,0,0,1,,,WIN Stadium,-4,-1.75347222222,-5.10094747377,0,0,,,,,,,
20191111530,2019,15,Sydney Roosters,Melbourne Storm,0,12,14,0.515398021227,0.502851617759,0.515328434609,0.502837151948,19.2795877876,22.4966106521,19.1125590072,21.2664600218,True,-1.5,0,0,0,0,0,1,,,Other,-6,-1.04166666667,-30.4224170902,0,0,,,,,,,
20191111540,2019,15,Gold Coast Titans,Manly-Warringah Sea Eagles,0,12,30,0.482322092755,0.482235657301,0.482401966642,0.482325699691,19.796239366,22.5843314628,19.9578123931,22.3565379119,True,-6,0,0,0,0,0,1,leadership_change,,Cbus Super Stadium,-2,1.83333333333,0.0466197456349,0,0,17,leadership-titans-2019-brennan-hodges-burt,effective,-2,home,titans,1
20191111550,2019,15,Newcastle Knights,Brisbane Broncos,1,26,12,0.589060611958,0.590387688604,0.58866639312,0.589939137118,22.695842401,18.5049736503,22.6783796879,17.2058812379,True,1.5,0,0,0,0,0,1,,,McDonald Jones Stadium,2,0.1875,25.2606024729,0,0,,,,,,,
20191111560,2019,15,Parramatta Eels,Canberra Raiders,1,22,16,0.505010136452,0.493458756414,0.504987481959,0.493491936075,20.0068326112,20.8424636951,19.7975914941,20.6291963289,True,-2.5,0,0,0,0,0,1,,,TIO Stadium,-2,-1.98611111111,-38.7380223556,0,0,,,,,,,
20191111570,2019,15,New Zealand Warriors,Penrith Panthers,0,18,19,0.574995980563,0.585442564643,0.574661921687,0.585017543239,23.5199649099,18.1545171974,23.1394026829,18.1798716942,True,4,0,0,0,0,0,1,,,Go Media Stadium,-2,0.979166666667,7.68979902491,0,0,,,,,,,
20191111580,2019,15,Canterbury-Bankstown Bulldogs,Cronulla-Sutherland Sharks,1,14,12,0.318304366056,0.325069714065,0.31905210673,0.325883366765,18.9396789524,28.1043719172,18.8337112025,30.0364947238,True,-9.5,0,0,0,0,0,1,,,Accor Stadium,-4,-2.84027777778,-40.1974356098,0,0,,,,,,,
20191111610,2019,16,St. George Illawarra Dragons,Melbourne Storm,0,14,16,0.349312054704,0.333954589243,0.349951700117,0.334734016073,18.2768352432,23.0850391384,18.1362049578,24.1299328579,True,-6.5,0,0,0,0,0,1,,,WIN Stadium,-6,0.0590277777778,-78.943337528,0,0,,,,,,,
20191111620,2019,16,Wests Tigers,Sydney Roosters,0,16,24,0.454353747568,0.467204388353,0.454559020355,0.467370284973,20.3813339132,19.0778662067,20.5279023822,19.1917687415,True,-4.5,0,0,0,0,0,1,,,CommBank Stadium,2,0.982638888889,-39.8259338416,0,0,,,,,,,
20191111630,2019,16,Newcastle Knights,New Zealand Warriors,0,20,24,0.592862630108,0.602402410826,0.592452361875,0.601897470022,22.8179299294,17.7085572325,22.8741585469,17.405635743,True,-2.5,0,0,0,0,0,1,,,McDonald Jones Stadium,4,0.9375,27.3325505594,0,0,,,,,,,
20191111640,2019,16,Cronulla-Sutherland Sharks,Brisbane Broncos,0,22,24,0.675451430333,0.678382200364,0.674724434799,0.677555574486,23.5140344915,18.8809347387,23.6725790535,18.8615238441,True,10.5,0,0,0,0,0,1,,,Sharks Stadium,0,-0.940972222222,19.1632284079,0,0,,,,,,,
20191111710,2019,17,Penrith Panthers,Gold Coast Titans,1,24,2,0.488712957599,0.498530275857,0.488763980748,0.498537731655,20.6595738302,19.1371887454,20.8414092077,18.9941857848,True,6,0,0,0,0,0,1,leadership_change,,BlueBet Stadium,6,-1.04166666667,-2.53602816691,0,0,17,leadership-titans-2019-brennan-hodges-burt,effective,-1,away,titans,1
20191111720,2019,17,Newcastle Knights,Canterbury-Bankstown Bulldogs,0,14,20,0.719262241144,0.728910003667,0.718402384493,0.727917376039,25.770499058,16.4430780221,25.756413332,15.5673674755,True,8,0,0,0,0,0,1,,,McDonald Jones Stadium,4,-6.14583333333,59.3045199628,0,0,,,,,,,
20191111730,2019,17,South Sydney Rabbitohs,Manly-Warringah Sea Eagles,1,21,20,0.654266782241,0.644054559688,0.653614043058,0.643364615605,22.0392710763,16.1903486298,22.2064884342,16.1147874302,True,3.5,0,0,0,0,0,1,,,Accor Stadium,-4,1.79861111111,17.6903248129,0,0,,,,,,,
20191111750,2019,17,Melbourne Storm,Cronulla-Sutherland Sharks,1,40,16,0.734097950485,0.750537016159,0.733200600512,0.749489351452,24.4129242704,12.5533499589,24.5953632231,13.1314016265,True,10,0,0,0,0,0,1,,,AAMI Park,6,2.84375,52.6902066282,0,0,,,,,,,
20191111760,2019,17,Sydney Roosters,North Queensland Cowboys,0,12,15,0.671139616784,0.682696725971,0.670427261732,0.681854149823,24.149679063,17.1547310455,24.2900928182,16.835664491,True,12,0,0,0,0,0,1,,,Industree Group Stadium,0,-7.07986111111,34.6457802538,0,0,,,,,,,
20191111770,2019,17,Wests Tigers,Parramatta Eels,0,18,30,0.499560876378,0.497198435539,0.499562862109,0.497212647448,20.8067378006,21.5851606416,21.1661411411,20.974467096,True,-2,0,0,0,0,0,1,,,CommBank Stadium,-2,-6.03472222222,-8.89086672764,0,0,,,,,,,
20191111780,2019,17,St. George Illawarra Dragons,Canberra Raiders,0,14,36,0.486047406473,0.46961614919,0.486110468017,0.469769908172,20.1325633949,21.2502485594,20.2238167316,20.7239779908,True,-2,0,0,0,0,0,1,,,WIN Stadium,-2,-5.03125,-37.4879713089,0,0,,,,,,,
20191111810,2019,18,Brisbane Broncos,Canterbury-Bankstown Bulldogs,1,28,6,0.651606603041,0.667814157876,0.650963582285,0.667027824079,25.5071053335,16.4222215766,25.4340576227,17.1270618648,True,8,0,0,0,0,0,1,,,Suncorp Stadium,-1,-0.899305555556,22.6375936388,0,0,,,,,,,
20191111820,2019,18,New Zealand Warriors,Cronulla-Sutherland Sharks,1,19,18,0.52115370828,0.549124376693,0.521058163937,0.548876765712,21.3804862787,21.5498166328,21.6453721341,22.3078427245,True,-1.5,0,0,0,0,0,1,,,Other,3,0.0868055555556,-6.07101688676,0,0,,,,,,,
20191111830,2019,18,Penrith Panthers,St. George Illawarra Dragons,1,40,18,0.615474808989,0.593479187626,0.614971275355,0.593016017906,21.7245657339,16.2612385778,21.6452721534,17.254754503,True,4.5,0,0,0,0,0,1,,,BlueBet Stadium,6,2.00694444444,-3.26463929585,0,0,,,,,,,
20191111840,2019,18,Sydney Roosters,Newcastle Knights,1,48,10,0.708937254645,0.74118441319,0.708105884767,0.740159217355,23.7929073288,17.6227383326,23.8561091294,17.7010627388,True,9.5,0,0,0,0,0,1,,,Sydney Cricket Ground,0,-1.75347222222,10.0883144447,0,0,,,,,,,
20191111850,2019,18,Canberra Raiders,Wests Tigers,1,20,12,0.668515039275,0.650743554416,0.667811718189,0.650025714358,22.8707200542,16.5065163998,22.9317086368,15.6549244201,True,8.5,0,0,0,0,0,1,,,GIO Stadium,4,-0.0868055555556,28.1531956478,0,0,,,,,,,
20191111860,2019,18,North Queensland Cowboys,South Sydney Rabbitohs,0,18,30,0.521178938298,0.493625526299,0.521083280271,0.493657860225,19.9950983373,19.0293582487,19.7230778458,18.8313579642,True,-1.5,0,0,0,0,0,1,,,1300SMILES Stadium,2,-0.958333333333,-24.215117934,0,0,,,,,,,
20191111870,2019,18,Gold Coast Titans,Melbourne Storm,0,18,38,0.436396186292,0.391306044171,0.43668071281,0.391840033889,18.1701374039,27.219659068,18.1829783195,26.9365916086,True,-6,1,0,1,1,1,1,leadership_change,0,Cbus Super Stadium,-8,1.06597222222,-69.3559450254,0,0,17,leadership-titans-2019-brennan-hodges-burt,effective,0,home,titans,1
20191111880,2019,18,Manly-Warringah Sea Eagles,Parramatta Eels,1,36,24,0.60424185467,0.618689094989,0.603784158772,0.618109701943,22.2685273097,19.9850707842,22.5811526532,19.5282718659,True,5.5,0,0,0,0,0,1,,,4 Pines Park,-2,1.04513888889,3.23752172864,0,0,,,,,,,
20191111910,2019,19,Cronulla-Sutherland Sharks,North Queensland Cowboys,1,16,14,0.53894486357,0.575692699171,0.538769461966,0.57531456329,21.8788605151,18.3583241589,22.0127469657,19.3396070077,True,4.5,0,0,0,0,0,1,,,Sharks Stadium,-2,0.982638888889,3.16112686484,0,0,,,,,,,
20191111920,2019,19,Newcastle Knights,Wests Tigers,0,26,28,0.524646971687,0.514924163347,0.524535696693,0.514848498407,22.1826888292,20.8265865477,22.1521398717,21.4011183543,True,5.5,0,0,0,0,0,1,,,McDonald Jones Stadium,-2,0.104166666667,23.4849380239,0,0,,,,,,,
20191111930,2019,19,South Sydney Rabbitohs,St. George Illawarra Dragons,1,20,16,0.670705690899,0.682353917157,0.669994823127,0.68151259739,24.8798945759,15.8834435408,25.1683618868,15.9791665683,True,6,0,0,0,0,0,1,,,Accor Stadium,2,-0.986111111111,27.7738547373,0,0,,,,,,,
20191111940,2019,19,Parramatta Eels,New Zealand Warriors,1,24,22,0.551758187646,0.522782967925,0.551525799766,0.522667549837,21.9286052147,20.3417744247,21.6584136834,20.6398044006,True,4,0,0,0,0,0,1,,,CommBank Stadium,-1,-1.83680555556,12.0846572651,0,0,,,,,,,
20191111950,2019,19,Gold Coast Titans,Brisbane Broncos,0,12,34,0.465892158302,0.45670254117,0.46604591938,0.45692109576,19.2796034326,21.5600202431,19.783223138,21.8645510691,True,-6.5,1,0,1,1,1,1,leadership_change,1,Cbus Super Stadium,-3,-2.75694444444,-17.6334358036,0,0,17,leadership-titans-2019-brennan-hodges-burt,effective,1,home,titans,1
20191111960,2019,19,Melbourne Storm,Manly-Warringah Sea Eagles,0,10,11,0.74720247552,0.750229195083,0.746275649053,0.749182236212,23.7732484712,13.7537101902,23.6184802913,12.9227995249,True,7.5,0,0,0,0,0,1,,,AAMI Park,2,0.0868055555556,49.5132714049,0,0,,,,,,,
20191111970,2019,19,Canterbury-Bankstown Bulldogs,Sydney Roosters,0,12,20,0.323006657772,0.339147485025,0.323738826903,0.339906373754,18.2736766987,28.2009236409,18.0971096729,28.1282911135,True,-15.5,0,0,0,0,0,1,,,Accor Stadium,-2,1.79861111111,-45.5256557128,0,0,,,,,,,
20191111980,2019,19,Penrith Panthers,Canberra Raiders,0,18,30,0.494601909179,0.486808302366,0.494626317637,0.4868751924,19.595446182,19.5831949288,19.1441527458,19.4315966899,True,-1.5,0,0,0,0,0,1,,,BlueBet Stadium,2,0.899305555556,-28.5347052399,0,0,,,,,,,
20191112010,2019,20,Wests Tigers,North Queensland Cowboys,1,28,4,0.560256471475,0.561502137316,0.559986617915,0.561193272708,21.8181760983,18.6218283263,21.8893145099,19.0557939279,True,3.5,0,0,0,0,0,1,,,Leichhardt Oval,2,-0.923611111111,-3.34944006519,0,0,,,,,,,
20191112020,2019,20,New Zealand Warriors,Canberra Raiders,0,12,46,0.430304092856,0.411176896484,0.430615189006,0.411618022503,19.3094345652,21.5317888279,19.4159080458,22.4184222328,True,-3.5,0,0,0,0,0,1,,,Go Media Stadium,-3,1.04513888889,-28.5934816257,0,0,,,,,,,
20191112030,2019,20,Brisbane Broncos,Melbourne Storm,0,4,40,0.411806817979,0.386996259646,0.412197361747,0.387549942825,18.5323473564,20.2970443936,18.6239858851,19.8790144781,True,-6,0,0,0,0,0,1,,,Suncorp Stadium,-1,0.0868055555556,-58.6890539937,0,0,,,,,,,
20191112040,2019,20,Manly-Warringah Sea Eagles,Newcastle Knights,1,30,6,0.714926538721,0.714893913322,0.714078414321,0.713942458943,24.6972669889,16.6451977556,24.7799976555,17.4901884744,True,6.5,0,0,0,0,0,1,,,4 Pines Park,6,-1.06597222222,18.1145337914,0,0,,,,,,,
20191112050,2019,20,Canterbury-Bankstown Bulldogs,Penrith Panthers,1,16,8,0.372963823378,0.377520884182,0.37351339847,0.378117238586,19.5053401118,23.4727018606,19.4987818708,22.4753865296,True,-6.5,0,0,0,0,0,1,,,CommBank Stadium,-4,0.0868055555556,-36.5608472661,0,0,,,,,,,
20191112060,2019,20,Cronulla-Sutherland Sharks,South Sydney Rabbitohs,1,39,24,0.467899491433,0.460548214002,0.468044254469,0.460747525633,19.4985642244,20.2991786042,19.194355296,21.7566984642,True,-1.5,0,0,0,0,0,1,,,Sharks Stadium,-4,1.00347222222,-19.0582197057,0,0,,,,,,,
20191112070,2019,20,Sydney Roosters,Gold Coast Titans,1,58,6,0.726681421247,0.761318579903,0.725802289416,0.760247697526,27.3324217493,15.9869942836,27.2831138204,16.7797705188,True,16.5,0,1,1,1,1,1,leadership_change,2,Sydney Cricket Ground,6,-0.854166666667,64.0069446471,0,0,17,leadership-titans-2019-brennan-hodges-burt,effective,2,away,titans,1
20191112080,2019,20,St. George Illawarra Dragons,Parramatta Eels,0,4,12,0.413232858249,0.425369953561,0.4136173497,0.425742942323,20.4384870498,24.6253012958,20.8564037755,24.5927986005,True,1.5,0,0,0,0,0,1,,,Netstrata Jubilee Stadium,-6,0.795138888889,-26.7665378235,0,0,,,,,,,
20191112110,2019,21,North Queensland Cowboys,Brisbane Broncos,0,14,18,0.463017052004,0.480790987272,0.463183683584,0.4808883385,20.7968356535,20.0660637075,21.1106203764,21.2088790577,True,-1.5,0,0,0,0,0,1,,,1300SMILES Stadium,-5,1.00347222222,-16.2261178785,0,0,,,,,,,
20191112120,2019,21,New Zealand Warriors,Manly-Warringah Sea Eagles,1,24,16,0.388126131212,0.400738375851,0.388615083614,0.401228688041,19.1384936895,22.1011141872,19.1892677301,22.4168475122,True,-7.5,0,0,0,0,0,1,,,Go Media Stadium,-3,0.791666666667,-21.4771057526,0,0,,,,,,,
20191112130,2019,21,Penrith Panthers,Cronulla-Sutherland Sharks,1,26,20,0.565241832293,0.584129483722,0.564950144275,0.583710739553,21.5534751844,21.140800307,21.1811703892,20.5264012064,True,-4.5,0,0,0,0,0,1,,,BlueBet Stadium,2,0.0868055555556,4.84005156888,0,0,,,,,,,
20191112140,2019,21,St. George Illawarra Dragons,Gold Coast Titans,1,40,28,0.669264305098,0.68634827055,0.668558395678,0.685492430906,26.4819665923,18.4817278187,26.3348939236,18.1182621491,True,8.5,0,0,0,0,0,1,leadership_change,,Netstrata Jubilee Stadium,0,-0.0868055555556,13.18669212,0,0,17,leadership-titans-2019-brennan-hodges-burt,effective,3,away,titans,1
20191112150,2019,21,Parramatta Eels,Newcastle Knights,1,20,14,0.619521319992,0.639886579925,0.619001534353,0.639214298518,23.130028689,18.5399870583,23.4561427556,19.9414726134,True,4,0,0,0,0,0,1,leadership_change,,CommBank Stadium,8,-1.04513888889,10.4763721669,0,0,18,leadership-knights-2019-brown-woolf,effective,-3,away,knights,1
20191112160,2019,21,Canterbury-Bankstown Bulldogs,Wests Tigers,1,18,16,0.445901188692,0.435065217082,0.446143924403,0.435390939635,19.2181496945,22.2173430496,19.181777889,22.5026870098,True,-4.5,0,0,0,0,0,1,,,Accor Stadium,2,-1.90277777778,-17.1999805162,0,0,,,,,,,
20191112170,2019,21,Canberra Raiders,Sydney Roosters,0,18,22,0.617239829383,0.619680285334,0.616729189239,0.619096442448,20.8132836372,18.4135672903,20.6086375019,17.5988923968,True,1.5,0,0,0,0,0,1,,,GIO Stadium,0,1.75,-5.54301452129,0,0,,,,,,,
20191112180,2019,21,South Sydney Rabbitohs,Melbourne Storm,0,16,26,0.51049981976,0.507459310696,0.510452353099,0.507421475539,19.394008854,22.4488617361,19.1170351431,22.0227013765,True,-5.5,0,0,0,0,0,1,,,Industree Group Stadium,-2,-0.986111111111,-39.2619358712,0,0,,,,,,,
20191112210,2019,22,Manly-Warringah Sea Eagles,Wests Tigers,1,32,12,0.68583494428,0.677319604936,0.685073759306,0.676496952741,24.8215935154,17.4152528713,24.8451798453,17.0386370738,True,10,0,0,0,0,0,1,,,4 Pines Park,2,0.982638888889,26.3836785264,0,0,,,,,,,
20191112220,2019,22,Gold Coast Titans,Parramatta Eels,0,12,36,0.34068685097,0.321787202292,0.341357793856,0.322613195862,19.4617501508,26.7044925454,19.6544667994,27.6785197792,True,-8.5,0,0,0,0,0,1,,,Cbus Super Stadium,-8,0.104166666667,-54.3563722369,0,0,,,,,,,
20191112230,2019,22,Brisbane Broncos,Penrith Panthers,1,24,12,0.545264340918,0.515796454033,0.545060766714,0.515716372298,21.464705468,18.5913911604,21.5939612095,19.308059063,True,2.5,0,0,0,0,0,1,,,Suncorp Stadium,1,1.00347222222,-0.280554183686,0,0,,,,,,,
20191112240,2019,22,Newcastle Knights,North Queensland Cowboys,1,42,6,0.593591886348,0.601884936232,0.593178550879,0.60138239994,23.9979101326,19.2185578568,24.334097141,18.3645989098,True,8,0,0,0,0,0,1,leadership_change,,McDonald Jones Stadium,-2,-1.90277777778,4.93669785443,0,0,18,leadership-knights-2019-brown-woolf,effective,-2,home,knights,1
20191112250,2019,22,Melbourne Storm,Canberra Raiders,0,18,22,0.709156065497,0.70546924601,0.70832407256,0.704547699491,22.4228824132,13.9793312809,22.5483860786,14.2867618546,True,6,0,0,0,0,0,1,,,AAMI Park,0,-0.0868055555556,23.6703410739,0,0,,,,,,,
20191112260,2019,22,South Sydney Rabbitohs,Canterbury-Bankstown Bulldogs,0,6,14,0.735745421492,0.721278221897,0.734844171907,0.720307507196,26.9854133801,15.7597669769,26.7365133131,15.1850218357,True,9.5,0,0,0,0,0,1,,,Accor Stadium,0,-0.854166666667,27.6427765075,0,0,,,,,,,
20191112270,2019,22,Sydney Roosters,New Zealand Warriors,1,42,6,0.707527688715,0.68576842468,0.706700352157,0.684914676533,26.0991310208,17.0992069281,26.7799236681,17.0460353877,True,14.5,0,0,0,0,0,1,,,Sydney Cricket Ground,3,-1.75,65.2094903348,0,0,,,,,,,
20191112280,2019,22,Cronulla-Sutherland Sharks,St. George Illawarra Dragons,1,18,12,0.696736792922,0.691043284407,0.69594142969,0.690170717739,26.9379752476,17.9161113264,27.1578280416,19.043782312,True,8,0,0,0,0,0,1,,,Sharks Stadium,2,0.795138888889,27.1653655574,0,0,,,,,,,
20191112310,2019,23,Parramatta Eels,Canterbury-Bankstown Bulldogs,0,6,12,0.689325757784,0.720134175539,0.688553431443,0.719166851067,26.9151897156,16.6868106694,27.2940410813,17.4045236308,True,7.5,0,0,0,0,0,1,,,CommBank Stadium,2,1.06597222222,24.2253298935,0,0,,,,,,,
20191112320,2019,23,North Queensland Cowboys,Penrith Panthers,1,24,10,0.408931304393,0.426580219254,0.409334011972,0.42694733752,20.2964763453,20.4382880546,20.6404953762,21.3777022638,True,-4,0,0,0,0,0,1,,,1300SMILES Stadium,-4,-0.795138888889,-19.2062202269,0,0,,,,,,,
20191112330,2019,23,Brisbane Broncos,South Sydney Rabbitohs,0,20,22,0.507326043261,0.480875733873,0.507292919364,0.48097265644,21.333617589,17.8537738698,21.0745305337,18.6458742575,True,2.5,0,0,0,0,0,1,,,Suncorp Stadium,4,0.986111111111,-11.0038684618,0,0,,,,,,,
20191112340,2019,23,Cronulla-Sutherland Sharks,New Zealand Warriors,1,42,16,0.673119021307,0.672764519564,0.672399913951,0.67195910039,24.9602096496,19.366620837,26.0681131454,19.3588391318,True,7.5,0,0,0,0,0,1,,,Sharks Stadium,2,-0.0868055555556,9.65706735529,0,0,,,,,,,
20191112350,2019,23,Wests Tigers,Newcastle Knights,1,46,4,0.597015639757,0.621907738001,0.596587953542,0.621313931324,23.6854644256,19.8296469035,23.6817282584,20.659842122,True,-1.5,0,0,0,0,0,1,leadership_change,,Campbelltown Sports Stadium,2,1.79861111111,11.8944061307,0,0,18,leadership-knights-2019-brown-woolf,effective,-1,away,knights,1
20191112360,2019,23,St. George Illawarra Dragons,Sydney Roosters,0,12,34,0.358521630202,0.382429425491,0.3591269099,0.383003785331,19.0379068977,31.1918583226,19.4474590211,30.9268415402,True,-12.5,0,0,0,0,0,1,,,Netstrata Jubilee Stadium,-8,-0.0868055555556,-71.0860659597,0,0,,,,,,,
20191112370,2019,23,Melbourne Storm,Gold Coast Titans,1,24,8,0.764074498169,0.762851162985,0.76311521651,0.76177722368,29.5028897292,13.0850768886,29.1903438817,13.7161891655,True,22.5,0,0,0,0,0,1,,,AAMI Park,6,-0.979166666667,115.047817265,0,0,,,,,,,
20191112380,2019,23,Canberra Raiders,Manly-Warringah Sea Eagles,0,14,18,0.684745306231,0.670784386133,0.683987636067,0.669986557121,23.1111939109,15.9118844648,22.7203778606,15.3019993361,True,4,0,0,0,0,0,1,,,GIO Stadium,0,-1.90277777778,21.0710628365,0,0,,,,,,,
20191112410,2019,24,North Queensland Cowboys,Canterbury-Bankstown Bulldogs,1,15,8,0.473283563924,0.461584326405,0.473404147989,0.461778445277,22.0848668234,18.7365178983,21.9306064423,19.0212274441,True,1.5,0,0,0,0,0,1,,,1300SMILES Stadium,-6,-0.923611111111,-22.4601994207,0,0,,,,,,,
20191112420,2019,24,New Zealand Warriors,South Sydney Rabbitohs,0,10,31,0.37963404196,0.381945875154,0.380157201631,0.38252241243,19.7455809935,21.1101588991,19.3920022184,22.5252162459,True,-5.5,0,0,0,0,0,1,,,Go Media Stadium,-2,-0.795138888889,-18.0022232209,0,0,,,,,,,
20191112430,2019,24,Brisbane Broncos,Parramatta Eels,1,17,16,0.3831475012,0.408642487434,0.383656584153,0.409095632541,20.6782375805,19.1664122208,20.7774064931,18.7531980263,True,2.5,0,0,0,0,0,1,,,Suncorp Stadium,-2,-1.00347222222,-8.99682814257,0,0,,,,,,,
20191112440,2019,24,Newcastle Knights,Gold Coast Titans,1,38,4,0.690905724398,0.688220956965,0.690128415745,0.687358400871,28.6453213053,20.2041188766,28.4868169585,19.2751391611,True,10.5,1,0,1,1,1,1,leadership_change,0,McDonald Jones Stadium,2,0.854166666667,56.7279894697,0,0,18,leadership-knights-2019-brown-woolf,effective,0,home,knights,1
20191112450,2019,24,Manly-Warringah Sea Eagles,Melbourne Storm,0,6,36,0.570097093277,0.552681200614,0.569784253848,0.552415918685,19.3659916722,18.1611733258,19.4550092543,18.1477706973,True,-2,0,0,0,0,0,1,,,4 Pines Park,2,-0.0868055555556,-34.0052537973,0,0,,,,,,,
20191112460,2019,24,Sydney Roosters,Penrith Panthers,1,22,6,0.744932707453,0.740901120457,0.744010729219,0.739876637632,25.7866255153,13.0348470778,26.1190859017,13.1068736286,True,13.5,0,0,0,0,0,1,,,Sydney Cricket Ground,8,-1.06597222222,66.9599112697,0,0,,,,,,,
20191112470,2019,24,Cronulla-Sutherland Sharks,Canberra Raiders,0,14,15,0.485735648449,0.502489394878,0.485800117543,0.502476766503,20.123357438,23.7538205285,20.2855120572,23.242867892,True,-1.5,0,0,0,0,0,1,,,Sharks Stadium,2,1.04513888889,-42.1600530459,0,0,,,,,,,
20191112480,2019,24,St. George Illawarra Dragons,Wests Tigers,0,14,42,0.461113604475,0.45150678324,0.461288744873,0.451751253133,20.699837399,25.4989283832,21.169147634,24.7554149926,True,-2.5,0,0,0,0,0,1,,,Sydney Cricket Ground,-4,-0.0868055555556,-10.6166114853,0,0,,,,,,,
20191112510,2019,25,South Sydney Rabbitohs,Sydney Roosters,1,16,10,0.491659624039,0.488413347572,0.491697332541,0.488472105226,19.678126469,20.3396488946,19.8092286331,20.606179344,True,-3.5,0,0,0,0,0,1,,,Accor Stadium,-6,0.982638888889,-60.8155319232,0,0,,,,,,,
20191112520,2019,25,Parramatta Eels,Manly-Warringah Sea Eagles,1,32,16,0.546388415487,0.544057570867,0.546179843249,0.54383521882,20.893245311,19.4316107662,20.9697574496,19.9647615201,True,4.5,0,0,0,0,0,1,,,CommBank Stadium,0,0.899305555556,-23.8239767686,0,0,,,,,,,
20191112530,2019,25,Melbourne Storm,North Queensland Cowboys,1,24,16,0.735002570071,0.768495578238,0.7341030721,0.767410921579,28.508658026,12.7939045916,28.3163867802,13.2611629889,True,13.5,0,0,0,0,0,1,,,AAMI Park,4,-1.90277777778,80.732170303,0,0,,,,,,,
20191112540,2019,25,Canberra Raiders,New Zealand Warriors,0,20,24,0.701641843266,0.697193065511,0.700831709645,0.696299162626,27.0648698924,16.4012296484,27.2508131797,15.2522387101,True,10.5,0,0,0,0,0,1,,,GIO Stadium,4,-1.75,66.6450346474,0,0,,,,,,,
20191112550,2019,25,Canterbury-Bankstown Bulldogs,Brisbane Broncos,1,30,14,0.540893265535,0.508103515699,0.540709165019,0.508062414092,22.091745154,20.1071240263,22.0686019213,19.3710350019,True,-4,0,0,0,0,0,1,,,Accor Stadium,2,1.00347222222,-7.43321461793,0,0,,,,,,,
20191112560,2019,25,Gold Coast Titans,St. George Illawarra Dragons,0,16,24,0.458248346563,0.459486411992,0.458436275947,0.459691041577,22.6381458855,21.4978555878,23.0190838711,22.6405281782,True,-2.5,0,0,0,0,0,1,,,Cbus Super Stadium,-2,1.04513888889,-30.3819542643,0,0,,,,,,,
20191112570,2019,25,Wests Tigers,Cronulla-Sutherland Sharks,0,8,25,0.600820177096,0.603225878201,0.600376642607,0.602717115744,22.4833774567,20.0944755961,22.6262931335,19.5215157504,True,-1.5,0,0,0,0,0,1,,,Leichhardt Oval,0,-0.0868055555556,-1.495417411,0,0,,,,,,,
20191112580,2019,25,Penrith Panthers,Newcastle Knights,1,54,10,0.502207225616,0.517009270302,0.502197244599,0.51692304916,23.1530437564,20.4210681051,22.461161503,21.0338816448,True,2.5,0,1,1,1,1,1,leadership_change,1,BlueBet Stadium,-2,-0.190972222222,4.19994508193,0,0,18,leadership-knights-2019-brown-woolf,effective,1,away,knights,1
20191112610,2019,26,Sydney Roosters,South Sydney Rabbitohs,1,30,6,0.702209582506,0.723687975346,0.701397764472,0.722710208586,23.9201567778,14.3801803444,23.8611024766,14.8032600509,True,8.5,0,0,0,0,0,1,,,Sydney Cricket Ground,2,0,53.1940746023,0,0,,,,,,,
20191112620,2019,26,Melbourne Storm,Canberra Raiders,0,10,12,0.752468016769,0.768464973241,0.751530373334,0.767380372366,24.2266259455,13.086020836,23.8561339276,12.916307444,True,8,0,0,0,0,0,1,,,AAMI Park,4,0.795138888889,27.2733624273,0,0,,,,,,,
20191112630,2019,26,Manly-Warringah Sea Eagles,Cronulla-Sutherland Sharks,1,28,16,0.496663761268,0.51128433484,0.496678847403,0.511227109236,21.7994995824,21.8192696284,21.9913809581,20.7122446787,True,-5.5,0,0,0,0,0,1,,,4 Pines Park,-2,1.83333333333,4.7388460939,0,0,,,,,,,
20191112640,2019,26,Parramatta Eels,Brisbane Broncos,1,58,0,0.638696586635,0.647685208016,0.638101869785,0.646980052374,23.8069785957,18.7024322903,24.2499672741,18.2172765727,True,6,0,0,0,0,0,1,,,CommBank Stadium,0,0.979166666667,3.73913626132,0,0,,,,,,,
20191112710,2019,27,South Sydney Rabbitohs,Manly-Warringah Sea Eagles,1,34,26,0.730896996113,0.710534542849,0.730007377238,0.70959670846,23.6765644821,16.7768861754,23.3969401985,15.6373976076,True,6.5,0,0,0,0,0,1,,,Accor Stadium,0,1,6.20315356317,0,0,,,,,,,
20191112720,2019,27,Melbourne Storm,Parramatta Eels,1,32,0,0.724745876524,0.710273296517,0.723871673868,0.709336290147,24.5104429403,13.302583152,24.6086899508,13.000169566,True,8,0,0,0,0,0,1,,,AAMI Park,0,0.934027777778,47.3901701404,0,0,,,,,,,
20191112810,2019,28,Canberra Raiders,South Sydney Rabbitohs,1,16,10,0.639313202733,0.647400057816,0.638716137408,0.646696090907,23.0982572278,16.0093564895,22.5104408137,16.3960229223,True,7.5,0,0,0,0,0,1,,,GIO Stadium,-2,6.09027777778,19.0974730225,0,0,,,,,,,
20191112820,2019,28,Sydney Roosters,Melbourne Storm,1,14,6,0.601640638165,0.604311266199,0.601193699936,0.603797475417,19.6767874719,15.4980051031,19.5293661438,15.2686052291,True,4,0,0,0,0,0,1,,,Sydney Cricket Ground,0,8,-1.51501505262,0,0,,,,,,,
20191112910,2019,29,Sydney Roosters,Canberra Raiders,1,14,8,0.714191113426,0.73770251663,0.713345012448,0.736686213224,23.8283277308,14.6362263348,23.6519991865,14.3069940453,True,7.5,0,0,0,0,0,1,,,Accor Stadium,2,-1,27.3042692323,0,0,,,,,,,
20201110110,2020,1,Parramatta Eels,Canterbury-Bankstown Bulldogs,1,8,2,0.620103303191,0.635470756579,0.619625440245,0.634877062519,22.7655155775,17.3331921813,22.5929922105,17.3124574146,True,11.5,0,0,0,0,0,1,,,CommBank Stadium,0,0,47.6166430379,0,0,,,,,,,
20201110120,2020,1,Canberra Raiders,Gold Coast Titans,1,24,6,0.598543367506,0.595851502259,0.598146087931,0.595420463218,22.1158439699,15.9728713435,22.3768951311,17.275575928,True,9.5,0,0,0,0,0,1,,,GIO Stadium,0,0,97.0628031484,0,0,,,,,,,
20201110130,2020,1,North Queensland Cowboys,Brisbane Broncos,0,21,28,0.538982690135,0.528992127519,0.53882199567,0.528858772576,20.579061606,19.5570951345,20.5036195398,19.5443161658,True,4.5,0,0,0,0,0,1,,,Queensland Country Bank Stadium,0,0,-14.3976648436,0,0,,,,,,,
20201110140,2020,1,Newcastle Knights,New Zealand Warriors,1,20,0,0.560602073525,0.559278429114,0.560353696831,0.559007708041,21.5212503223,20.5358226621,21.6272702491,21.1215461787,True,6.5,0,0,0,0,0,1,leadership_change,,McDonald Jones Stadium,0,0,25.2603919264,0,0,18,leadership-knights-2019-brown-woolf,effective,2,home,knights,1
20201110150,2020,1,South Sydney Rabbitohs,Cronulla-Sutherland Sharks,1,22,18,0.59857431986,0.602633790395,0.598176922203,0.602173966338,21.1422137232,17.6200318892,20.7351558743,16.8445824339,True,6.5,0,0,0,0,0,1,,,Accor Stadium,0,0,-8.0046168609,0,0,,,,,,,
20201110160,2020,1,Penrith Panthers,Sydney Roosters,1,20,14,0.460180170203,0.483030438291,0.460344286639,0.483108607681,19.3964446581,18.1104911024,19.4522965811,17.8492020387,True,-4,0,0,0,0,0,1,,,BlueBet Stadium,0,0,-78.2728060114,0,0,,,,,,,
20201110170,2020,1,Manly-Warringah Sea Eagles,Melbourne Storm,0,4,18,0.477704978657,0.492338524019,0.477797133684,0.492373837654,18.6414855492,20.4636701022,18.5769223011,19.9595974096,True,-1.5,0,0,0,0,0,1,,,4 Pines Park,0,0,-51.1915523133,0,0,,,,,,,
20201110180,2020,1,St. George Illawarra Dragons,Wests Tigers,0,14,24,0.526949958482,0.554624875097,0.526838630403,0.554375051159,20.2566577476,19.250304362,19.9899551714,18.645070544,True,2,0,0,0,0,0,1,,,WIN Stadium,0,0,-50.3128268616,0,0,,,,,,,
20201110210,2020,2,Canterbury-Bankstown Bulldogs,North Queensland Cowboys,0,16,24,0.551435344053,0.53633869015,0.551223954645,0.536171756563,21.3060163483,16.3127763924,21.2936076157,15.8171116364,True,-3.5,0,0,0,0,0,1,,,Accor Stadium,0,0.958333333333,6.12429192145,0,0,,,,,,,
20201110220,2020,2,St. George Illawarra Dragons,Penrith Panthers,0,28,32,0.512518215476,0.487976984908,0.512466425484,0.48803238935,19.4460568252,19.0111496821,19.5015836906,18.734082673,True,-4.5,0,0,0,0,0,1,,,Netstrata Jubilee Stadium,-2,-0.944444444444,-18.1879843478,0,0,,,,,,,
20201110230,2020,2,Brisbane Broncos,South Sydney Rabbitohs,1,22,18,0.487453550348,0.461627478103,0.487505457052,0.461803683412,19.2626157791,20.6171741372,19.1979260336,19.7124707328,True,-2,0,0,0,0,0,1,,,Suncorp Stadium,0,0.934027777778,-21.8065599106,0,0,,,,,,,
20201110240,2020,2,New Zealand Warriors,Canberra Raiders,0,6,20,0.417675891825,0.436303824195,0.418010468356,0.436594295762,18.7961670211,20.6781944968,18.6644430167,20.773189991,True,-13.5,0,0,0,0,0,1,,,Cbus Super Stadium,-2,-0.875,-29.1569047123,0,0,,,,,,,
20201110250,2020,2,Sydney Roosters,Manly-Warringah Sea Eagles,0,8,9,0.603161048959,0.616833702754,0.602746224941,0.616314795199,23.1230339606,15.2116208804,23.0929297333,14.6934515009,True,4.5,0,0,0,0,0,1,,,Leichhardt Oval,0,0.854166666667,25.6604420005,0,0,,,,,,,
20201110260,2020,2,Cronulla-Sutherland Sharks,Melbourne Storm,0,10,12,0.479835405111,0.463833304777,0.47991877418,0.463999453768,17.957383123,18.4819138148,18.2262502067,18.1857525566,True,-6,0,0,0,0,0,1,,,Netstrata Jubilee Stadium,-2,0.940972222222,-23.9512138121,0,0,,,,,,,
20201110270,2020,2,Wests Tigers,Newcastle Knights,0,24,42,0.573979559408,0.574320669431,0.573677827195,0.573983088329,22.2292685264,16.8787158118,22.3511495933,17.16578088,True,-1.5,0,0,0,0,0,1,leadership_change,,Leichhardt Oval,0,-1.13541666667,19.0516506722,0,0,18,leadership-knights-2019-brown-woolf,effective,3,away,knights,1
20201110280,2020,2,Gold Coast Titans,Parramatta Eels,0,6,46,0.449246820645,0.444921972015,0.44945544546,0.445173834831,19.0977657766,18.8647050086,19.198702011,19.3239589132,True,-8,0,0,0,0,0,1,,,Cbus Super Stadium,-2,-0.913194444444,-44.003421028,0,0,,,,,,,
20201110310,2020,3,Brisbane Broncos,Parramatta Eels,0,6,34,0.429053449411,0.433339044827,0.429343156251,0.433642719851,19.3429785555,18.5619531956,19.3817813023,18.7049384192,True,-1.5,0,0,0,0,0,1,,,Suncorp Stadium,0,1.92361111111,-23.9638035518,0,0,,,,,,,
20201110320,2020,3,North Queensland Cowboys,Gold Coast Titans,1,36,6,0.650776534626,0.648258199947,0.650190807812,0.647615260224,24.1115996442,15.4692567745,24.4699350692,15.4594665831,True,10.5,0,0,0,0,0,1,,,Queensland Country Bank Stadium,2,2.88194444444,22.4745055109,0,0,,,,,,,
20201110330,2020,3,Sydney Roosters,South Sydney Rabbitohs,1,28,12,0.625093828998,0.637037387587,0.624597831638,0.63643756478,22.9317501076,15.8267243334,22.8282635775,14.5232587843,True,7.5,0,0,0,0,0,1,,,CommBank Stadium,-2,-0.934027777778,18.3717215613,0,0,,,,,,,
20201110340,2020,3,New Zealand Warriors,St. George Illawarra Dragons,1,18,0,0.451723612387,0.443902730016,0.451922186561,0.44415917566,20.0329169152,19.4627667086,20.1385130237,18.2825028156,True,-6.5,0,0,0,0,0,1,,,Industree Group Stadium,0,-0.833333333333,-2.65584987608,0,0,,,,,,,
20201110350,2020,3,Cronulla-Sutherland Sharks,Wests Tigers,0,16,28,0.55098576238,0.537798339087,0.550776194805,0.537624750176,20.6901530553,16.9585720858,20.7906251971,17.1184985941,True,1.5,0,0,0,0,0,1,,,CommBank Stadium,-2,0.854166666667,-1.74798216074,0,0,,,,,,,
20201110360,2020,3,Melbourne Storm,Canberra Raiders,0,6,22,0.625379898472,0.622781608559,0.624882868006,0.62223847212,21.8362625248,13.9909564356,21.5340255285,14.4933954992,True,4.5,0,0,0,0,0,1,,,AAMI Park,0,-0.232638888889,15.757082701,0,0,,,,,,,
20201110380,2020,3,Manly-Warringah Sea Eagles,Canterbury-Bankstown Bulldogs,1,32,6,0.642757738191,0.620500695732,0.642199339685,0.619966812336,23.0165663137,15.5436872826,22.6732311566,15.8865162395,True,8.5,0,0,0,0,0,1,,,Industree Group Stadium,2,-1.89236111111,5.21129044685,0,0,,,,,,,
20201110410,2020,4,Brisbane Broncos,Sydney Roosters,0,0,59,0.43500494684,0.4156354151,0.435270932201,0.416016959162,19.6441015248,18.6168769111,19.6114643508,20.8855836508,True,-10,0,0,0,0,0,1,,,Suncorp Stadium,2,1.00347222222,-31.0883886024,0,0,,,,,,,
20201110420,2020,4,Penrith Panthers,New Zealand Warriors,1,26,0,0.622202357101,0.674184188791,0.621716841169,0.673447408332,23.4399586723,14.9549721399,23.1665315242,15.2728037169,True,6,0,0,0,0,0,1,leadership_change,,Campbelltown Sports Stadium,3,-1.04513888889,30.4849033343,0,0,19,leadership-warriors-2020-kearney-payten,effective,-3,away,warriors,1
20201110430,2020,4,Melbourne Storm,South Sydney Rabbitohs,1,22,8,0.627170584025,0.627278489682,0.626667102817,0.626717254556,22.6370867636,15.1922917622,22.4751564396,14.8936948229,True,8.5,0,0,0,0,0,1,,,AAMI Park,2,-0.986111111111,28.9865094454,0,0,,,,,,,
20201110440,2020,4,Parramatta Eels,Manly-Warringah Sea Eagles,1,19,16,0.641506485965,0.633639064494,0.640952410531,0.633052568625,22.9132352268,15.2667012951,22.2941756224,16.1871291057,True,2,0,0,0,0,0,1,,,CommBank Stadium,2,2.94444444444,20.4461580084,0,0,,,,,,,
20201110450,2020,4,North Queensland Cowboys,Cronulla-Sutherland Sharks,0,16,26,0.542983102536,0.558202843432,0.542806072587,0.557936944199,21.5854830033,17.5769839062,21.6368735445,17.2638733068,True,2.5,0,0,0,0,0,1,,,Queensland Country Bank Stadium,4,0.979166666667,-15.4521205978,0,0,,,,,,,
20201110460,2020,4,Canberra Raiders,Newcastle Knights,0,18,34,0.627510420357,0.608497923118,0.627005718085,0.608013496995,21.9825842915,13.6516156187,22.0533097749,15.3320505542,True,9.5,0,0,0,0,0,1,,,Campbelltown Sports Stadium,1,0.854166666667,17.7746074873,0,0,,,,,,,
20201110470,2020,4,Gold Coast Titans,Wests Tigers,1,28,23,0.367594937551,0.373723773338,0.36811711273,0.374280991458,18.4485556244,26.0606993641,18.7493869791,25.5761042557,True,-8.5,0,0,0,0,0,1,,,Suncorp Stadium,-4,0.979166666667,-46.1901779081,0,0,,,,,,,
20201110480,2020,4,Canterbury-Bankstown Bulldogs,St. George Illawarra Dragons,1,22,2,0.487788483008,0.446200718762,0.487839005152,0.446446825967,21.1773426345,16.525804224,21.1690163112,16.2899986149,True,-1.5,0,0,0,0,0,1,,,CommBank Stadium,0,-1.14583333333,9.72249776307,0,0,,,,,,,
20201110510,2020,5,Manly-Warringah Sea Eagles,Brisbane Broncos,1,20,18,0.689855970369,0.686994881809,0.689147588624,0.686215090849,24.4945962697,14.8572681829,24.4177541935,14.9967083606,True,12,0,0,0,0,0,1,,,Industree Group Stadium,0,-1.90277777778,32.0953556723,0,0,,,,,,,
20201110520,2020,5,New Zealand Warriors,North Queensland Cowboys,1,37,26,0.45301851541,0.437621531379,0.453211827089,0.437906121191,18.8490609604,17.6915387291,19.2486648081,18.93114763,True,-7.5,0,0,0,0,0,1,leadership_change,,Industree Group Stadium,-2,1.06597222222,-16.161553948,0,0,19,leadership-warriors-2020-kearney-payten,effective,-2,home,warriors,1
20201110530,2020,5,Parramatta Eels,Penrith Panthers,1,16,10,0.635888187449,0.612286861184,0.63535371127,0.611786688331,22.073575203,15.3578708818,21.7952696634,14.8993946734,True,6,0,0,0,0,0,1,,,CommBank Stadium,1,-0.979166666667,28.2072340089,0,0,,,,,,,
20201110540,2020,5,South Sydney Rabbitohs,Gold Coast Titans,1,32,12,0.700450651628,0.676123319125,0.69971245744,0.675379876316,24.7942949848,15.2380535367,24.8892025336,15.1019556935,True,13.5,0,0,0,0,0,1,,,CommBank Stadium,0,1.94097222222,56.5034995938,0,0,,,,,,,
20201110550,2020,5,Newcastle Knights,Melbourne Storm,0,12,26,0.534696368802,0.531750531258,0.534553222957,0.531604553545,19.1889343614,17.1773681042,19.4533556544,17.3343670013,True,-3.5,0,0,0,0,0,1,,,Industree Group Stadium,1,-1.84027777778,-20.2934785734,0,0,,,,,,,
20201110560,2020,5,Wests Tigers,Canberra Raiders,0,6,14,0.453102012692,0.444700167542,0.453294984858,0.444953028022,18.9434563162,20.0529191318,19.2212975857,20.6332593396,True,-8,0,0,0,0,0,1,,,Campbelltown Sports Stadium,-2,-0.100694444444,-25.6886089376,0,0,,,,,,,
20201110570,2020,5,St. George Illawarra Dragons,Cronulla-Sutherland Sharks,1,30,16,0.585996376391,0.590270527662,0.585647465147,0.589863424672,20.6187375635,18.9893922461,20.40826197,18.9761969439,True,-5.5,0,0,0,0,0,1,,,Campbelltown Sports Stadium,-2,-1.85416666667,-26.9862987917,0,0,,,,,,,
20201110580,2020,5,Canterbury-Bankstown Bulldogs,Sydney Roosters,0,6,42,0.406479839702,0.40883641287,0.406857872987,0.409247360584,18.9614236691,18.0184391285,18.9864574616,18.0551786472,True,-17.5,0,0,0,0,0,1,,,CommBank Stadium,-2,-3.84375,-45.6266347622,0,0,,,,,,,
20201110610,2020,6,Newcastle Knights,Brisbane Broncos,1,27,6,0.694797620991,0.693863900175,0.694075133158,0.693062060673,24.9245554581,15.1101375867,24.7720038187,15.1303918767,True,6.5,0,0,0,0,0,1,,,Industree Group Stadium,3,-1.90277777778,53.3905839499,0,0,,,,,,,
20201110620,2020,6,South Sydney Rabbitohs,New Zealand Warriors,1,40,12,0.613701310423,0.61861482501,0.613247009713,0.618088628244,23.5545845516,16.0845674629,23.2141534374,15.2638927427,True,10.5,0,0,0,0,0,1,leadership_change,,CommBank Stadium,0,-0.875,20.4489239064,0,0,19,leadership-warriors-2020-kearney-payten,effective,-1,away,warriors,1
20201110630,2020,6,Penrith Panthers,Melbourne Storm,1,21,14,0.500034566554,0.532574340126,0.500034423487,0.532424595941,18.8369724356,16.197822832,18.9781158163,16.8579185567,True,-3.5,0,0,0,0,0,1,,,Campbelltown Sports Stadium,-1,0.899305555556,-12.8288072691,0,0,,,,,,,
20201110640,2020,6,Gold Coast Titans,St. George Illawarra Dragons,0,8,20,0.391578371075,0.398222219445,0.392013000067,0.398678429593,18.8001049233,20.4237817187,19.427523111,19.5484853316,True,-4.5,0,0,0,0,0,1,,,Suncorp Stadium,0,1.04513888889,-15.3443096933,0,0,,,,,,,
20201110650,2020,6,Wests Tigers,North Queensland Cowboys,1,36,20,0.614914975969,0.609051214867,0.614456183406,0.608564481821,21.9701191382,18.8516558232,21.5940537522,18.5902872786,True,4.5,0,0,0,0,0,1,,,Campbelltown Sports Stadium,0,-1.06597222222,0.309185459522,0,0,,,,,,,
20201110660,2020,6,Sydney Roosters,Parramatta Eels,1,24,10,0.673112660052,0.655397157355,0.672454532485,0.654727535693,21.9576909884,13.6658765361,21.7464638478,13.8557797259,True,7.5,0,0,0,0,0,1,,,CommBank Stadium,-4,-2.96180555556,15.7086566239,0,0,,,,,,,
20201110670,2020,6,Cronulla-Sutherland Sharks,Canterbury-Bankstown Bulldogs,1,20,18,0.61531627217,0.613311892155,0.61485599692,0.612807480136,22.7379437365,15.5110937985,22.7701749214,14.6882756628,True,4.5,0,0,0,0,0,1,,,CommBank Stadium,0,1.12152777778,15.9171480432,0,0,,,,,,,
20201110680,2020,6,Canberra Raiders,Manly-Warringah Sea Eagles,0,6,14,0.570653979152,0.59588768194,0.570365434642,0.595456488447,21.9312757926,15.2016900247,21.2690638423,15.0675393733,True,4.5,0,0,0,0,0,1,,,Campbelltown Sports Stadium,2,-1.98958333333,4.57372230869,0,0,,,,,,,
20201110710,2020,7,Penrith Panthers,South Sydney Rabbitohs,1,20,12,0.625841924657,0.61034345591,0.62534322713,0.609851344798,22.1605417273,16.1614036122,22.2938835263,16.0549235108,True,-1.5,0,0,0,0,0,1,,,Netstrata Jubilee Stadium,3,-0.0798611111111,14.6582251833,0,0,,,,,,,
20201110720,2020,7,Melbourne Storm,New Zealand Warriors,1,50,6,0.712250076932,0.711993674802,0.71148065098,0.711137328407,24.6289525336,13.555757623,24.844480476,12.8385249478,True,16.5,0,1,1,1,1,1,leadership_change,0,Netstrata Jubilee Stadium,2,-0.0798611111111,50.8265077495,0,0,19,leadership-warriors-2020-kearney-payten,effective,0,away,warriors,1
20201110730,2020,7,Sydney Roosters,St. George Illawarra Dragons,1,26,12,0.679143043547,0.677411184389,0.678466393321,0.676663346117,24.2220645263,13.3789769925,23.8401463606,13.3863492043,True,15.5,0,0,0,0,0,1,,,CommBank Stadium,4,-0.190972222222,83.2989347482,0,0,,,,,,,
20201110740,2020,7,North Queensland Cowboys,Newcastle Knights,1,32,20,0.432530021765,0.395599227948,0.432805891124,0.396066493866,19.0334234819,22.5227303141,18.8489460227,23.5615260638,True,-8,0,0,0,0,0,1,,,Queensland Country Bank Stadium,-3,-1.90277777778,-19.7725094952,0,0,,,,,,,
20201110750,2020,7,Brisbane Broncos,Gold Coast Titans,0,12,30,0.545189654275,0.56787798438,0.545003633177,0.567568901859,22.4182323577,16.5739190934,22.8955689298,16.7983363875,True,6,0,0,0,0,0,1,,,Suncorp Stadium,0,1.79861111111,18.8251389669,0,0,,,,,,,
20201110760,2020,7,Parramatta Eels,Canberra Raiders,1,25,24,0.622842423902,0.619043804883,0.622354581656,0.618515856791,22.2544395686,15.0959697013,21.7520607631,15.5227131574,True,2.5,0,0,0,0,0,1,,,CommBank Stadium,2,0.854166666667,12.3841168038,0,0,,,,,,,
20201110770,2020,7,Canterbury-Bankstown Bulldogs,Wests Tigers,0,6,34,0.431004123415,0.417499039923,0.431286073028,0.417872472458,19.0807865651,20.5153077223,19.3483811339,20.0385086928,True,-4,0,0,0,0,0,1,leadership_change,,CommBank Stadium,-2,-1.04166666667,-15.4364671945,0,0,20,leadership-bulldogs-2020-pay-georgallis,effective,-3,home,bulldogs,1
20201110780,2020,7,Manly-Warringah Sea Eagles,Cronulla-Sutherland Sharks,0,22,40,0.623211841527,0.629730938632,0.622722658211,0.62915991576,23.0689996034,16.368641335,22.5151463281,16.3169747375,True,2,0,0,0,0,0,1,,,Industree Group Stadium,4,0.100694444444,14.9540027411,0,0,,,,,,,
20201110810,2020,8,Melbourne Storm,Sydney Roosters,1,27,25,0.530268767441,0.497377474973,0.530143792765,0.497389564497,19.2010061364,17.1325648891,18.9780102232,16.8883257648,True,-6.5,0,0,0,0,0,1,,,Suncorp Stadium,-4,0.0798611111111,-34.1372294731,0,0,,,,,,,
20201110820,2020,8,Canberra Raiders,St. George Illawarra Dragons,1,22,16,0.609537029447,0.597774213482,0.609098227069,0.597334979453,22.4198761823,15.0509716502,22.6953710174,15.710827438,True,10.5,0,0,0,0,0,1,,,GIO Stadium,0,-0.986111111111,38.0406663777,0,0,,,,,,,
20201110830,2020,8,Parramatta Eels,North Queensland Cowboys,1,42,4,0.657846432116,0.635264528444,0.657237174384,0.634671643079,23.8609700279,15.9381532766,23.4850907679,15.9617773014,True,6.5,0,0,0,0,0,1,leadership_change,,CommBank Stadium,4,-0.190972222222,47.3580705689,0,0,21,leadership-cowboys-2020-green-hannay,effective,-3,away,cowboys,1
20201110840,2020,8,Gold Coast Titans,Cronulla-Sutherland Sharks,0,10,40,0.384193321668,0.411322209982,0.384655407119,0.411722442699,19.3813400265,23.8857584595,19.7345566763,23.9487980987,True,-7.5,0,0,0,0,0,1,,,Cbus Super Stadium,-2,0.940972222222,-50.3517852215,0,0,,,,,,,
20201110850,2020,8,New Zealand Warriors,Brisbane Broncos,1,26,16,0.529241187358,0.532602398736,0.529120435746,0.532452526294,23.2755808446,18.9648677686,23.5172498978,17.9982525478,True,-5.5,1,0,1,1,1,1,leadership_change,1,Industree Group Stadium,4,0.979166666667,10.7940084915,0,0,19,leadership-warriors-2020-kearney-payten,effective,1,home,warriors,1
20201110860,2020,8,Wests Tigers,Penrith Panthers,0,12,19,0.526654227058,0.527625869387,0.526544115982,0.527498772692,19.7507735339,18.2690669421,19.5205760321,18.2651552416,True,-4.5,0,0,0,0,0,1,,,CommBank Stadium,-1,-2.94444444444,-18.2084135451,0,0,,,,,,,
20201110870,2020,8,Canterbury-Bankstown Bulldogs,South Sydney Rabbitohs,0,10,26,0.398214123453,0.369420390482,0.398623737906,0.369994786511,18.2050750095,20.9735928226,18.1033758058,21.9070922465,True,-13.5,0,0,0,0,0,1,leadership_change,,CommBank Stadium,-2,-2.94444444444,-29.6110235727,0,0,20,leadership-bulldogs-2020-pay-georgallis,effective,-2,home,bulldogs,1
20201110880,2020,8,Manly-Warringah Sea Eagles,Newcastle Knights,0,12,14,0.477474394789,0.471753831023,0.477567500364,0.471883769527,20.9461403579,19.4861569062,20.459254416,19.2808748363,True,-1.5,0,0,0,0,0,1,,,4 Pines Park,1,-1.04513888889,1.82931497434,0,0,,,,,,,
20201110910,2020,9,North Queensland Cowboys,Sydney Roosters,0,16,42,0.392475773869,0.389077592152,0.392907038472,0.389572108234,18.7790186746,25.3972538732,18.6590547761,25.2169324097,True,-14.5,0,0,0,0,0,1,leadership_change,,Queensland Country Bank Stadium,-6,-1.00347222222,-68.7763682691,0,0,21,leadership-cowboys-2020-green-hannay,effective,-2,home,cowboys,1
20201110920,2020,9,Gold Coast Titans,New Zealand Warriors,1,16,12,0.501011758757,0.49669481673,0.50100757121,0.496710053064,20.5873327801,18.0252439931,20.862360592,17.2966375727,True,-2.5,0,1,1,1,1,1,leadership_change,2,Cbus Super Stadium,0,0.104166666667,-4.51744343109,0,0,19,leadership-warriors-2020-kearney-payten,effective,2,away,warriors,1
20201110930,2020,9,South Sydney Rabbitohs,Wests Tigers,1,18,10,0.526766068284,0.523750610233,0.526655496937,0.52364128442,20.1688384472,16.4984917582,20.5120836634,16.9985887021,True,4.5,0,0,0,0,0,1,,,CommBank Stadium,2,-0.954861111111,-3.6700266578,0,0,,,,,,,
20201110940,2020,9,Cronulla-Sutherland Sharks,Penrith Panthers,0,24,56,0.463220507339,0.446179549338,0.463372187278,0.446425751879,19.0347840239,18.944381304,18.9704356301,19.9030574946,True,-4.5,0,0,0,0,0,1,,,Netstrata Jubilee Stadium,0,0.190972222222,-16.589866785,0,0,,,,,,,
20201110950,2020,9,Brisbane Broncos,Canterbury-Bankstown Bulldogs,1,26,8,0.56191473976,0.523246461843,0.561661093015,0.523139449932,21.2758355716,17.2840365495,21.4065967549,17.8570284579,True,4.5,0,0,0,0,0,1,leadership_change,,Suncorp Stadium,-2,1.04166666667,-18.6915931814,0,0,20,leadership-bulldogs-2020-pay-georgallis,effective,-1,away,bulldogs,1
20201110960,2020,9,Canberra Raiders,Melbourne Storm,0,14,20,0.434773242248,0.463502546596,0.435040154097,0.46367020435,18.0457647112,17.3175370397,18.4632245483,18.5455256041,True,-1.5,0,0,0,0,0,1,,,GIO Stadium,-4,-0.923611111111,-23.7998510715,0,0,,,,,,,
20201110970,2020,9,St. George Illawarra Dragons,Manly-Warringah Sea Eagles,1,34,4,0.530384810555,0.54863753271,0.530259359105,0.548414722833,20.7888256235,17.7426957377,20.637413999,17.5087275893,True,1.5,0,0,0,0,0,1,,,Netstrata Jubilee Stadium,0,1.92013888889,-24.2289194368,0,0,,,,,,,
20201110980,2020,9,Newcastle Knights,Parramatta Eels,0,4,10,0.537745271188,0.532081861838,0.537589638209,0.531934369082,19.5228923343,18.8759766926,19.2670133537,19.6004119542,True,-4,0,0,0,0,0,1,,,McDonald Jones Stadium,-2,-1.84027777778,-23.6359885903,0,0,,,,,,,
20201111010,2020,10,Sydney Roosters,Canberra Raiders,0,20,24,0.744499019771,0.737985968539,0.743656102549,0.737061857139,24.4858165612,12.7649616456,24.021199815,12.8166131764,True,12.5,0,0,0,0,0,1,,,Sydney Cricket Ground,4,1.98958333333,41.1168381764,0,0,,,,,,,
20201111020,2020,10,Melbourne Storm,Gold Coast Titans,1,42,6,0.742812150796,0.734100421237,0.741972609044,0.733185597171,26.4280652431,13.6617258525,26.0634215482,12.3058672197,True,20.5,0,0,0,0,0,1,,,Sunshine Coast Stadium,4,-1.06597222222,98.3015800206,0,0,,,,,,,
20201111030,2020,10,Wests Tigers,Brisbane Broncos,1,48,0,0.716814791042,0.720653551807,0.716033871982,0.719773194697,24.8243108287,14.8591363478,24.7608209168,14.2880624164,True,6,0,0,0,0,0,1,,,Leichhardt Oval,2,0.899305555556,61.1533160114,0,0,,,,,,,
20201111040,2020,10,St. George Illawarra Dragons,Canterbury-Bankstown Bulldogs,1,28,22,0.711655095246,0.689126792931,0.710887192123,0.688340080642,25.0901646484,13.5862362455,24.9056203496,13.5715369488,True,10.5,0,1,1,1,1,1,leadership_change,0,WIN Stadium,6,-1.04166666667,15.9066882259,0,0,20,leadership-bulldogs-2020-pay-georgallis,effective,0,away,bulldogs,1
20201111050,2020,10,South Sydney Rabbitohs,Newcastle Knights,0,18,20,0.561970296197,0.53040088961,0.56171642656,0.53026108589,21.9833980572,15.287085621,21.5991939465,15.9986919017,True,-1.5,0,0,0,0,0,1,,,CommBank Stadium,4,1.84027777778,4.49599922259,0,0,,,,,,,
20201111060,2020,10,Manly-Warringah Sea Eagles,Parramatta Eels,1,22,18,0.43923730113,0.454144666345,0.439486323073,0.454354878605,18.4056719146,19.761647431,18.4068734084,20.1618039957,True,-8.5,0,0,0,0,0,1,,,4 Pines Park,-4,-0.100694444444,-37.7249318548,0,0,,,,,,,
20201111070,2020,10,New Zealand Warriors,Cronulla-Sutherland Sharks,0,10,46,0.457666627863,0.474649678741,0.457841007652,0.474766343809,21.0450600959,24.1737652525,21.1709657127,23.8667436431,True,-5.5,0,0,0,0,0,1,leadership_change,,Industree Group Stadium,-2,0.875,-51.255575085,0,0,19,leadership-warriors-2020-kearney-payten,effective,3,home,warriors,1
20201111080,2020,10,Penrith Panthers,North Queensland Cowboys,1,22,10,0.726051753684,0.747895336275,0.725248637157,0.746948979001,25.4649964971,15.0074447498,25.5472574525,15.080694246,True,18.5,0,0,0,0,0,1,leadership_change,,BlueBet Stadium,6,-1.79861111111,45.0903274807,0,0,21,leadership-cowboys-2020-green-hannay,effective,-1,away,cowboys,1
20201111110,2020,11,Parramatta Eels,Wests Tigers,1,26,16,0.687115617643,0.688866301333,0.686415205321,0.688080431006,23.8283942361,14.3637715302,23.7016815518,14.8659920476,True,9.5,0,0,0,0,0,1,,,CommBank Stadium,0,-0.986111111111,35.0925400966,0,0,,,,,,,
20201111120,2020,11,North Queensland Cowboys,Manly-Warringah Sea Eagles,0,12,24,0.49139242695,0.475900188731,0.491428045749,0.476011117021,20.0370260749,19.5447691667,20.3961620116,18.8645336995,True,-4.5,1,0,1,1,1,1,leadership_change,0,Queensland Country Bank Stadium,-2,-0.854166666667,-14.2051516433,0,0,21,leadership-cowboys-2020-green-hannay,effective,0,home,cowboys,1
20201111130,2020,11,Brisbane Broncos,Melbourne Storm,0,8,46,0.317910410397,0.334083365335,0.318595941001,0.334791160865,17.6706464116,29.1167805276,17.56598697,30.5163275195,True,-19.5,0,0,0,0,0,1,,,Suncorp Stadium,-6,-0.0798611111111,-86.842988711,0,0,,,,,,,
20201111140,2020,11,New Zealand Warriors,Sydney Roosters,0,10,18,0.374068630426,0.371006744129,0.374567650471,0.371574829149,18.6360158509,26.3993533488,18.6886449832,26.0662462217,True,-24.5,0,0,0,0,0,1,,,Industree Group Stadium,-4,-2.75694444444,-102.560888192,0,0,,,,,,,
20201111150,2020,11,Cronulla-Sutherland Sharks,St. George Illawarra Dragons,1,28,24,0.506062901711,0.509575446457,0.506037810474,0.509531314717,21.3041039502,19.3296196159,21.2894468884,18.6544106846,True,1.5,0,0,0,0,0,1,,,Netstrata Jubilee Stadium,2,-0.958333333333,2.60630951196,0,0,,,,,,,
20201111160,2020,11,Canberra Raiders,South Sydney Rabbitohs,1,18,12,0.557272879996,0.520479134019,0.55703790002,0.520384830847,21.2427694894,16.817701307,21.0982118828,16.1959316722,True,5.5,0,0,0,0,0,1,,,GIO Stadium,-2,1.90277777778,2.04508078382,0,0,,,,,,,
20201111170,2020,11,Newcastle Knights,Canterbury-Bankstown Bulldogs,0,12,18,0.733384395259,0.726517873609,0.732564711308,0.72562205142,25.5858392835,14.1481865256,25.6503303337,14.0497562302,True,14.5,0,1,1,1,1,1,leadership_change,1,McDonald Jones Stadium,6,-0.104166666667,50.3631775829,0,0,20,leadership-bulldogs-2020-pay-georgallis,effective,1,away,bulldogs,1
20201111180,2020,11,Gold Coast Titans,Penrith Panthers,0,14,22,0.327617341795,0.36081516363,0.328273196073,0.361423345088,18.7654573155,27.7474994469,18.5446907344,26.9063742226,True,-12,0,0,0,0,0,1,,,Cbus Super Stadium,-6,1.92013888889,-88.2169508998,0,0,,,,,,,
20201111210,2020,12,St. George Illawarra Dragons,South Sydney Rabbitohs,0,24,32,0.586224252796,0.573441856306,0.585874454566,0.573108149491,20.4545946519,17.5859969386,20.097618872,17.5082670107,True,-4.5,0,0,0,0,0,1,leadership_change,,Netstrata Jubilee Stadium,0,0.0868055555556,-16.7505008101,0,0,23,leadership-dragons-2020-mcgregor-young,effective,-3,home,dragons,1
20201111220,2020,12,Wests Tigers,New Zealand Warriors,0,20,26,0.737851728838,0.718035125829,0.737022428113,0.717161883626,24.9897529029,13.9435846917,25.3530750327,14.2956820359,True,13.5,0,0,0,0,0,1,,,Sydney Cricket Ground,2,1.79861111111,74.9966326622,0,0,,,,,,,
20201111230,2020,12,Brisbane Broncos,Cronulla-Sutherland Sharks,0,26,36,0.382883024508,0.39368043021,0.383349937209,0.39415574949,19.2971283006,27.8285468238,19.4862246078,27.2038474139,True,-3.5,0,0,0,0,0,1,,,Suncorp Stadium,-6,0.899305555556,-70.3501573856,0,0,,,,,,,
20201111240,2020,12,Sydney Roosters,Gold Coast Titans,1,18,12,0.773638540479,0.765049885462,0.772746529367,0.764070215688,25.8368162418,12.6027644567,26.1355824789,12.5119106001,True,19.5,0,0,0,0,0,1,,,Sydney Cricket Ground,2,1.04513888889,112.126426112,0,0,,,,,,,
20201111250,2020,12,North Queensland Cowboys,Canberra Raiders,0,12,14,0.400907821321,0.423724187876,0.401307193628,0.42407037292,19.2551332403,22.1813781712,19.3113535218,22.9081639994,True,-8.5,1,0,1,1,1,1,leadership_change,1,Queensland Country Bank Stadium,-4,1.06597222222,-46.7723512601,0,0,21,leadership-cowboys-2020-green-hannay,effective,1,home,cowboys,1
20201111260,2020,12,Manly-Warringah Sea Eagles,Penrith Panthers,0,12,42,0.452265682397,0.444478703817,0.452462054239,0.444732560228,18.8029702706,20.2083606427,18.7622486842,19.6674418438,True,-4.5,0,0,0,0,0,1,,,4 Pines Park,-6,1.92013888889,-40.0710059389,0,0,,,,,,,
20201111270,2020,12,Canterbury-Bankstown Bulldogs,Parramatta Eels,0,16,18,0.365227934086,0.343149013279,0.365758480863,0.343823993496,18.2959229409,25.8825155852,18.069562104,26.5078291043,True,-16.5,1,0,1,1,1,1,leadership_change,2,Accor Stadium,-6,-2.75694444444,-75.8075074741,0,0,20,leadership-bulldogs-2020-pay-georgallis,effective,2,home,bulldogs,1
20201111280,2020,12,Melbourne Storm,Newcastle Knights,1,26,16,0.644439980608,0.622217140189,0.643875794552,0.621676289138,22.8980231615,14.8438032989,22.4397479353,13.786286557,True,12,0,0,0,0,0,1,,,Sunshine Coast Stadium,6,1.75347222222,41.050306461,0,0,,,,,,,
20201111310,2020,13,St. George Illawarra Dragons,Sydney Roosters,0,16,24,0.491921212199,0.479367166229,0.491954643626,0.479462175571,19.4847615724,20.1071769533,19.4231959886,19.5893936673,True,-6.5,0,0,0,0,0,1,leadership_change,,WIN Stadium,-2,1.79861111111,-52.2785391736,0,0,23,leadership-dragons-2020-mcgregor-young,effective,-2,home,dragons,1
20201111320,2020,13,Manly-Warringah Sea Eagles,New Zealand Warriors,0,22,26,0.630461936372,0.620182808404,0.629946672012,0.61965021841,23.7364636853,15.971411644,23.9936508915,15.5482120992,True,8,0,0,0,0,0,1,,,4 Pines Park,0,-1.06597222222,45.6131148601,0,0,,,,,,,
20201111330,2020,13,South Sydney Rabbitohs,Brisbane Broncos,1,28,10,0.710099772482,0.691111951234,0.709335876756,0.690318856969,24.7132200332,14.2480977489,25.2693966766,13.4800460054,True,9.5,0,0,0,0,0,1,leadership_change,,Accor Stadium,4,1.00347222222,75.8692398137,0,0,22,leadership-broncos-2020-seibold-gentle,effective,-3,away,broncos,1
20201111340,2020,13,Melbourne Storm,Canterbury-Bankstown Bulldogs,1,41,10,0.645172824482,0.640251567421,0.64460612607,0.639639252272,24.8295750251,14.8500710096,24.4124668848,14.9263351348,True,13.5,0,0,0,0,0,1,leadership_change,,Sunshine Coast Stadium,8,-0.0868055555556,89.8795926439,0,0,20,leadership-bulldogs-2020-pay-georgallis,effective,3,away,bulldogs,1
20201111350,2020,13,Newcastle Knights,Wests Tigers,1,44,4,0.569636042561,0.553444176057,0.569351545252,0.553199668331,20.9908644806,18.0640541636,21.2999933764,17.7844315969,True,4,0,0,0,0,0,1,,,McDonald Jones Stadium,2,-1.92013888889,-17.863358796,0,0,,,,,,,
20201111360,2020,13,Penrith Panthers,Canberra Raiders,1,28,12,0.663293568545,0.637254970641,0.662666559929,0.636654298685,22.345322546,14.4064840582,22.4823564518,14.7391309272,True,6,0,0,0,0,0,1,,,BlueBet Stadium,2,-0.0868055555556,6.28944861659,0,0,,,,,,,
20201111370,2020,13,Gold Coast Titans,North Queensland Cowboys,1,30,10,0.466494413112,0.474759537209,0.466632676084,0.47487569841,20.5595442529,20.1061079393,20.80846222,20.5833799478,True,-2.5,0,1,1,1,1,1,leadership_change,2,Cbus Super Stadium,2,0.104166666667,-24.4170786173,0,0,21,leadership-cowboys-2020-green-hannay,effective,2,away,cowboys,1
20201111380,2020,13,Cronulla-Sutherland Sharks,Parramatta Eels,0,12,14,0.419280632338,0.444554311921,0.419608921183,0.444807828342,18.5939213468,19.3849855502,18.6446464707,19.6819136449,True,-5.5,0,0,0,0,0,1,,,Netstrata Jubilee Stadium,0,1.75347222222,-25.6405279197,0,0,,,,,,,
20201111410,2020,14,Sydney Roosters,Melbourne Storm,0,6,24,0.609845438243,0.607022868562,0.609405483554,0.606544604855,19.5246153272,15.7249582669,19.37676788,16.1062743692,True,3.5,0,0,0,0,0,1,,,Sydney Cricket Ground,-2,1.79861111111,-14.5001330067,0,0,,,,,,,
20201111420,2020,14,New Zealand Warriors,Penrith Panthers,0,12,18,0.344190370332,0.334784550175,0.344792904863,0.335489845315,18.1724017973,26.4889901142,18.0039961534,26.2195229055,True,-15.5,0,0,0,0,0,1,,,Industree Group Stadium,-6,1.06597222222,-77.5991078629,0,0,,,,,,,
20201111430,2020,14,Parramatta Eels,St. George Illawarra Dragons,0,12,14,0.700408571971,0.71069456969,0.699670492963,0.709841942111,24.936692607,13.7844069374,24.4262518989,13.8238046448,True,12.5,0,0,0,0,0,1,leadership_change,,CommBank Stadium,4,-2.84375,37.9338040921,0,0,23,leadership-dragons-2020-mcgregor-young,effective,-1,away,dragons,1
20201111440,2020,14,Cronulla-Sutherland Sharks,Gold Coast Titans,1,30,18,0.640034280862,0.64690689468,0.639485311644,0.646269072797,23.898464629,18.1761845704,24.6098670657,17.9583091897,True,8,0,0,0,0,0,1,,,Netstrata Jubilee Stadium,2,-0.0868055555556,53.2242447158,0,0,,,,,,,
20201111450,2020,14,North Queensland Cowboys,South Sydney Rabbitohs,0,30,31,0.390896887795,0.407733390914,0.391334067724,0.408149079736,18.6438171493,23.5319531666,18.6854818084,25.0313175038,True,-7.5,0,0,0,0,0,1,leadership_change,,Queensland Country Bank Stadium,-6,-1.75347222222,-36.8787956123,0,0,21,leadership-cowboys-2020-green-hannay,effective,3,home,cowboys,1
20201111460,2020,14,Canberra Raiders,Brisbane Broncos,1,36,8,0.725235791061,0.735649162016,0.724434576764,0.734730598909,26.3805156055,14.3534252568,26.3541805047,13.669097397,True,18.5,0,0,0,0,0,1,leadership_change,,GIO Stadium,4,-0.986111111111,81.9867152391,0,0,22,leadership-broncos-2020-seibold-gentle,effective,-2,away,broncos,1
20201111470,2020,14,Newcastle Knights,Manly-Warringah Sea Eagles,1,26,24,0.709098984481,0.710562288442,0.708337687585,0.709710041206,24.1999557899,15.7431805889,23.9162206924,16.2414314443,True,8.5,0,0,0,0,0,1,,,McDonald Jones Stadium,0,-0.979166666667,13.7168950483,0,0,,,,,,,
20201111480,2020,14,Wests Tigers,Canterbury-Bankstown Bulldogs,1,29,28,0.639011397118,0.672966762602,0.638465988131,0.672234191735,24.4973649379,17.3611567112,24.5313471247,17.0827594458,True,7.5,0,0,0,0,0,1,,,CommBank Stadium,0,-0.104166666667,37.1375593487,0,0,,,,,,,
20201111510,2020,15,Parramatta Eels,Melbourne Storm,1,14,0,0.609185410491,0.618540714403,0.608747922735,0.618014820365,19.9286502962,16.7627597787,20.1563509929,16.9122284597,True,6.5,0,0,0,0,0,1,,,CommBank Stadium,-4,-1.00347222222,-29.860969957,0,0,,,,,,,
20201111520,2020,15,Penrith Panthers,Cronulla-Sutherland Sharks,1,38,12,0.782646686452,0.770493992124,0.781743310269,0.769505218188,25.1859542775,13.494235431,25.5224787951,13.6089468669,True,12.5,0,0,0,0,0,1,,,BlueBet Stadium,2,0.875,35.4599095149,0,0,,,,,,,
20201111530,2020,15,Brisbane Broncos,St. George Illawarra Dragons,0,24,28,0.363052276836,0.370610125551,0.363590472343,0.371179790793,19.3155875819,25.2600252285,19.2385010797,25.0960680104,True,-10,0,1,1,1,1,1,leadership_change,0,Suncorp Stadium,-4,-0.986111111111,-56.4303435856,0,0,23,leadership-dragons-2020-mcgregor-young,effective,0,away,dragons,2
20201111540,2020,15,Gold Coast Titans,Canberra Raiders,0,16,36,0.442655512177,0.43581273821,0.442890780756,0.436105399716,19.175751463,21.9227083386,19.359962972,22.8622104802,True,-10.5,0,0,0,0,0,1,,,Cbus Super Stadium,-6,0.190972222222,-49.4088122129,0,0,,,,,,,
20201111550,2020,15,Wests Tigers,Sydney Roosters,0,16,38,0.458538181712,0.495225802937,0.458709004702,0.495247810483,19.1637597736,20.3800180405,19.06333905,20.3537278021,True,-6,0,0,0,0,0,1,,,Leichhardt Oval,-2,-2.84375,-47.9266905151,0,0,,,,,,,
20201111560,2020,15,South Sydney Rabbitohs,Manly-Warringah Sea Eagles,1,56,16,0.656726444096,0.657224480209,0.656120877603,0.656548127559,23.8669468371,17.625128357,23.730618028,17.2825493379,True,4.5,0,0,0,0,0,1,,,Accor Stadium,2,0.854166666667,29.1599895733,0,0,,,,,,,
20201111570,2020,15,Canterbury-Bankstown Bulldogs,New Zealand Warriors,0,14,20,0.525547242912,0.496864287568,0.525441688678,0.496878742712,21.1681179776,19.4414834575,21.6027803495,19.3605275886,True,2.5,0,0,0,0,0,1,,,Accor Stadium,-2,-1.92013888889,-0.331752953301,0,0,,,,,,,
20201111580,2020,15,Newcastle Knights,North Queensland Cowboys,1,12,0,0.741179337462,0.755854729488,0.740343115149,0.754892067459,26.4439350276,15.8951217522,26.076093003,16.5463305377,True,10,0,0,0,0,0,1,,,McDonald Jones Stadium,6,-0.854166666667,54.6617604915,0,0,,,,,,,
20201111610,2020,16,Parramatta Eels,South Sydney Rabbitohs,0,0,38,0.691002375071,0.683007142414,0.690290690241,0.682240482364,23.6452533358,13.9905910022,22.8817231181,15.2941225579,True,6.5,0,0,0,0,0,1,,,CommBank Stadium,0,1.98958333333,16.1199685434,0,0,,,,,,,
20201111620,2020,16,St. George Illawarra Dragons,Gold Coast Titans,0,10,14,0.65965291629,0.665480420818,0.659037734321,0.664774180047,24.9363230564,16.9195277123,25.1237520153,15.6267061867,True,9.5,1,0,1,1,1,1,leadership_change,1,Netstrata Jubilee Stadium,2,0.795138888889,33.7004537069,0,0,23,leadership-dragons-2020-mcgregor-young,effective,1,home,dragons,1
20201111630,2020,16,Sydney Roosters,Brisbane Broncos,1,58,12,0.79016488235,0.803455456812,0.789253526598,0.802428415816,28.9010391778,12.248783576,29.6082231705,12.4297521809,True,25.5,0,1,1,1,1,1,leadership_change,0,Sydney Cricket Ground,8,-0.899305555556,99.852171867,0,0,22,leadership-broncos-2020-seibold-gentle,effective,0,away,broncos,1
20201111640,2020,16,New Zealand Warriors,Newcastle Knights,1,36,6,0.359726599681,0.344916117239,0.360276399707,0.34558458084,18.9614460206,22.35219996,19.078317663,21.5052768291,True,-6.5,0,0,0,0,0,1,,,Other,0,0.0868055555556,-44.9941291283,0,0,,,,,,,
20201111650,2020,16,Cronulla-Sutherland Sharks,North Queensland Cowboys,1,28,12,0.62938001699,0.656374918431,0.628868615303,0.65570169006,24.1452177705,16.9335454182,24.3506142811,18.130476905,True,8.5,0,0,0,0,0,1,,,Netstrata Jubilee Stadium,6,1.92013888889,40.4770127783,0,0,,,,,,,
20201111660,2020,16,Penrith Panthers,Wests Tigers,1,30,6,0.69475774349,0.674139647535,0.694035368101,0.673403020727,24.2892468771,13.4580375148,24.5107568596,14.0998239095,True,11.5,0,0,0,0,0,1,,,BlueBet Stadium,8,0.979166666667,51.0967684589,0,0,,,,,,,
20201111670,2020,16,Canberra Raiders,Canterbury-Bankstown Bulldogs,1,34,20,0.720428507745,0.732303249221,0.719638732826,0.731392825089,25.9792569137,15.0312517543,24.8889402643,14.4413299368,True,17.5,0,0,0,0,0,1,,,GIO Stadium,6,0.958333333333,50.0359536509,0,0,,,,,,,
20201111680,2020,16,Melbourne Storm,Manly-Warringah Sea Eagles,1,30,6,0.674442549938,0.670326039424,0.673780298027,0.66960266979,24.7951838114,15.167573874,24.826847368,16.1283643861,True,14.5,0,0,0,0,0,1,,,Sunshine Coast Stadium,6,1.98958333333,78.949385513,0,0,,,,,,,
20201111710,2020,17,Brisbane Broncos,Penrith Panthers,0,12,25,0.317414809305,0.31472945131,0.318101822359,0.315503593619,18.4834100075,32.7407848966,18.3330934232,31.3085109793,True,-22.5,1,0,1,1,1,1,leadership_change,1,Suncorp Stadium,-10,0.986111111111,-110.391101073,0,0,22,leadership-broncos-2020-seibold-gentle,effective,1,home,broncos,1
20201111720,2020,17,Newcastle Knights,Cronulla-Sutherland Sharks,1,38,10,0.651867759534,0.643850890661,0.651278365514,0.643224719615,24.1513359886,17.9927540877,23.620545632,17.9362008114,True,2.5,0,0,0,0,0,1,,,McDonald Jones Stadium,0,0.104166666667,15.325232407,0,0,,,,,,,
20201111730,2020,17,South Sydney Rabbitohs,Melbourne Storm,0,16,22,0.586678596721,0.586900890862,0.586327030904,0.586508342656,19.1309771502,17.1701585721,19.3801137099,17.3865097503,True,-4.5,0,0,0,0,0,1,,,Accor Stadium,2,2.84375,-31.9951194918,0,0,,,,,,,
20201111740,2020,17,Canterbury-Bankstown Bulldogs,Gold Coast Titans,0,14,18,0.557409410167,0.539901305101,0.557173879947,0.53971813811,23.2129260242,18.8552995864,23.751638464,20.2335045812,True,-2,0,0,0,0,0,1,,,Accor Stadium,-4,-2.02083333333,5.19264106554,0,0,,,,,,,
20201111750,2020,17,Manly-Warringah Sea Eagles,Wests Tigers,0,32,34,0.486435550981,0.46434152672,0.486491665358,0.464505356876,21.0476419584,20.5298874109,21.1362998581,21.701696876,True,-1.5,0,0,0,0,0,1,,,4 Pines Park,-2,-0.854166666667,-11.5397907063,0,0,,,,,,,
20201111760,2020,17,Canberra Raiders,Sydney Roosters,0,6,18,0.519981173615,0.554889720083,0.519898561273,0.554638704424,19.7723004805,17.7602456843,19.4930770509,18.2127997222,True,-6.5,0,0,0,0,0,1,,,GIO Stadium,0,-1.94097222222,-15.6847267949,0,0,,,,,,,
20201111770,2020,17,North Queensland Cowboys,St. George Illawarra Dragons,1,23,22,0.384314788861,0.368436934714,0.384776426126,0.369015230576,19.6830599772,21.8043845379,19.6967997514,21.0035139681,True,-3.5,0,0,0,0,0,1,leadership_change,,Queensland Country Bank Stadium,-4,-0.979166666667,-24.9899236361,0,0,23,leadership-dragons-2020-mcgregor-young,effective,2,away,dragons,1
20201111780,2020,17,New Zealand Warriors,Parramatta Eels,0,18,24,0.414776596669,0.373929851996,0.415122496967,0.374486242958,19.4538750097,18.4370211421,19.5384908522,19.0418464491,True,-8.5,0,0,0,0,0,1,,,Industree Group Stadium,2,-1.79861111111,-60.3096847124,0,0,,,,,,,
20201111810,2020,18,Wests Tigers,South Sydney Rabbitohs,0,24,26,0.447672430802,0.455574251117,0.447887433713,0.455777980039,19.684219449,24.2183608795,19.2503113129,24.8641107328,True,-10.5,0,0,0,0,0,1,,,CommBank Stadium,-4,-0.899305555556,-62.289984805,0,0,,,,,,,
20201111820,2020,18,Canterbury-Bankstown Bulldogs,Manly-Warringah Sea Eagles,0,20,32,0.506879502062,0.523465760272,0.506851032134,0.523357741788,21.8767933901,20.2916073005,21.9223604062,21.0267955403,True,-5.5,0,0,0,0,0,1,,,Accor Stadium,0,0.104166666667,-3.61614873211,0,0,,,,,,,
20201111830,2020,18,Penrith Panthers,Parramatta Eels,1,20,2,0.732222806768,0.738973223616,0.731405683214,0.738046802231,23.37633978,12.562289831,23.4432467387,12.3769756822,True,10,0,0,0,0,0,1,,,BlueBet Stadium,4,2.84375,34.9218534418,0,0,,,,,,,
20201111840,2020,18,St. George Illawarra Dragons,Canberra Raiders,0,8,37,0.480691410139,0.442767396337,0.480771247278,0.443028941722,19.663207048,20.7364400946,19.9170885505,20.8663222086,True,-8.5,0,0,0,0,0,1,leadership_change,,WIN Stadium,-2,-0.954861111111,-34.2096787997,0,0,23,leadership-dragons-2020-mcgregor-young,effective,3,home,dragons,1
20201111850,2020,18,Gold Coast Titans,Brisbane Broncos,1,18,6,0.710906076971,0.738819855996,0.710140098952,0.737893792126,27.481633992,16.0221184589,27.6423982068,15.6633609659,True,3.5,0,1,1,1,1,1,leadership_change,2,Cbus Super Stadium,6,-1.79861111111,39.0011883331,0,0,22,leadership-broncos-2020-seibold-gentle,effective,2,away,broncos,1
20201111860,2020,18,Sydney Roosters,Newcastle Knights,1,42,12,0.731253705416,0.744508188344,0.730438736632,0.743569197514,23.7704321366,12.4007807193,23.8117545985,12.6230020944,True,20.5,0,0,0,0,0,1,,,Sydney Cricket Ground,0,-1.06597222222,48.4256948995,0,0,,,,,,,
20201111870,2020,18,Cronulla-Sutherland Sharks,New Zealand Warriors,1,22,14,0.551721817014,0.537711120537,0.551509267095,0.537537929138,22.9908715114,20.0063122421,23.3490666531,20.6680029337,True,4,0,0,0,0,0,1,,,Netstrata Jubilee Stadium,-2,1.92013888889,13.5393189396,0,0,,,,,,,
20201111880,2020,18,Melbourne Storm,North Queensland Cowboys,1,36,20,0.7654472904,0.771868321503,0.764567240258,0.770877366395,27.0635987101,12.9459311855,27.8277911093,12.2745714942,True,20.5,0,0,0,0,0,1,,,Sunshine Coast Stadium,6,1.94097222222,91.9942871931,0,0,,,,,,,
20201111910,2020,19,South Sydney Rabbitohs,Canterbury-Bankstown Bulldogs,0,16,26,0.763907223892,0.76314302222,0.763029589354,0.762166713513,28.2133573491,13.6403136228,28.0521759484,14.1510377453,True,16.5,0,0,0,0,0,1,,,Accor Stadium,8,0.923611111111,76.2743226812,0,0,,,,,,,
20201111920,2020,19,North Queensland Cowboys,Penrith Panthers,0,12,32,0.337830632805,0.324587264119,0.338454005688,0.325328271677,18.2280560554,27.9189673074,18.1741427129,28.6090967491,True,-14.5,0,0,0,0,0,1,,,Queensland Country Bank Stadium,-8,-1.84027777778,-77.5325852913,0,0,,,,,,,
20201111930,2020,19,Parramatta Eels,Brisbane Broncos,1,26,12,0.736016252438,0.747773820828,0.735190858363,0.746827723481,28.9639730206,14.7002817931,29.0335087062,13.8146755019,True,20.5,0,0,0,0,0,1,leadership_change,,CommBank Stadium,4,0.899305555556,83.5523781556,0,0,22,leadership-broncos-2020-seibold-gentle,effective,3,away,broncos,1
20201111940,2020,19,Manly-Warringah Sea Eagles,Gold Coast Titans,0,24,42,0.552968148536,0.546900291684,0.552750552985,0.546685344769,22.6897661887,19.6359786815,23.0781480389,19.5788310861,True,5.5,0,0,0,0,0,1,,,4 Pines Park,-4,0.979166666667,1.0267513107,0,0,,,,,,,
20201111950,2020,19,Melbourne Storm,Wests Tigers,1,50,22,0.735375534612,0.737069703385,0.73455151894,0.736147754021,25.9224436003,14.4393249301,26.0230128488,14.030376593,True,16,0,0,0,0,0,1,,,Sunshine Coast Stadium,4,-2.84375,79.278303968,0,0,,,,,,,
20201111960,2020,19,Sydney Roosters,Cronulla-Sutherland Sharks,1,34,18,0.75013060525,0.74507705976,0.749276822541,0.74413681426,24.7847525085,12.7261058956,25.2056828557,12.8933732754,True,15.5,0,0,0,0,0,1,,,Sydney Cricket Ground,2,0.954861111111,58.707158183,0,0,,,,,,,
20201111970,2020,19,Canberra Raiders,New Zealand Warriors,1,26,14,0.713173634511,0.718361009939,0.712401855989,0.71748687529,25.6794619109,15.4995820326,25.4348739883,14.6574159474,True,16.5,0,0,0,0,0,1,,,GIO Stadium,4,1.14583333333,28.7461879861,0,0,,,,,,,
20201111980,2020,19,Newcastle Knights,St. George Illawarra Dragons,1,42,18,0.626120425574,0.631790719983,0.625620724065,0.631211522763,23.3213995448,16.5039636489,23.8155607627,15.9876185751,True,8.5,0,0,0,0,0,1,,,McDonald Jones Stadium,2,-0.190972222222,26.1401247411,0,0,,,,,,,
20201112010,2020,20,Brisbane Broncos,North Queensland Cowboys,0,16,32,0.466901974177,0.482737577581,0.467038565195,0.482817093906,21.9232598454,21.98392355,22.5056240929,22.9705420144,True,-2,0,0,0,0,0,1,,,Suncorp Stadium,-2,-0.0798611111111,-38.1774328882,0,0,,,,,,,
20201112020,2020,20,Gold Coast Titans,Newcastle Knights,1,36,6,0.476766059702,0.504629759209,0.476862084786,0.504608417399,20.7254485427,20.7324518111,20.6782055882,18.7507163202,True,-4.5,0,0,0,0,0,1,,,Cbus Super Stadium,2,1.04513888889,-33.4671114589,0,0,,,,,,,
20201112030,2020,20,South Sydney Rabbitohs,Sydney Roosters,1,60,8,0.565500117764,0.570572159642,0.565232113163,0.570251133104,19.6325714918,19.7130420197,19.7193879713,20.3186423709,True,-10.5,0,0,0,0,0,1,,,Accor Stadium,-4,1.98958333333,-24.7025579258,0,0,,,,,,,
20201112040,2020,20,Canterbury-Bankstown Bulldogs,Penrith Panthers,0,0,42,0.317455936558,0.323468347137,0.318142826716,0.324213186129,17.7609072839,27.3976613843,18.065617219,28.0900340142,True,-16.5,0,0,0,0,0,1,,,Accor Stadium,-8,0.923611111111,-91.1756858019,0,0,,,,,,,
20201112050,2020,20,Cronulla-Sutherland Sharks,Canberra Raiders,0,28,38,0.44393095389,0.448838524655,0.444161079115,0.449072738812,19.5385125464,21.6191241889,19.5162969088,21.6970037595,True,5.5,0,0,0,0,0,1,,,Netstrata Jubilee Stadium,-4,0.767361111111,-33.8396803215,0,0,,,,,,,
20201112060,2020,20,Wests Tigers,Parramatta Eels,0,24,28,0.458095908905,0.4420252159,0.458268537067,0.442290092103,19.5492823263,21.7606719097,19.4310013349,21.473313906,True,-6.5,0,0,0,0,0,1,,,CommBank Stadium,-4,-0.899305555556,-27.8550369394,0,0,,,,,,,
20201112070,2020,20,New Zealand Warriors,Manly-Warringah Sea Eagles,1,40,28,0.630655622023,0.617020073797,0.630139667276,0.616500402192,25.7916019559,20.70831944,25.5473678748,19.9971155552,True,1.5,0,0,0,0,0,1,,,Industree Group Stadium,2,-0.958333333333,13.5132183432,0,0,,,,,,,
20201112080,2020,20,St. George Illawarra Dragons,Melbourne Storm,1,30,22,0.431754436475,0.429826135678,0.432033397635,0.430145398824,19.1648547377,26.578375884,19.19728692,28.1025411803,True,1.5,0,0,0,0,0,1,,,Netstrata Jubilee Stadium,-6,-0.940972222222,-80.0966419129,0,0,,,,,,,
20201112110,2020,21,Penrith Panthers,Sydney Roosters,1,29,28,0.690097279186,0.688970707905,0.689388200646,0.688184499989,21.3437191952,13.1124868788,21.6171693418,13.0193860732,True,2.5,0,0,0,0,0,1,,,BlueBet Stadium,2,-0.795138888889,-9.07667564529,0,0,,,,,,,
20201112120,2020,21,Canberra Raiders,Cronulla-Sutherland Sharks,1,32,20,0.767854483773,0.767010841466,0.766970762479,0.766027807835,27.5385690716,15.8695250825,27.5188142101,15.8192795536,True,13.5,0,0,0,0,0,1,,,GIO Stadium,4,0,34.9098681226,0,0,,,,,,,
20201112130,2020,21,Melbourne Storm,Parramatta Eels,1,36,24,0.710727969619,0.705695460843,0.709962450678,0.704857419501,23.0034000054,13.2653702437,22.8507428975,13.5103472904,True,12.5,0,0,0,0,0,1,,,Suncorp Stadium,2,-0.854166666667,51.2026746491,0,0,,,,,,,
20201112140,2020,21,South Sydney Rabbitohs,Newcastle Knights,1,46,20,0.739003378856,0.736696204476,0.738171659031,0.735775141417,24.5628858123,14.3257677047,24.4294385806,14.7846808291,True,9.5,0,0,0,0,0,1,,,Accor Stadium,2,-0.0798611111111,12.3451546727,0,0,,,,,,,
20201112210,2020,22,Sydney Roosters,Canberra Raiders,0,18,22,0.647723771865,0.66725601211,0.647148370916,0.666543458444,22.3475664468,17.4097933175,21.9170180037,17.1211938928,True,6,0,0,0,0,0,1,,,Sydney Cricket Ground,-2,0.909722222222,2.85737561805,0,0,,,,,,,
20201112220,2020,22,Parramatta Eels,South Sydney Rabbitohs,0,24,38,0.46945839911,0.476630714464,0.469584494704,0.476738290141,19.120592198,22.7233087114,19.1006073088,22.3566297493,True,-10,0,0,0,0,0,1,,,CommBank Stadium,0,0.84375,-40.1894438338,0,0,,,,,,,
20201112310,2020,23,Melbourne Storm,Canberra Raiders,1,30,10,0.670473876257,0.694732054981,0.669823997159,0.693927481479,22.7219832143,16.7905650486,22.502803126,16.2196310428,True,6.5,0,0,0,0,0,1,,,Suncorp Stadium,-2,6,16.5157145922,0,0,,,,,,,
20201112320,2020,23,Penrith Panthers,South Sydney Rabbitohs,1,20,16,0.710130049754,0.714535433022,0.709366075651,0.713671897677,23.064210993,15.1868628675,22.5321532024,15.6022652233,True,7.5,0,0,0,0,0,1,,,Accor Stadium,2,8,7.07788161991,0,0,,,,,,,
20201112410,2020,24,Penrith Panthers,Melbourne Storm,0,20,26,0.709792409217,0.700843633497,0.709029309968,0.700020157777,21.5741283918,13.9104082985,21.4301539938,14.1890288124,True,-2,0,0,0,0,0,1,,,Accor Stadium,2,-1.04166666667,9.36841186962,0,0,,,,,,,
20211110110,2021,1,Melbourne Storm,South Sydney Rabbitohs,1,26,18,0.513045547558,0.524910510972,0.512996574231,0.524806829503,19.9599230653,19.7334493756,19.8621651777,20.0534517014,True,-1.5,0,0,0,0,0,1,,,AAMI Park,0,0,0.236500994289,0,0,,,,,,,
20211110120,2021,1,Newcastle Knights,Canterbury-Bankstown Bulldogs,1,32,16,0.626511638519,0.62109817614,0.626056930823,0.620613175734,22.5800750526,17.0538367506,22.5188287957,16.5533017626,True,5.5,0,0,0,0,0,1,,,McDonald Jones Stadium,0,0,23.5035040623,0,0,,,,,,,
20211110130,2021,1,Brisbane Broncos,Parramatta Eels,0,16,24,0.407140635951,0.406425079395,0.407481358937,0.406806077007,19.1563863758,20.9207199063,19.0236503512,20.2556429537,True,-7.5,0,0,0,0,0,1,,,Suncorp Stadium,0,0,-74.0978705871,0,0,,,,,,,
20211110140,2021,1,New Zealand Warriors,Gold Coast Titans,1,19,6,0.476283375711,0.493944297836,0.476372315828,0.493969541705,20.9922198667,19.9159565226,21.064961163,19.9168012193,True,-1.5,0,0,0,0,0,1,,,Industree Group Stadium,0,0,8.67265389967,0,0,,,,,,,
20211110150,2021,1,Sydney Roosters,Manly-Warringah Sea Eagles,1,46,4,0.666945876131,0.68127204959,0.666366314281,0.680583996543,23.251446081,17.243127598,23.6309369679,16.4629481829,True,10.5,0,0,0,0,0,1,,,Sydney Cricket Ground,0,0,71.0540675692,0,0,,,,,,,
20211110160,2021,1,Penrith Panthers,North Queensland Cowboys,1,24,0,0.695012266122,0.688976437626,0.694356155891,0.688265461449,23.3808683285,15.8415833537,23.5236953403,15.542516918,True,10.5,0,0,0,0,0,1,,,BlueBet Stadium,0,0,91.4962086427,0,0,,,,,,,
20211110170,2021,1,Canberra Raiders,Wests Tigers,1,30,12,0.644402180335,0.656618243455,0.643890359768,0.656008627133,22.9206783205,17.0804589304,23.3651400229,16.6752557305,True,7.5,0,0,0,0,0,1,,,GIO Stadium,0,0,55.4055025133,0,0,,,,,,,
20211110180,2021,1,St. George Illawarra Dragons,Cronulla-Sutherland Sharks,0,18,32,0.557788918826,0.518749300005,0.557573806959,0.518671206702,20.3426819246,19.9064974243,20.1947247923,19.4961143718,True,-2.5,0,0,0,0,0,1,,,Jubilee Stadium,0,0,-25.0968609908,0,0,,,,,,,
20211110210,2021,2,Parramatta Eels,Melbourne Storm,1,16,12,0.512171120428,0.511578033665,0.51212542705,0.5115297818,19.1659435403,18.6773811314,19.4993346529,18.078328504,True,-4.5,0,0,0,0,0,1,,,CommBank Stadium,0,-0.958333333333,-26.8879349378,0,0,,,,,,,
20211110220,2021,2,New Zealand Warriors,Newcastle Knights,0,16,20,0.567804506151,0.579147282738,0.567552967474,0.578822822212,20.6505236738,18.4787935776,21.0321550953,17.9036990343,True,1.5,0,0,0,0,0,1,,,Industree Group Stadium,0,-0.875,0.418808122644,0,0,,,,,,,
20211110230,2021,2,Gold Coast Titans,Brisbane Broncos,1,28,16,0.692356040568,0.678171690236,0.691706762851,0.677493085701,23.8677415893,13.0949766435,24.0270092136,12.9218470736,True,8.5,0,0,0,0,0,1,,,Cbus Super Stadium,0,-0.829861111111,32.1241150195,0,0,,,,,,,
20211110240,2021,2,Canterbury-Bankstown Bulldogs,Penrith Panthers,0,0,28,0.336028652937,0.344279682832,0.336599572873,0.344886307025,18.1807030087,24.9432289786,18.2236839956,24.6383446216,True,-13.5,0,0,0,0,0,1,,,CommBank Stadium,-2,1.06597222222,-48.3765947875,0,0,,,,,,,
20211110250,2021,2,Manly-Warringah Sea Eagles,South Sydney Rabbitohs,0,12,26,0.399549371588,0.356345305057,0.399916457837,0.356910881474,18.8838865638,26.354644677,18.6458496189,26.0822741763,True,-8.5,0,0,0,0,0,1,,,4 Pines Park,0,-1.89236111111,-46.2609106722,0,0,,,,,,,
20211110260,2021,2,North Queensland Cowboys,St. George Illawarra Dragons,0,18,25,0.591658990946,0.552674237633,0.591322467374,0.552456256169,21.1374167198,18.2481058223,20.7000944058,17.6327358988,True,3.5,0,0,0,0,0,1,,,Queensland Country Bank Stadium,0,0.944444444444,-4.22076911951,0,0,,,,,,,
20211110270,2021,2,Wests Tigers,Sydney Roosters,0,6,40,0.368945215851,0.37664691439,0.369414682257,0.377140175563,18.2450751118,22.2932329368,18.2583895454,22.9071627366,True,-10.5,0,0,0,0,0,1,,,Campbelltown Sports Stadium,-2,-0.940972222222,-26.8622562191,0,0,,,,,,,
20211110280,2021,2,Cronulla-Sutherland Sharks,Canberra Raiders,0,10,12,0.438262114858,0.436326834247,0.438491634336,0.436589427248,19.0428202704,20.6100966462,18.8546474859,20.7577964651,True,-4.5,0,0,0,0,0,1,,,Jubilee Stadium,0,-0.0902777777778,-17.613898536,0,0,,,,,,,
20211110310,2021,3,Penrith Panthers,Melbourne Storm,1,12,10,0.677298725018,0.648315384387,0.676689843932,0.647733770181,21.2513704728,15.53352742,21.3716802779,15.8860697794,True,2.5,0,0,0,0,0,1,,,BlueBet Stadium,2,-1.78819444444,1.51962803837,0,0,,,,,,,
20211110320,2021,3,St. George Illawarra Dragons,Manly-Warringah Sea Eagles,1,38,12,0.70690578772,0.67680252812,0.70622023537,0.676128135987,24.534104126,15.9370593959,24.3373398997,16.6915055079,True,3.5,0,0,0,0,0,1,,,WIN Stadium,2,-0.0451388888889,17.7823231463,0,0,,,,,,,
20211110330,2021,3,South Sydney Rabbitohs,Sydney Roosters,1,26,16,0.511561790819,0.495215115584,0.511518383348,0.495235062636,19.422253852,18.5265540927,19.6050836483,18.0242625493,True,-2.5,0,0,0,0,0,1,,,Accor Stadium,-2,0.940972222222,-6.86566472429,0,0,,,,,,,
20211110340,2021,3,Canberra Raiders,New Zealand Warriors,0,31,34,0.615609984393,0.611522514315,0.615191345019,0.611073057421,21.9420482741,15.2621991818,22.1409653133,15.2089868801,True,9.5,0,0,0,0,0,1,,,GIO Stadium,2,-2.01041666667,18.6391279764,0,0,,,,,,,
20211110350,2021,3,Brisbane Broncos,Canterbury-Bankstown Bulldogs,1,24,0,0.561807926877,0.575616444821,0.561578152367,0.575305997774,22.1960053155,16.4602008727,22.1021890825,17.1983318905,True,3.5,0,0,0,0,0,1,,,Suncorp Stadium,0,0.829861111111,-9.82354249531,0,0,,,,,,,
20211110360,2021,3,Parramatta Eels,Cronulla-Sutherland Sharks,1,28,4,0.607637246932,0.607481065291,0.607245530017,0.607046824043,21.4989418547,16.9247311025,21.7991811887,16.7271116826,True,7.5,0,0,0,0,0,1,leadership_change,,CommBank Stadium,2,2.92361111111,0.930149093398,0,0,24,leadership-sharks-2021-morris-hannay,effective,-3,away,sharks,1
20211110370,2021,3,Newcastle Knights,Wests Tigers,0,20,24,0.712829580266,0.693918206247,0.712130096692,0.69319295906,24.5173902793,15.308383686,24.6659011688,15.0864751174,True,7.5,0,0,0,0,0,1,,,McDonald Jones Stadium,4,1.92013888889,14.6773075825,0,0,,,,,,,
20211110380,2021,3,North Queensland Cowboys,Gold Coast Titans,0,8,44,0.456191098705,0.475495893206,0.456354794086,0.475597888599,19.3729183364,22.2083197992,19.4800163808,20.3248333819,True,-6.5,0,0,0,0,0,1,,,Queensland Country Bank Stadium,-2,-0.979166666667,-11.2115874575,0,0,,,,,,,
20211110410,2021,4,Manly-Warringah Sea Eagles,Penrith Panthers,0,6,46,0.30200107015,0.283735185839,0.302664752869,0.284520417228,17.8680116605,24.4679806846,17.8440685089,25.0749051559,True,-17.5,0,0,0,0,0,1,,,4 Pines Park,-6,-0.913194444444,-74.8374559282,0,0,,,,,,,
20211110420,2021,4,Canterbury-Bankstown Bulldogs,South Sydney Rabbitohs,0,0,38,0.358068611047,0.335816699998,0.358572709271,0.336451162658,18.2804474451,26.4284941431,18.1816938662,26.5773400746,True,-24.5,0,0,0,0,0,1,,,Accor Stadium,-4,-0.850694444444,-57.0686242242,0,0,,,,,,,
20211110430,2021,4,Melbourne Storm,Brisbane Broncos,1,40,6,0.619432504254,0.640831102223,0.619001116521,0.640275349222,22.7045924534,13.671064926,22.8099390942,14.2536826239,True,20.5,0,0,0,0,0,1,,,AAMI Park,0,1.85069444444,65.7369511903,0,0,,,,,,,
20211110440,2021,4,Cronulla-Sutherland Sharks,North Queensland Cowboys,1,48,10,0.658610331051,0.68712044166,0.658055221742,0.686414913698,23.6341209033,16.0581197388,23.5494465913,16.7613227631,True,10.5,0,0,0,0,0,1,leadership_change,,Jubilee Stadium,2,0.902777777778,25.2841395319,0,0,24,leadership-sharks-2021-morris-hannay,effective,-2,home,sharks,1
20211110450,2021,4,Gold Coast Titans,Canberra Raiders,0,4,20,0.529726603761,0.49786624144,0.529615220716,0.497875137008,20.7621964805,17.6729429921,20.5993866281,18.1265937789,True,-4.5,0,0,0,0,0,1,,,Jubilee Stadium,0,-1.09375,-24.7579920838,0,0,,,,,,,
20211110460,2021,4,Newcastle Knights,St. George Illawarra Dragons,0,13,22,0.621195512251,0.634650813954,0.620758281109,0.634116834831,22.2827506847,18.2799678382,22.0712191461,17.7585479461,True,8.5,0,0,0,0,0,1,,,McDonald Jones Stadium,0,-1.92013888889,14.2220544713,0,0,,,,,,,
20211110470,2021,4,Sydney Roosters,New Zealand Warriors,1,32,12,0.712046988738,0.708322429253,0.711349316678,0.707557628778,23.1382572185,14.8739903072,22.7382907365,15.3518361839,True,8.5,0,0,0,0,0,1,,,Sydney Cricket Ground,0,0.788194444444,43.7317334529,0,0,,,,,,,
20211110480,2021,4,Wests Tigers,Parramatta Eels,0,22,36,0.332793354473,0.290425032683,0.333373669405,0.291193122378,18.2421425033,23.3739587446,17.9110305318,23.3808841177,True,-10.5,0,0,0,0,0,1,,,Accor Stadium,-4,-0.854166666667,-33.0378370838,0,0,,,,,,,
20211110510,2021,5,South Sydney Rabbitohs,Brisbane Broncos,1,35,6,0.79348788519,0.786229698294,0.792658237459,0.785315729217,25.5923049799,12.1882782536,25.9815082801,11.7325927108,True,21.5,0,0,0,0,0,1,,,Accor Stadium,4,0.166666666667,57.5766163239,0,0,,,,,,,
20211110520,2021,5,New Zealand Warriors,Manly-Warringah Sea Eagles,0,12,13,0.643711155133,0.649450703985,0.643201488749,0.648865217192,24.7986401733,17.0488591384,24.9491206598,16.6955804311,True,6.5,0,0,0,0,0,1,,,Industree Group Stadium,4,-2.92361111111,44.6743933633,0,0,,,,,,,
20211110530,2021,5,Penrith Panthers,Canberra Raiders,1,30,10,0.729901305207,0.712822887967,0.729164602843,0.712046385492,22.3231562907,15.7189754505,22.5160447297,16.0323278282,True,7.5,0,0,0,0,0,1,,,BlueBet Stadium,2,1.98611111111,25.4484939611,0,0,,,,,,,
20211110540,2021,5,Gold Coast Titans,Newcastle Knights,1,42,16,0.692418145218,0.670400670563,0.691768706713,0.669746290346,23.1135751872,15.1280983147,23.2502739055,16.1314103704,True,9.5,0,0,0,0,0,1,,,Cbus Super Stadium,0,0.847222222222,11.2032333365,0,0,,,,,,,
20211110550,2021,5,Canterbury-Bankstown Bulldogs,Melbourne Storm,0,18,52,0.308399024124,0.303336965759,0.309046343031,0.304069988646,17.8256166983,27.7152770167,17.7623628559,27.6929699916,True,-28.5,0,0,0,0,0,1,,,Accor Stadium,-4,0.166666666667,-71.6783994469,0,0,,,,,,,
20211110560,2021,5,Sydney Roosters,Cronulla-Sutherland Sharks,1,26,18,0.735112622872,0.726069074669,0.734365476372,0.725260066356,23.6759703935,15.1011921551,23.8572273234,14.4597272536,True,8.5,0,0,0,0,0,1,leadership_change,,Sydney Cricket Ground,2,-1.04166666667,43.3341655979,0,0,24,leadership-sharks-2021-morris-hannay,effective,-1,away,sharks,1
20211110570,2021,5,Wests Tigers,North Queensland Cowboys,0,30,34,0.635929367091,0.627366348981,0.63544425412,0.626858493278,24.1139744841,17.0284193087,23.8562992016,17.5874819529,True,13.5,0,0,0,0,0,1,,,Leichhardt Oval,2,-1.94791666667,16.3015731369,0,0,,,,,,,
20211110580,2021,5,Parramatta Eels,St. George Illawarra Dragons,0,12,26,0.737907854532,0.734356638558,0.737155291824,0.733528842565,23.7708784864,15.4269952216,23.8591788361,15.9912139569,True,10.5,0,0,0,0,0,1,,,CommBank Stadium,2,-0.996527777778,20.7167292569,0,0,,,,,,,
20211110610,2021,6,Brisbane Broncos,Penrith Panthers,0,12,20,0.295364625027,0.277931905115,0.296044706169,0.278731408441,18.158030762,26.623120064,18.0474167691,29.2158583695,True,-27.5,0,0,0,0,0,1,,,Suncorp Stadium,-8,1.00347222222,-85.4542788083,0,0,,,,,,,
20211110620,2021,6,Newcastle Knights,Cronulla-Sutherland Sharks,1,26,22,0.502644503596,0.491765712501,0.502634571762,0.491800035213,20.4051929205,19.5517043591,20.5086005547,19.7042981367,True,4.5,0,1,1,1,1,1,leadership_change,0,McDonald Jones Stadium,0,0.190972222222,-13.5574882982,0,0,24,leadership-sharks-2021-morris-hannay,effective,0,away,sharks,1
20211110630,2021,6,Melbourne Storm,Sydney Roosters,1,20,4,0.548210681206,0.547108028033,0.54803073338,0.546912790937,20.295100224,18.445890538,20.422256454,18.6406432751,True,10.5,0,0,0,0,0,1,,,AAMI Park,-2,0.0868055555556,-3.09823596772,0,0,,,,,,,
20211110640,2021,6,Manly-Warringah Sea Eagles,Gold Coast Titans,1,36,0,0.366811752274,0.381354397851,0.367288091234,0.381830365097,18.972886143,24.2174426518,18.8296467523,23.8257222576,True,-7.5,0,0,0,0,0,1,,,Other,-4,0.875,-53.8592878733,0,0,,,,,,,
20211110650,2021,6,South Sydney Rabbitohs,Wests Tigers,1,18,14,0.768355393868,0.768935476307,0.767552905585,0.768043695347,25.5944105056,14.3038549275,25.963526695,13.676862028,True,18.5,0,0,0,0,0,1,,,Accor Stadium,6,2.84375,64.0298444388,0,0,,,,,,,
20211110660,2021,6,Canberra Raiders,Parramatta Eels,0,10,35,0.464264278589,0.484705457371,0.464398037042,0.484769181038,20.1330357495,19.2979631571,20.211653614,19.8570385428,True,3.5,0,0,0,0,0,1,,,GIO Stadium,-2,1.93055555556,1.69774412263,0,0,,,,,,,
20211110670,2021,6,St. George Illawarra Dragons,New Zealand Warriors,0,14,20,0.624857294757,0.579572126472,0.62440800218,0.579245984215,22.7058968851,16.7396097682,21.9948181771,17.3494041062,True,6.5,0,0,0,0,0,1,,,Jubilee Stadium,4,-2.01041666667,3.8287713186,0,0,,,,,,,
20211110680,2021,6,North Queensland Cowboys,Canterbury-Bankstown Bulldogs,1,30,18,0.522690557996,0.536660017129,0.522605454978,0.536507725834,22.6117485657,18.9491337911,22.4765237672,17.5929185285,True,4.5,0,0,0,0,0,1,,,Queensland Country Bank Stadium,2,-0.940972222222,1.78306826932,0,0,,,,,,,
20211110710,2021,7,Penrith Panthers,Newcastle Knights,1,24,6,0.750315793842,0.757342753733,0.749540819385,0.75646967223,25.2063787812,13.9407030419,25.1961570555,13.4969120949,True,18.5,0,0,0,0,0,1,,,BlueBet Stadium,6,0.923611111111,72.9926391459,0,0,,,,,,,
20211110720,2021,7,Gold Coast Titans,South Sydney Rabbitohs,0,30,40,0.416470207021,0.406832818513,0.416778084248,0.407212235493,18.3084485641,22.1168283934,18.5442695541,22.0799371456,True,-6.5,0,0,0,0,0,1,,,Cbus Super Stadium,-4,0.104166666667,-33.7758088869,0,0,,,,,,,
20211110730,2021,7,Parramatta Eels,Brisbane Broncos,1,46,6,0.802689905195,0.783800702193,0.801853917564,0.782889415125,26.047756497,12.3722564046,26.5574501904,12.6177325906,True,13.5,0,0,0,0,0,1,,,TIO Stadium,6,-1.98958333333,51.8539213109,0,0,,,,,,,
20211110740,2021,7,Cronulla-Sutherland Sharks,Canterbury-Bankstown Bulldogs,0,12,18,0.755715226461,0.721847495402,0.754931364802,0.721048524179,25.5900057178,15.8434336734,25.7264103594,14.7535206382,True,17.5,1,0,1,1,1,1,leadership_change,1,Jubilee Stadium,2,1.92013888889,64.96490089,0,0,24,leadership-sharks-2021-morris-hannay,effective,1,home,sharks,1
20211110750,2021,7,North Queensland Cowboys,Canberra Raiders,1,26,24,0.374380894287,0.388572382299,0.374832683147,0.38902148333,19.492204075,23.2826286606,19.4106001465,22.2612114374,True,-10.5,0,0,0,0,0,1,,,Queensland Country Bank Stadium,0,-0.854166666667,-61.510599493,0,0,,,,,,,
20211110760,2021,7,Wests Tigers,Manly-Warringah Sea Eagles,0,6,40,0.583266856444,0.591199770411,0.582959911572,0.59082799494,23.9023010888,19.2356462045,23.705622597,19.2299338652,True,-4.5,0,0,0,0,0,1,,,CommBank Stadium,-2,-0.104166666667,18.5077327571,0,0,,,,,,,
20211110770,2021,7,Sydney Roosters,St. George Illawarra Dragons,1,34,10,0.676000079104,0.663884132218,0.67539480929,0.663250639581,22.9856178618,15.4022199509,22.7405861852,15.3295532381,True,8.5,0,0,0,0,0,1,,,Sydney Cricket Ground,-2,1.75347222222,31.8292732856,0,0,,,,,,,
20211110780,2021,7,Melbourne Storm,New Zealand Warriors,1,42,20,0.724065098419,0.724544387275,0.723340613284,0.723738968366,24.1430412581,15.8188721998,23.7946787191,14.6684756282,True,18.5,0,0,0,0,0,1,,,AAMI Park,2,1.75347222222,53.1562812099,0,0,,,,,,,
20211110810,2021,8,Canberra Raiders,South Sydney Rabbitohs,0,20,34,0.361529588374,0.358024782934,0.362022777539,0.358584525955,18.7319152898,26.3070271064,18.7355478167,26.0004914271,True,-6.5,0,0,0,0,0,1,,,GIO Stadium,-8,-1.06597222222,-35.4211781734,0,0,,,,,,,
20211110820,2021,8,Melbourne Storm,Cronulla-Sutherland Sharks,1,40,14,0.694327528087,0.705754421207,0.693673170442,0.704996441431,23.9354348859,15.0202566496,23.840980308,15.7483802648,True,16.5,0,1,1,1,1,1,leadership_change,2,AAMI Park,6,-1.03125,48.0792534469,0,0,24,leadership-sharks-2021-morris-hannay,effective,2,away,sharks,1
20211110830,2021,8,Brisbane Broncos,Gold Coast Titans,1,36,28,0.368835351811,0.395045541338,0.369305173043,0.395470208814,18.9977337495,23.7426095634,19.2114899784,23.4464546078,True,-10.5,0,0,0,0,0,1,,,Suncorp Stadium,-2,-0.0590277777778,-25.1976363156,0,0,,,,,,,
20211110840,2021,8,Penrith Panthers,Manly-Warringah Sea Eagles,1,28,16,0.79783859595,0.780764452708,0.797005695656,0.77985672241,26.3196145121,13.5092797971,26.5259048938,13.5841331094,True,14.5,0,0,0,0,0,1,,,Carrington Park,4,2.74652777778,75.2302775897,0,0,,,,,,,
20211110850,2021,8,Canterbury-Bankstown Bulldogs,Parramatta Eels,0,10,32,0.26547148428,0.271452095678,0.266217482442,0.27226685244,17.7196074167,28.1716670423,17.7792590137,27.8007610604,True,-20.5,0,0,0,0,0,1,,,Accor Stadium,-6,-0.920138888889,-85.2187724125,0,0,,,,,,,
20211110860,2021,8,Newcastle Knights,Sydney Roosters,0,4,38,0.388259886402,0.419322807403,0.388665512781,0.419653319477,19.160577766,22.8648334672,19.2481004591,22.3854466142,True,-6.5,0,0,0,0,0,1,,,McDonald Jones Stadium,-4,2.84375,-48.2333749852,0,0,,,,,,,
20211110870,2021,8,New Zealand Warriors,North Queensland Cowboys,1,24,20,0.685339157507,0.688034902933,0.684708360232,0.687326684644,24.6732372811,19.4618392018,24.3682581089,19.8563967439,True,4.5,0,0,0,0,0,1,,,Industree Group Stadium,-2,-0.944444444444,37.9386552776,0,0,,,,,,,
20211110880,2021,8,St. George Illawarra Dragons,Wests Tigers,0,8,16,0.694772786461,0.656981725534,0.694117288484,0.656370900543,24.7314727256,16.5459558852,24.4849744606,17.2317466059,True,9.5,0,0,0,0,0,1,,,WIN Stadium,4,-0.0972222222222,26.6767065981,0,0,,,,,,,
20211110910,2021,9,South Sydney Rabbitohs,Melbourne Storm,0,0,50,0.47606671809,0.498720665177,0.476156468236,0.498725998722,18.750869821,20.5028685227,18.8676458693,18.7571466263,True,-8.5,0,0,0,0,0,1,,,Accor Stadium,0,0.923611111111,-15.227762097,0,0,,,,,,,
20211110920,2021,9,Penrith Panthers,Cronulla-Sutherland Sharks,1,48,0,0.784697984026,0.777018566315,0.783876254328,0.776115531181,25.2759878091,13.3650254546,25.8548255181,13.6857967154,True,19.5,0,0,0,0,0,1,leadership_change,,BlueBet Stadium,8,-0.875,57.7897694494,0,0,24,leadership-sharks-2021-morris-hannay,effective,3,away,sharks,1
20211110930,2021,9,Parramatta Eels,Sydney Roosters,1,31,18,0.633506325834,0.648915454284,0.63302896549,0.648331791545,20.6614351561,16.0929891446,21.1130680922,16.0326618316,True,5.5,0,0,0,0,0,1,,,CommBank Stadium,0,0.0868055555556,-7.18252745162,0,0,,,,,,,
20211110940,2021,9,Canberra Raiders,Newcastle Knights,0,16,24,0.606491292102,0.594397228038,0.606103480353,0.594013045909,23.1644595554,19.2695776388,23.1093695304,17.9540121195,True,5.5,0,0,0,0,0,1,,,Other,0,1.98958333333,13.9134474408,0,0,,,,,,,
20211110950,2021,9,Wests Tigers,Gold Coast Titans,0,28,36,0.459065980223,0.454015321759,0.459219032991,0.4542059565,20.5556358196,24.1890619729,20.3395237381,23.2289796445,True,-4.5,0,0,0,0,0,1,,,Campbelltown Sports Stadium,0,-1.84027777778,-28.4727636685,0,0,,,,,,,
20211110960,2021,9,North Queensland Cowboys,Brisbane Broncos,1,19,18,0.571712646505,0.578941663779,0.571447002079,0.578618017535,23.9663698635,17.6010887931,23.53116596,19.514271944,True,3.5,0,0,0,0,0,1,,,Queensland Country Bank Stadium,4,-1.75347222222,9.43251528577,0,0,,,,,,,
20211110970,2021,9,Manly-Warringah Sea Eagles,New Zealand Warriors,1,38,32,0.55266817345,0.514936038447,0.55247182474,0.514873806674,20.8990328493,20.8254913526,20.9418672911,20.6425012774,True,4.5,0,0,0,0,0,1,,,4 Pines Park,2,0.958333333333,-2.02369299526,0,0,,,,,,,
20211110980,2021,9,St. George Illawarra Dragons,Canterbury-Bankstown Bulldogs,1,32,12,0.724173714625,0.712996404031,0.723448997204,0.712219456887,25.229115335,14.4268656783,24.9279101874,15.2524444858,True,8.5,0,0,0,0,0,1,,,Jubilee Stadium,2,-0.940972222222,49.9208979324,0,0,,,,,,,
20211111010,2021,10,Wests Tigers,Newcastle Knights,1,36,18,0.486358468797,0.47258897922,0.486409677301,0.47270302854,21.211276864,20.528489493,21.071185183,20.5478447599,True,-3.5,0,0,0,0,0,1,,,Suncorp Stadium,-2,-0.104166666667,-6.05954247153,0,0,,,,,,,
20211111020,2021,10,Manly-Warringah Sea Eagles,Brisbane Broncos,1,50,6,0.699728890726,0.68154806066,0.699060875905,0.680859172582,24.6397336434,16.5108314056,24.9376627581,16.9727717233,True,9.5,0,0,0,0,0,1,,,Suncorp Stadium,6,-0.767361111111,30.5279725936,0,0,,,,,,,
20211111030,2021,10,Canterbury-Bankstown Bulldogs,Canberra Raiders,0,18,20,0.385399689649,0.373554801644,0.385814944047,0.374059319922,19.1791422284,22.2172175845,19.3473201229,22.2918267045,True,-16.5,0,0,0,0,0,1,,,Suncorp Stadium,2,-1.04513888889,-50.6439728187,0,0,,,,,,,
20211111040,2021,10,Cronulla-Sutherland Sharks,South Sydney Rabbitohs,0,22,32,0.353355859339,0.39042489525,0.353874638709,0.390867035651,18.7385225328,22.9491373415,18.7221238223,24.6010686508,True,-11.5,0,0,0,0,0,1,,,Suncorp Stadium,-8,-0.923611111111,-53.4200056569,0,0,,,,,,,
20211111050,2021,10,Sydney Roosters,North Queensland Cowboys,1,30,16,0.74726479807,0.742655969431,0.74649508173,0.74181062772,25.1337155478,14.000037873,24.8447102983,14.1721601746,True,14.5,0,0,0,0,0,1,,,Suncorp Stadium,-2,0.986111111111,86.5638928158,0,0,,,,,,,
20211111060,2021,10,New Zealand Warriors,Parramatta Eels,0,18,34,0.289382608124,0.30017959849,0.290076948088,0.300921429331,18.6706523775,28.0969642916,18.5441714452,27.1891665032,True,-9.5,0,0,0,0,0,1,,,Suncorp Stadium,-4,-1.75347222222,-45.1935289803,0,0,,,,,,,
20211111070,2021,10,Melbourne Storm,St. George Illawarra Dragons,1,44,18,0.693812030777,0.694111868153,0.693158996565,0.693386068777,23.933175124,15.8653116046,23.7288670578,15.9527621988,True,15.5,0,0,0,0,0,1,,,Suncorp Stadium,6,2.84375,69.681833002,0,0,,,,,,,
20211111080,2021,10,Gold Coast Titans,Penrith Panthers,0,12,48,0.288860153037,0.290453946599,0.289555714159,0.291221960645,18.5071092315,29.5994185558,18.2170316413,29.0451124784,True,-20.5,0,0,0,0,0,1,,,Suncorp Stadium,-6,-0.979166666667,-66.1888770954,0,0,,,,,,,
20211111110,2021,11,North Queensland Cowboys,Newcastle Knights,1,36,20,0.548119996659,0.555666113845,0.547940383113,0.555435951423,22.1614196243,19.1131130438,21.7643524311,19.1389545274,True,6.5,0,0,0,0,0,1,,,Queensland Country Bank Stadium,2,-1.07291666667,-17.0765452762,0,0,,,,,,,
20211111120,2021,11,New Zealand Warriors,Wests Tigers,1,30,26,0.64529347576,0.654567938863,0.644778883153,0.653965167766,24.9996132023,18.8662523907,25.27541157,18.3889541275,True,6.5,0,0,0,0,0,1,,,Industree Group Stadium,0,-1.82638888889,21.2583272275,0,0,,,,,,,
20211111130,2021,11,Cronulla-Sutherland Sharks,St. George Illawarra Dragons,1,13,12,0.448808030714,0.458675515081,0.448998954595,0.458847016798,19.9437681348,21.4447949563,19.7508007547,21.1144601848,True,7.5,0,0,0,0,0,1,,,Jubilee Stadium,-2,0.940972222222,-20.1621239126,0,0,,,,,,,
20211111140,2021,11,Gold Coast Titans,Canterbury-Bankstown Bulldogs,1,30,20,0.647459135323,0.647799855111,0.646937837859,0.647220003842,25.1463242315,17.0367785447,25.400083069,16.8678770002,True,14.5,0,0,0,0,0,1,,,Cbus Super Stadium,0,-1.14236111111,44.2104128763,0,0,,,,,,,
20211111150,2021,11,Sydney Roosters,Brisbane Broncos,0,16,34,0.775736526382,0.764753382318,0.774924644955,0.763868007841,26.3856705885,13.5187717765,26.5714218072,12.8409316209,True,26.5,0,0,0,0,0,1,,,Other,4,-0.986111111111,83.3541599457,0,0,,,,,,,
20211111160,2021,11,Canberra Raiders,Melbourne Storm,0,10,34,0.340679417993,0.344900404958,0.341236639037,0.34550495552,18.2074736227,28.5104485934,18.4224062071,29.8570854053,True,-10.5,0,0,0,0,0,1,,,GIO Stadium,-8,1.04513888889,-89.2539720886,0,0,,,,,,,
20211111170,2021,11,South Sydney Rabbitohs,Penrith Panthers,0,12,56,0.388582754374,0.410405790097,0.388987290331,0.410771311733,19.0819863705,24.3144616088,18.8247275397,24.2546433926,True,-8.5,0,0,0,0,0,1,,,Other,-2,1.03819444444,-43.1547096389,0,0,,,,,,,
20211111180,2021,11,Parramatta Eels,Manly-Warringah Sea Eagles,0,6,28,0.73257412272,0.736730368566,0.731832007963,0.735897421867,24.6762662505,16.6522898806,25.1033868357,16.5847232295,True,6.5,0,0,0,0,0,1,,,CommBank Stadium,2,-1.73958333333,49.3010397884,0,0,,,,,,,
20211111210,2021,12,Brisbane Broncos,Melbourne Storm,0,12,40,0.278133753217,0.262532623511,0.278853496421,0.263367148072,17.4894486113,27.7863374665,17.7339411019,29.5017599912,True,-21.5,0,0,0,0,0,1,,,Suncorp Stadium,-6,0.0868055555556,-137.261761579,0,0,,,,,,,
20211111220,2021,12,North Queensland Cowboys,New Zealand Warriors,1,29,28,0.501674135333,0.48319778672,0.501667847794,0.483267783007,20.9379336895,22.7638282061,20.7253388153,21.0727894461,True,-3.5,0,0,0,0,0,1,,,Queensland Country Bank Stadium,2,0.923611111111,-20.0414606642,0,0,,,,,,,
20211111230,2021,12,Wests Tigers,St. George Illawarra Dragons,1,34,18,0.487580763574,0.465039829428,0.487627387686,0.465185106422,20.5595303889,19.962449504,20.2003512549,21.4258909052,True,4.5,0,0,0,0,0,1,,,CommBank Stadium,2,0.0798611111111,-15.183623524,0,0,,,,,,,
20211111240,2021,12,Penrith Panthers,Canterbury-Bankstown Bulldogs,1,30,4,0.793361674132,0.790055103436,0.793361674132,0.790055103436,27.493702711,12.0661653845,28.1004369009,12.2961337839,False,37.5,0,0,0,0,0,1,,,BlueBet Stadium,8,-0.958333333333,127.16070437,0,0,,,,,,,
20211111250,2021,12,South Sydney Rabbitohs,Parramatta Eels,1,38,20,0.430869265521,0.412987317911,0.431125598198,0.413342751521,19.3925797011,22.1015982017,19.4800154134,22.081698629,True,3.5,0,0,0,0,0,1,,,Accor Stadium,-2,0.0868055555556,-23.3766875643,0,0,,,,,,,
20211111260,2021,12,Sydney Roosters,Canberra Raiders,1,44,16,0.693682543057,0.673024218995,0.693029841819,0.672361575498,24.0418964925,18.2945463899,24.0405909213,16.6652155364,True,9.5,0,0,0,0,0,1,,,Industree Group Stadium,4,0.0868055555556,55.2509706488,0,0,,,,,,,
20211111270,2021,12,Cronulla-Sutherland Sharks,Gold Coast Titans,1,38,10,0.474581127799,0.49859052511,0.474676430351,0.498596401203,21.2930042603,21.7373391041,21.1034683642,22.0070163542,True,-3.5,0,0,0,0,0,1,,,Other,-2,0.795138888889,-4.00267162422,0,0,,,,,,,
20211111280,2021,12,Newcastle Knights,Manly-Warringah Sea Eagles,1,18,10,0.391260786891,0.420448011027,0.391656250844,0.420774073591,20.1342675404,28.3372018582,20.0552622064,26.5750442821,True,-14.5,0,0,0,0,0,1,,,McDonald Jones Stadium,-6,2.84375,-36.6857828835,0,0,,,,,,,
20211111310,2021,13,St. George Illawarra Dragons,Brisbane Broncos,1,52,24,0.752009497286,0.704373148522,0.75123167701,0.703618879797,25.2733202702,15.9445845664,25.4479413763,16.3519174475,True,8.5,0,0,0,0,0,1,,,Jubilee Stadium,-2,-1.00347222222,26.4817152907,0,0,,,,,,,
20211111320,2021,13,Wests Tigers,Penrith Panthers,1,26,6,0.394581298575,0.412868217877,0.394965447351,0.413224117776,18.8284438235,25.9668396621,19.022691896,25.5249477906,True,-6.5,0,0,0,0,0,1,,,Leichhardt Oval,-4,0.795138888889,-111.436723669,0,0,,,,,,,
20211111330,2021,13,Melbourne Storm,Gold Coast Titans,1,20,14,0.754752045672,0.75596673555,0.753969729619,0.75509606571,26.2042440246,15.0841982342,26.9056644074,14.8583925533,True,24.5,0,0,0,0,0,1,,,Sunshine Coast Stadium,6,2.75694444444,105.246079628,0,0,,,,,,,
20211111340,2021,13,Newcastle Knights,Parramatta Eels,0,4,40,0.321047668669,0.337162444234,0.321661119733,0.337792535192,18.6615267126,23.8250727594,18.4940748506,24.8823132986,True,-14.5,0,0,0,0,0,1,,,McDonald Jones Stadium,-2,-0.940972222222,-65.9779043568,0,0,,,,,,,
20211111410,2021,14,Manly-Warringah Sea Eagles,North Queensland Cowboys,1,50,18,0.693294876878,0.687831018578,0.692643173808,0.687123399113,23.7004700597,17.9775310108,23.7149657846,16.2806414265,True,5.5,0,0,0,0,0,1,,,4 Pines Park,0,-1.92013888889,48.8662648119,0,0,,,,,,,
20211111420,2021,14,Cronulla-Sutherland Sharks,Penrith Panthers,1,19,18,0.414404696163,0.427085321146,0.414719885222,0.427385002169,18.8812723129,20.5904369859,19.3230181325,20.5517926915,True,-4.5,0,0,0,0,0,1,,,Jubilee Stadium,-4,5.24652777778,-108.966218731,0,0,,,,,,,
20211111430,2021,14,Gold Coast Titans,Sydney Roosters,0,34,35,0.422332957755,0.442897234777,0.422619964671,0.443133234574,19.9677008496,25.1709046464,20.0910426334,26.0056608431,True,-10.5,0,0,0,0,0,1,,,Cbus Super Stadium,-2,-7,-58.1094461321,0,0,,,,,,,
20211111440,2021,14,South Sydney Rabbitohs,Newcastle Knights,1,24,10,0.685892248812,0.669063324894,0.685259972589,0.668413189504,25.0666033533,17.5128560071,25.3538101981,15.5925272332,True,16.5,0,0,0,0,0,1,,,Accor Stadium,2,7.94097222222,32.7548702734,0,0,,,,,,,
20211111450,2021,14,Canberra Raiders,Brisbane Broncos,1,38,16,0.649779101874,0.659171695874,0.649250670617,0.658553620055,24.2596594669,20.0539944335,24.4016973539,20.1238149768,True,10.5,0,0,0,0,0,1,,,GIO Stadium,0,5.01041666667,23.4393549881,0,0,,,,,,,
20211111460,2021,14,New Zealand Warriors,Melbourne Storm,0,16,42,0.307992825005,0.301701657999,0.308641198591,0.302439261214,18.0645195084,28.9880089466,18.0964482188,26.8287765946,True,-17.5,0,0,0,0,0,1,,,Industree Group Stadium,-6,8.06597222222,-97.815157195,0,0,,,,,,,
20211111470,2021,14,Parramatta Eels,Wests Tigers,1,40,12,0.656556051094,0.662826783183,0.656007078456,0.662196727306,24.8030106294,19.6722118261,25.1342324171,19.1905218611,True,14.5,0,0,0,0,0,1,,,CommBank Stadium,0,-1.84027777778,37.3198693035,0,0,,,,,,,
20211111480,2021,14,Canterbury-Bankstown Bulldogs,St. George Illawarra Dragons,1,28,6,0.320144979087,0.341081540169,0.320760911339,0.34169878031,19.7192962273,24.2937473505,19.2833243019,22.6309645461,True,-13.5,0,0,0,0,0,1,,,Accor Stadium,-4,5.20138888889,-36.5746277212,0,0,,,,,,,
20211111510,2021,15,Brisbane Broncos,South Sydney Rabbitohs,0,0,46,0.291686131551,0.303003134376,0.292375040726,0.303737095481,18.7929641525,32.8226704661,18.7341804159,30.9296797913,True,-20.5,0,0,0,0,0,1,,,Suncorp Stadium,-4,-0.0868055555556,-64.7400443131,0,0,,,,,,,
20211111520,2021,15,North Queensland Cowboys,Cronulla-Sutherland Sharks,0,24,26,0.506533126902,0.507334812825,0.506508593075,0.507304238229,20.797616236,22.8343743491,21.0155121521,20.4773180162,True,1.5,0,0,0,0,0,1,,,Queensland Country Bank Stadium,0,0.0798611111111,-12.7466047074,0,0,,,,,,,
20211111530,2021,15,Penrith Panthers,Sydney Roosters,1,38,12,0.788698220826,0.792565193751,0.787872668305,0.791644928862,24.8519995742,14.3527440959,25.3643990704,14.0102639088,True,16.5,0,0,0,0,0,1,,,BlueBet Stadium,0,0.795138888889,33.7582495289,0,0,,,,,,,
20211111540,2021,15,Newcastle Knights,New Zealand Warriors,1,10,6,0.533096481181,0.515362284646,0.532972541385,0.51529827909,21.0439314617,21.3850329437,20.6090822128,20.7228586779,True,1.5,0,0,0,0,0,1,,,McDonald Jones Stadium,0,0.854166666667,-22.6986616666,0,0,,,,,,,
20211111550,2021,15,St. George Illawarra Dragons,Canberra Raiders,1,22,20,0.65910885713,0.654990322048,0.658552265052,0.654386136972,24.0943667031,18.7376110404,24.50875852,20.1760673236,True,-4.5,0,0,0,0,0,1,,,WIN Stadium,-2,-1.85069444444,13.8252430416,0,0,,,,,,,
20211111560,2021,15,Melbourne Storm,Wests Tigers,1,66,16,0.790321204863,0.766628045868,0.789494205174,0.765739751394,27.2868316083,14.6708459926,27.3146190391,14.4562637876,True,26.5,0,0,0,0,0,1,,,Sunshine Coast Stadium,4,0.0868055555556,73.4409978983,0,0,,,,,,,
20211111570,2021,15,Parramatta Eels,Canterbury-Bankstown Bulldogs,1,36,10,0.732833086665,0.742447973996,0.73209045372,0.741603055992,26.8115062521,13.371866838,27.2903930056,13.2665004612,True,20.5,0,0,0,0,0,1,,,CommBank Stadium,4,0.996527777778,85.2148082177,0,0,,,,,,,
20211111580,2021,15,Gold Coast Titans,Manly-Warringah Sea Eagles,0,24,56,0.361871750933,0.398262680333,0.362363855865,0.398675091358,20.6983713324,28.7147792043,20.7743635635,28.4348844304,True,-8.5,0,0,0,0,0,1,,,Cbus Super Stadium,-6,-0.875,-38.1367507501,0,0,,,,,,,
20211111610,2021,16,Sydney Roosters,Melbourne Storm,0,0,46,0.393124478324,0.385155158486,0.393513600411,0.385617030196,18.0616471821,26.80446839,18.1637604009,24.950303169,True,-12.5,0,0,0,0,0,1,,,McDonald Jones Stadium,-4,0.986111111111,-50.7566305207,0,0,,,,,,,
20211111620,2021,16,New Zealand Warriors,St. George Illawarra Dragons,0,18,19,0.452446606873,0.467305148234,0.452624131272,0.467441067157,22.1964592364,22.2013762255,22.2322737027,21.6465319696,True,-1.5,0,0,0,0,0,1,,,Industree Group Stadium,-2,0.104166666667,5.05559727803,0,0,,,,,,,
20211111630,2021,16,Penrith Panthers,Parramatta Eels,1,13,12,0.651915355885,0.628835780794,0.651380401136,0.628322616733,22.1922184867,15.5879219583,22.6185193962,16.5763762419,True,5.5,0,0,0,0,0,1,,,BlueBet Stadium,0,1.75347222222,17.0612816281,0,0,,,,,,,
20211111640,2021,16,Canterbury-Bankstown Bulldogs,Manly-Warringah Sea Eagles,0,0,66,0.313129015134,0.291975113421,0.313763899239,0.292739128899,19.8346457747,30.1350166902,19.4313487014,29.6758366941,True,-27.5,0,0,0,0,0,1,,,CommBank Stadium,-6,0.0868055555556,-62.5354035368,0,0,,,,,,,
20211111650,2021,16,Canberra Raiders,Gold Coast Titans,0,6,44,0.564006022091,0.546029732597,0.563768253464,0.545838913194,24.3717675603,21.0070702105,23.983353367,22.0207528782,True,4.5,0,0,0,0,0,1,,,GIO Stadium,2,0.940972222222,3.78834950795,0,0,,,,,,,
20211111660,2021,16,Newcastle Knights,North Queensland Cowboys,1,38,0,0.634948953039,0.583978365974,0.63446697095,0.583634839875,22.8441726994,18.0694548176,22.3467496905,18.9093161947,True,7.5,0,0,0,0,0,1,,,McDonald Jones Stadium,0,-0.875,-3.04635041992,0,0,,,,,,,
20211111670,2021,16,Brisbane Broncos,Cronulla-Sutherland Sharks,1,26,18,0.333077202297,0.342116406919,0.333656697463,0.342730224463,19.3897217479,29.6195528358,19.2268643617,30.6757030241,True,-13.5,0,0,0,0,0,1,,,Suncorp Stadium,-6,0.923611111111,-50.5165286772,0,0,,,,,,,
20211111680,2021,16,Wests Tigers,South Sydney Rabbitohs,0,22,38,0.333256579123,0.354254810708,0.33383555579,0.354827608284,19.2102106213,25.475150181,18.7942076108,24.5869041393,True,-20.5,0,0,0,0,0,1,,,Leichhardt Oval,-4,-1.98958333333,-24.0259054009,0,0,,,,,,,
20211111710,2021,17,Manly-Warringah Sea Eagles,Canberra Raiders,0,16,30,0.7391042397,0.727247968832,0.738349399176,0.726436213106,26.0457380958,15.2686834969,26.6021147884,15.1324370388,True,15.5,0,0,0,0,0,1,,,4 Pines Park,6,0.104166666667,50.4612989589,0,0,,,,,,,
20211111720,2021,17,South Sydney Rabbitohs,North Queensland Cowboys,1,46,18,0.704495580633,0.694294094913,0.703815838711,0.693567776446,25.0095520621,16.1137521509,25.077788323,15.6451347209,True,16.5,0,0,0,0,0,1,,,McDonald Jones Stadium,4,-0.854166666667,63.2921172522,0,0,,,,,,,
20211111730,2021,17,Canterbury-Bankstown Bulldogs,Sydney Roosters,0,16,22,0.345569178559,0.390950267178,0.346111758018,0.391390428835,19.3638571086,24.8279461796,19.2112340721,24.0114058312,True,-24.5,0,0,0,0,0,1,,,CommBank Stadium,-2,-1.79861111111,-61.781538773,0,0,,,,,,,
20211111740,2021,17,Cronulla-Sutherland Sharks,New Zealand Warriors,1,20,12,0.666371103048,0.640923753295,0.665793203694,0.640367676697,24.5523974995,17.8121513325,24.9432946475,19.7466583328,True,2.5,0,0,0,0,0,1,,,Jubilee Stadium,6,-1.83333333333,14.808201337,0,0,,,,,,,
20211111810,2021,18,Gold Coast Titans,Parramatta Eels,0,8,26,0.372770335644,0.388686451943,0.373227386918,0.389135125123,19.2323867191,24.1797700839,19.0906260728,23.5923045748,True,-2.5,0,0,0,0,0,1,,,Cbus Super Stadium,-4,-0.899305555556,-73.9748257011,0,0,,,,,,,
20211111820,2021,18,Manly-Warringah Sea Eagles,St. George Illawarra Dragons,1,32,18,0.65562906367,0.643764337203,0.65508287409,0.643198380948,23.993570315,17.5720919425,24.1125308011,18.2022599909,True,7.5,0,0,0,0,0,1,,,Cbus Super Stadium,0,-6.07638888889,76.3250886494,0,0,,,,,,,
20211111830,2021,18,Canberra Raiders,Cronulla-Sutherland Sharks,1,34,18,0.485517905849,0.449330335317,0.485572266304,0.449540137744,21.3255907857,22.1736594158,20.9851862653,21.0368177866,True,-2.5,0,0,0,0,0,1,,,Cbus Super Stadium,-4,2.84375,-19.7510527528,0,0,,,,,,,
20211111840,2021,18,North Queensland Cowboys,Sydney Roosters,0,18,34,0.416353940403,0.439870822206,0.416662229791,0.440119092833,20.2906005474,25.6240086357,20.5549362976,25.6204158305,True,-9.5,0,0,0,0,0,1,,,Queensland Country Bank Stadium,-4,0.986111111111,-55.5666863561,0,0,,,,,,,
20211111850,2021,18,Melbourne Storm,Newcastle Knights,1,48,4,0.747809688804,0.739275277872,0.747039021069,0.738436926045,25.85904606,14.2777992087,25.7746599032,14.2376689269,True,15.5,0,0,0,0,0,1,,,Cbus Super Stadium,4,1.98958333333,125.731789384,0,0,,,,,,,
20211111860,2021,18,New Zealand Warriors,Penrith Panthers,0,16,30,0.383026983509,0.38666873476,0.3834501809,0.387124961212,19.0145521713,24.3733510343,19.2773358882,23.3948203168,True,-9.5,0,0,0,0,0,1,,,Suncorp Stadium,-6,-8.84027777778,-87.9980314241,0,0,,,,,,,
20211111870,2021,18,Brisbane Broncos,Wests Tigers,0,24,42,0.405582558763,0.423993000659,0.405928720335,0.424305000949,21.9689961588,28.1919353302,21.7142676271,29.6854013252,True,1.5,0,0,0,0,0,1,,,Suncorp Stadium,-2,0.0868055555556,-47.9941952559,0,0,,,,,,,
20211111880,2021,18,South Sydney Rabbitohs,Canterbury-Bankstown Bulldogs,1,32,24,0.805479685749,0.784268179182,0.804642186593,0.783356364578,29.6187793752,12.9077172685,29.4579035709,13.0703492541,True,25.5,0,0,0,0,0,1,,,Cbus Super Stadium,8,0.986111111111,96.6092737033,0,0,,,,,,,
20211111910,2021,19,Parramatta Eels,Canberra Raiders,0,10,12,0.743456484135,0.742763360762,0.742693564843,0.741917800611,27.2796946891,14.4205325887,27.6877637094,13.9940951625,True,15.5,0,0,0,0,0,1,,,Cbus Super Stadium,2,0.979166666667,66.3925663963,0,0,,,,,,,
20211111920,2021,19,Sydney Roosters,Newcastle Knights,1,28,8,0.697059698881,0.695948889978,0.696398384842,0.69521787963,24.9396481866,15.2796722219,25.1251838462,15.5003362426,True,12.5,0,0,0,0,0,1,,,Sunshine Coast Stadium,2,0.190972222222,20.0248660448,0,0,,,,,,,
20211111930,2021,19,North Queensland Cowboys,Melbourne Storm,0,16,20,0.328321094621,0.297249666614,0.328914209322,0.297999537927,17.7171078059,35.1327106152,17.7466723516,33.9170277459,True,-34.5,0,0,0,0,0,1,,,Queensland Country Bank Stadium,-10,0.190972222222,-157.881529686,0,0,,,,,,,
20211111940,2021,19,South Sydney Rabbitohs,New Zealand Warriors,1,60,22,0.766270198073,0.7467955588,0.765470565651,0.745941959868,26.5112370768,15.2420432646,27.0790140854,15.3437948593,True,20.5,0,0,0,0,0,1,,,Sunshine Coast Stadium,10,-0.184027777778,60.8207589177,0,0,,,,,,,
20211111950,2021,19,Manly-Warringah Sea Eagles,Wests Tigers,1,44,24,0.793269669785,0.771179002706,0.792440197014,0.770283947097,29.0289656538,17.7331485516,28.9029526589,17.2911925905,True,22.5,0,0,0,0,0,1,,,Suncorp Stadium,4,1.83333333333,62.047649211,0,0,,,,,,,
20211111960,2021,19,Penrith Panthers,Brisbane Broncos,1,18,12,0.767178676727,0.77624567148,0.76637778929,0.775343646703,28.4612585718,14.0512278625,28.8110163461,13.0393925297,True,22.5,0,0,0,0,0,1,,,Suncorp Stadium,4,0.09375,122.875162112,0,0,,,,,,,
20211111970,2021,19,St. George Illawarra Dragons,Gold Coast Titans,0,10,32,0.711927929079,0.69558912813,0.711230533394,0.694859134447,24.881864038,19.4389011572,24.7216136872,18.4671856745,True,-5.5,0,0,0,0,0,1,,,Cbus Super Stadium,4,-0.0868055555556,-9.07902705116,0,0,,,,,,,
20211111980,2021,19,Canterbury-Bankstown Bulldogs,Cronulla-Sutherland Sharks,0,24,44,0.379477902018,0.392718999367,0.379912903908,0.393152484231,20.5987289503,23.4585128571,19.9928868307,22.9828501021,True,-10.5,0,0,0,0,0,1,,,Cbus Super Stadium,-4,-1.03125,-46.9306738571,0,0,,,,,,,
20211112010,2021,20,Sydney Roosters,Parramatta Eels,1,28,0,0.480082767054,0.468517997217,0.480157491919,0.468648901207,18.9499516536,20.4989105311,19.2002062409,18.8139488471,True,-2.5,0,0,0,0,0,1,,,Other,0,-0.923611111111,-44.8831551136,0,0,,,,,,,
20211112020,2021,20,Wests Tigers,New Zealand Warriors,0,16,18,0.604213692297,0.612741215881,0.603833667623,0.61228719501,26.4700281189,19.5091370869,26.328237087,19.7028561488,True,8.5,0,0,0,0,0,1,,,Suncorp Stadium,2,-0.104166666667,4.20322280074,0,0,,,,,,,
20211112030,2021,20,Brisbane Broncos,North Queensland Cowboys,1,37,18,0.502962681814,0.489470124349,0.502951555066,0.489514010674,22.8962325857,22.2321218307,23.052432788,22.3954169528,True,2.5,0,0,0,0,0,1,,,Suncorp Stadium,2,-0.986111111111,-8.25459666639,0,0,,,,,,,
20211112040,2021,20,St. George Illawarra Dragons,South Sydney Rabbitohs,0,14,50,0.369740990822,0.372922596353,0.370207884173,0.373429405981,19.7499382102,30.534203036,19.6082104954,28.7678584097,True,-24.5,0,0,0,0,0,1,,,Suncorp Stadium,-6,-0.951388888889,-50.5893544416,0,0,,,,,,,
20211112050,2021,20,Newcastle Knights,Canberra Raiders,1,34,24,0.443708670882,0.432009676454,0.443918304449,0.432289643731,20.6525949605,22.0581309683,20.7322154432,21.3913982267,True,-3.5,0,0,0,0,0,1,,,Suncorp Stadium,-2,-0.923611111111,-12.4076521779,0,0,,,,,,,
20211112060,2021,20,Melbourne Storm,Penrith Panthers,1,37,10,0.788540839742,0.753481066132,0.787715430765,0.752614853018,23.8757176719,12.5868182892,23.6414140122,13.2117009492,True,18.5,0,0,0,0,0,1,,,Suncorp Stadium,2,0.986111111111,49.9382938655,0,0,,,,,,,
20211112070,2021,20,Canterbury-Bankstown Bulldogs,Gold Coast Titans,0,6,34,0.314765788513,0.326510156125,0.315396304743,0.327174257225,20.9020530621,29.1751602493,20.737139378,30.0807008299,True,-13.5,0,0,0,0,0,1,,,Suncorp Stadium,-4,-0.09375,-39.8091117248,0,0,,,,,,,
20211112080,2021,20,Cronulla-Sutherland Sharks,Manly-Warringah Sea Eagles,0,22,40,0.318537404478,0.331056068588,0.319157731535,0.331705823954,19.6990267228,26.897492619,19.8174727152,26.7577073863,True,-19.5,0,0,0,0,0,1,,,Suncorp Stadium,-2,-0.940972222222,-59.9095823744,0,0,,,,,,,
20211112110,2021,21,Newcastle Knights,Brisbane Broncos,1,28,20,0.733514485477,0.715574310007,0.732770494327,0.714790814207,28.8756070919,17.9700942513,28.826005505,17.8999374432,True,13.5,0,0,0,0,0,1,,,Suncorp Stadium,2,-1.73958333333,22.9706132025,0,0,,,,,,,
20211112120,2021,21,Canberra Raiders,St. George Illawarra Dragons,1,20,12,0.689507854277,0.663045624327,0.688866003332,0.662414856065,27.0342646157,18.557843156,26.9972147764,18.3509766078,True,10.5,0,0,0,0,0,1,,,Cbus Super Stadium,2,0.190972222222,24.3280553415,0,0,,,,,,,
20211112130,2021,21,Parramatta Eels,South Sydney Rabbitohs,0,12,40,0.586140223977,0.586578797917,0.585823109609,0.586225063715,20.8427243075,18.0643271554,20.8492244951,18.9510410318,True,-10.5,0,0,0,0,0,1,,,Cbus Super Stadium,-6,2.94097222222,0.167590147501,0,0,,,,,,,
20211112140,2021,21,New Zealand Warriors,Cronulla-Sutherland Sharks,1,18,16,0.502272731004,0.522681107107,0.502264195377,0.522586678157,22.8802264318,22.6293683357,22.5203079108,22.5992058441,True,-6.5,0,0,0,0,0,1,,,Cbus Super Stadium,-2,3.08680555556,-18.4462893734,0,0,,,,,,,
20211112150,2021,21,Sydney Roosters,Penrith Panthers,0,14,20,0.503372695916,0.560836373915,0.503360029392,0.560585241151,20.4654362156,18.4323662668,20.2362190945,18.1705584729,True,-3.5,0,0,0,0,0,1,,,Suncorp Stadium,0,2.84375,-42.6676753355,0,0,,,,,,,
20211112160,2021,21,Manly-Warringah Sea Eagles,Melbourne Storm,0,18,28,0.454074181918,0.469147238109,0.454245700155,0.46927553907,18.7557038118,24.0656366495,19.1441112347,22.1664991306,True,-9.5,0,0,0,0,0,1,,,Suncorp Stadium,-2,-1.16666666667,-55.9118645763,0,0,,,,,,,
20211112170,2021,21,Canterbury-Bankstown Bulldogs,Wests Tigers,0,16,28,0.363431909887,0.378210106101,0.363919058154,0.378697645148,21.1525827804,27.5499151045,21.5605651502,28.2428156433,True,-7.5,0,0,0,0,0,1,,,Cbus Super Stadium,-2,-3,-38.831567574,0,0,,,,,,,
20211112180,2021,21,Gold Coast Titans,North Queensland Cowboys,1,36,14,0.755989714118,0.753261299609,0.755205415187,0.752395486689,28.3024514656,16.1352191866,28.7683892743,16.9223925907,True,12.5,0,0,0,0,0,1,,,Cbus Super Stadium,6,-2.91319444444,36.7861462294,0,0,,,,,,,
20211112210,2021,22,Melbourne Storm,Canberra Raiders,1,26,16,0.801025339004,0.795113384587,0.800190345616,0.794190879149,28.5965911157,13.0111690869,28.5221305443,12.6965609717,True,25.5,0,0,0,0,0,1,,,Sunshine Coast Stadium,2,-1.06597222222,116.975434695,0,0,,,,,,,
20211112220,2021,22,St. George Illawarra Dragons,Penrith Panthers,0,16,34,0.33030354784,0.328525062783,0.33089101586,0.329182836887,18.8620641884,23.8013496533,18.6688777701,24.7908864765,True,-22.5,0,0,0,0,0,1,,,Suncorp Stadium,-6,0.979166666667,-83.8441130734,0,0,,,,,,,
20211112230,2021,22,Brisbane Broncos,Sydney Roosters,0,20,21,0.313937463242,0.319975337472,0.314570194053,0.320659604184,19.3033730697,27.7614552278,19.1656481696,27.6490947213,True,-13.5,0,0,0,0,0,1,,,Suncorp Stadium,-4,1.90277777778,-68.901916605,0,0,,,,,,,
20211112240,2021,22,South Sydney Rabbitohs,Gold Coast Titans,1,36,6,0.70716931599,0.704324927127,0.706483133268,0.703570788488,27.0870732996,16.5100810759,27.0780865829,16.1118176287,True,15.5,0,0,0,0,0,1,,,Cbus Super Stadium,2,1.83333333333,47.8326032629,0,0,,,,,,,
20211112250,2021,22,North Queensland Cowboys,Wests Tigers,0,16,24,0.440343431666,0.45357731476,0.440565364566,0.453769744477,22.3158517737,25.7568392042,22.7046501742,25.0656930106,True,-3.5,0,0,0,0,0,1,,,Queensland Country Bank Stadium,-4,-0.09375,-27.6029880455,0,0,,,,,,,
20211112260,2021,22,Manly-Warringah Sea Eagles,Parramatta Eels,1,56,10,0.639894558433,0.647493042657,0.639396867497,0.6469142419,22.7724005516,15.565726317,22.6887574497,16.2197484033,True,14.5,0,0,0,0,0,1,,,Sunshine Coast Stadium,4,-0.979166666667,18.4036933279,0,0,,,,,,,
20211112270,2021,22,New Zealand Warriors,Canterbury-Bankstown Bulldogs,1,24,10,0.726513300705,0.717629515013,0.725783624777,0.716840876644,28.458950263,15.3762819474,28.1625799963,17.2505726345,True,7.5,0,0,0,0,0,1,,,Kayo Stadium,4,0.951388888889,35.7765899797,0,0,,,,,,,
20211112280,2021,22,Cronulla-Sutherland Sharks,Newcastle Knights,0,14,16,0.53039434422,0.526412596112,0.530280471379,0.526302685248,24.5341867983,20.0420532492,24.2961554754,19.6442724482,True,-8.5,0,0,0,0,0,1,,,Kayo Stadium,-2,-1.79861111111,6.77085861823,0,0,,,,,,,
20211112310,2021,23,Gold Coast Titans,Melbourne Storm,0,20,34,0.404711410881,0.379396611665,0.405060607158,0.379879793716,18.2844600647,24.3610072085,18.2290080743,24.2421128508,True,-20.5,0,0,0,0,0,1,,,Cbus Super Stadium,-4,-1.79861111111,-97.2047835577,0,0,,,,,,,
20211112320,2021,23,Canberra Raiders,Manly-Warringah Sea Eagles,0,18,19,0.339326974219,0.355301380317,0.339888202078,0.355870568307,20.3900956088,29.8799729556,20.5592770698,29.3651292526,True,-8.5,0,0,0,0,0,1,,,Suncorp Stadium,-2,1.98958333333,-57.4867384833,0,0,,,,,,,
20211112330,2021,23,Penrith Panthers,South Sydney Rabbitohs,1,25,12,0.576485478125,0.562176353968,0.576202697403,0.561919803694,20.0160096634,19.011645325,20.2572284277,18.7831446832,True,1.5,0,0,0,0,0,1,,,Suncorp Stadium,-2,0.875,-14.3939011982,0,0,,,,,,,
20211112340,2021,23,Wests Tigers,Cronulla-Sutherland Sharks,0,20,50,0.604230695781,0.57354369229,0.603850612848,0.57324150152,23.9231143106,20.2204646607,23.8152602136,19.9856386466,True,-4.5,0,0,0,0,0,1,,,Other,4,0.9375,-2.70114822115,0,0,,,,,,,
20211112350,2021,23,Canterbury-Bankstown Bulldogs,Newcastle Knights,0,16,22,0.325208918195,0.349274892703,0.325810808582,0.349864710279,20.2468231579,26.1596708893,20.0094190284,24.9965059805,True,-15.5,0,0,0,0,0,1,,,Cbus Super Stadium,-6,0.0902777777778,-44.8588610319,0,0,,,,,,,
20211112360,2021,23,Parramatta Eels,North Queensland Cowboys,1,32,16,0.657980240197,0.697437637116,0.657427008593,0.696702439746,27.1790027448,16.3299125367,27.0561583318,16.6555289282,True,13.5,0,0,0,0,0,1,,,Cbus Super Stadium,2,-0.0868055555556,70.8088608591,0,0,,,,,,,
20211112370,2021,23,St. George Illawarra Dragons,Sydney Roosters,0,22,40,0.35946820776,0.349360475558,0.35996790722,0.34995000284,19.3118295319,26.4860561126,19.3439585109,28.7182067342,True,-11.5,0,0,0,0,0,1,,,Other,-8,0.0868055555556,-62.8949626741,0,0,,,,,,,
20211112380,2021,23,Brisbane Broncos,New Zealand Warriors,1,24,22,0.462027566669,0.45493116171,0.462169634629,0.455118041394,22.7607518829,22.7918073373,22.2453337624,23.8671820144,True,-1.5,0,0,0,0,0,1,,,Suncorp Stadium,-4,1.73958333333,-16.6871535341,0,0,,,,,,,
20211112410,2021,24,Newcastle Knights,Gold Coast Titans,1,15,14,0.574032629827,0.58442296103,0.573758642986,0.5840776869,22.9194730131,18.6990009032,23.3166462504,18.8417535461,True,-1.5,0,0,0,0,0,1,,,Sunshine Coast Stadium,2,-1.90277777778,-20.3154098461,0,0,,,,,,,
20211112420,2021,24,New Zealand Warriors,Canberra Raiders,0,16,28,0.555774443643,0.553295167188,0.55556670266,0.553074655057,22.6612387562,20.2750513713,22.6340978771,18.9042829298,True,-6.5,0,0,0,0,0,1,,,Other,2,-1.92013888889,-22.5121754344,0,0,,,,,,,
20211112430,2021,24,Sydney Roosters,South Sydney Rabbitohs,0,12,54,0.437326379478,0.437579983975,0.437559304564,0.437837518571,19.7560491605,23.708677288,20.2054630159,22.1653109968,True,-14.5,0,0,0,0,0,1,,,Suncorp Stadium,0,-1.74652777778,-50.2917148066,0,0,,,,,,,
20211112440,2021,24,St. George Illawarra Dragons,North Queensland Cowboys,0,26,38,0.628491236247,0.596701826398,0.628030077255,0.596308742578,25.9196331018,21.9457916851,25.8468631339,21.6137986766,True,1.5,0,0,0,0,0,1,,,Other,0,-0.767361111111,16.2380643546,0,0,,,,,,,
20211112450,2021,24,Cronulla-Sutherland Sharks,Brisbane Broncos,1,24,16,0.700536757547,0.683678629003,0.699866733448,0.682983329321,27.2799619108,18.6695284563,27.9369046714,19.1424245272,True,4.5,0,0,0,0,0,1,,,Suncorp Stadium,0,1.04513888889,18.6374569052,0,0,,,,,,,
20211112460,2021,24,Melbourne Storm,Parramatta Eels,0,10,22,0.780254534117,0.766001841563,0.779437469294,0.765114513805,25.4312206582,12.9427829825,24.9598213196,12.902751008,True,24.5,0,0,0,0,0,1,,,Suncorp Stadium,8,1.98958333333,97.2522322537,0,0,,,,,,,
20211112470,2021,24,Manly-Warringah Sea Eagles,Canterbury-Bankstown Bulldogs,1,36,18,0.814429062928,0.807805955295,0.813588059895,0.806874892174,29.6960150923,12.5988682087,30.3166918417,12.2848130566,True,34.5,0,0,0,0,0,1,,,Kayo Stadium,8,0.979166666667,132.469264251,0,0,,,,,,,
20211112480,2021,24,Penrith Panthers,Wests Tigers,1,30,16,0.816112783982,0.813033141113,0.815271357296,0.81209986702,29.3196674146,13.2126503923,29.0771464374,12.8923572046,True,29.5,0,0,0,0,0,1,,,Kayo Stadium,4,0.788194444444,67.1122170566,0,0,,,,,,,
20211112510,2021,25,Canberra Raiders,Sydney Roosters,0,16,40,0.511317531966,0.545241117022,0.511275040908,0.54505353078,22.3556157608,20.407252519,22.3646205979,19.9341046304,True,-1.5,0,0,0,0,0,1,,,Other,-2,0.0798611111111,-18.5027270074,0,0,,,,,,,
20211112520,2021,25,Cronulla-Sutherland Sharks,Melbourne Storm,0,16,28,0.422820995517,0.415664387729,0.423106257623,0.416009318515,18.6291103074,23.1944809617,18.856462307,22.7937922964,True,-8.5,0,0,0,0,0,1,,,Cbus Super Stadium,-4,0.0868055555556,-100.742718813,0,0,,,,,,,
20211112530,2021,25,Parramatta Eels,Penrith Panthers,0,6,40,0.37364166801,0.421796100832,0.374095874797,0.422116823568,18.9068036249,22.2249522283,18.9415162766,23.6553987173,True,-28.5,0,0,0,0,0,1,,,Cbus Super Stadium,-4,0.854166666667,-52.7948001114,0,0,,,,,,,
20211112540,2021,25,Brisbane Broncos,Newcastle Knights,1,35,22,0.481979516595,0.478585641594,0.482047138214,0.478674809876,22.2638706132,19.6110500949,21.9221650091,20.4422373579,True,2.5,0,0,0,0,0,1,,,Suncorp Stadium,-6,-1.90277777778,-14.3144431879,0,0,,,,,,,
20211112550,2021,25,North Queensland Cowboys,Manly-Warringah Sea Eagles,0,18,46,0.375825425878,0.382324768338,0.376272477488,0.382797147931,20.4660187979,29.701855033,20.4168951037,29.9552493399,True,-24.5,0,0,0,0,0,1,,,Queensland Country Bank Stadium,-6,0.951388888889,-113.324721961,0,0,,,,,,,
20211112560,2021,25,South Sydney Rabbitohs,St. George Illawarra Dragons,1,20,16,0.659424797776,0.682906624736,0.658867267309,0.682213641272,26.4579718282,15.330203274,27.1070350952,15.2749751966,True,3.5,0,0,0,0,0,1,,,Sunshine Coast Stadium,8,0.795138888889,101.716552691,0,0,,,,,,,
20211112570,2021,25,Gold Coast Titans,New Zealand Warriors,1,44,0,0.685026350122,0.672254525972,0.684396390943,0.671594297886,26.9941336082,16.0842427639,27.3054522846,16.6926926058,True,11.5,0,0,0,0,0,1,,,Cbus Super Stadium,-2,0.923611111111,30.8962604438,0,0,,,,,,,
20211112580,2021,25,Wests Tigers,Canterbury-Bankstown Bulldogs,0,0,38,0.729362387845,0.712649545833,0.728626790831,0.711873488067,28.5427719129,18.6676733303,29.0015284722,18.3665042948,True,6.5,0,0,0,0,0,1,,,Kayo Stadium,4,-0.09375,33.000994973,0,0,,,,,,,
20211112610,2021,26,Melbourne Storm,Manly-Warringah Sea Eagles,1,40,12,0.712907779038,0.705996138844,0.712208114944,0.70523751268,25.1792261252,16.8469671805,24.7430770687,15.8796157001,True,8.5,0,0,0,0,0,1,,,Sunshine Coast Stadium,0,0.979166666667,26.2796802957,0,0,,,,,,,
20211112620,2021,26,Sydney Roosters,Gold Coast Titans,1,25,24,0.650082500294,0.676352640515,0.649553139878,0.675679637784,26.0127598842,17.3245760274,26.1148497204,17.7231584828,True,11.5,0,0,0,0,0,1,,,Queensland Country Bank Stadium,2,2.75694444444,5.9329406112,0,0,,,,,,,
20211112630,2021,26,Penrith Panthers,South Sydney Rabbitohs,0,10,16,0.668396390114,0.655681467433,0.667812648656,0.655074972899,21.7818713528,16.970356356,21.3271303176,16.334431436,True,10.5,0,0,0,0,0,1,,,Queensland Country Bank Stadium,2,0.979166666667,-24.372883586,0,0,,,,,,,
20211112640,2021,26,Parramatta Eels,Newcastle Knights,1,28,20,0.63080644182,0.641666362123,0.630337777846,0.641107694931,25.6628005411,17.5548211576,25.7683835514,18.6917236152,True,7.5,0,0,0,0,0,1,,,Other,-4,0.788194444444,35.7637890055,0,0,,,,,,,
20211112710,2021,27,Manly-Warringah Sea Eagles,Sydney Roosters,1,42,6,0.776141640764,0.751192751636,0.775329276745,0.75033075412,26.6697434359,16.0206690299,26.3055438235,16.8970879237,True,11.5,0,0,0,0,0,1,,,Other,0,0.909722222222,38.904940173,0,0,,,,,,,
20211112720,2021,27,Penrith Panthers,Parramatta Eels,1,8,6,0.783168401339,0.776722145574,0.782348228271,0.775819496265,27.0787474402,13.0416703041,26.6345728643,13.0391671002,True,11.5,0,0,0,0,0,1,,,Other,2,0.84375,58.5493220543,0,0,,,,,,,
20211112810,2021,28,South Sydney Rabbitohs,Manly-Warringah Sea Eagles,1,36,16,0.730273510523,0.735370748975,0.729536047486,0.734540739696,25.4082312956,16.3106108587,25.4846861626,16.603049326,True,1.5,0,0,0,0,0,1,,,Suncorp Stadium,0,6,19.2787949513,0,0,,,,,,,
20211112820,2021,28,Melbourne Storm,Penrith Panthers,0,6,10,0.695101651267,0.688948540516,0.694445312706,0.688237645877,22.056210708,14.7561315445,21.687545864,15.2474188645,True,9.5,0,0,0,0,0,1,,,Suncorp Stadium,0,8,16.3352823957,0,0,,,,,,,
20211112910,2021,29,Penrith Panthers,South Sydney Rabbitohs,1,14,12,0.67229320082,0.64224112882,0.671698345287,0.641680460316,21.6341298615,15.5602172493,21.1006735478,15.5300451052,True,3.5,0,0,0,0,0,1,,,Suncorp Stadium,0,-0.829861111111,-12.6787204418,0,0,,,,,,,
20221110110,2022,1,Penrith Panthers,Manly-Warringah Sea Eagles,1,28,6,0.449119773041,0.488955578896,0.449214842959,0.488980326837,19.6828857514,19.0108440603,19.9865822574,18.6988787892,True,-1.5,0,0,0,0,0,1,,,Penrith Park,0,0,1.95662357915,0.951200749822,-0.0100717972026,,,,,,,
20221110120,2022,1,Canberra Raiders,Cronulla-Sutherland Sharks,1,24,19,0.583048051451,0.56813229629,0.582894679737,0.567981469592,21.4065771838,18.4126150796,21.9680951164,18.3572374582,True,-1.5,0,0,0,0,0,1,,,GIO Stadium,0,0,11.2698600237,-0.617459664518,0,,,,,,,
20221110130,2022,1,Brisbane Broncos,South Sydney Rabbitohs,1,11,4,0.432911753904,0.431695332607,0.433036463095,0.431846531247,18.8155321497,21.6711137326,18.4194126751,21.6379024592,True,-10.5,0,0,0,0,0,1,,,Suncorp Stadium,0,0,-112.314089312,-1.9105337677,0.0100528230849,,,,,,,
20221110140,2022,1,Sydney Roosters,Newcastle Knights,0,6,20,0.718827456828,0.716483005755,0.718470372549,0.71606069167,23.4589059485,13.9112859034,23.5972869598,13.5864137167,True,16.5,0,0,0,0,0,1,,,Sydney Cricket Ground,0,0,43.7919763058,1.65053549821,-0.00795001042137,,,,,,,
20221110150,2022,1,New Zealand Warriors,St. George Illawarra Dragons,0,16,28,0.533800199951,0.557657625783,0.533736798808,0.557529531694,21.8535316961,17.9396643139,21.893965195,18.356933882,True,-1.5,0,0,0,0,0,1,,,Sunshine Coast Stadium,0,0,17.3186698902,1.14697957099,0,,,,,,,
20221110160,2022,1,Wests Tigers,Melbourne Storm,0,16,26,0.336638764016,0.373903616632,0.336923821769,0.374174158821,18.4664239642,22.7029038702,18.1922473643,22.2592276999,True,-12.5,0,0,0,0,0,1,,,CommBank Stadium,0,0,-117.507946744,-0.396976161094,0.0241688005189,,,,,,,
20221110170,2022,1,Parramatta Eels,Gold Coast Titans,1,32,28,0.586814876964,0.619786633473,0.586654829951,0.619528493722,20.4195646093,17.3979277648,20.1923024675,17.4770906907,True,12.5,0,0,0,0,0,1,,,CommBank Stadium,0,0,-11.6970046588,0.718972073678,0.0244955494564,,,,,,,
20221110180,2022,1,North Queensland Cowboys,Canterbury-Bankstown Bulldogs,0,4,6,0.614110632144,0.5942828969,0.613903448663,0.594076591825,21.7400123776,17.7928794245,22.0239482357,17.8208532249,True,2.5,0,0,0,0,0,1,,,Queensland Country Bank Stadium,0,0,13.9052665463,-0.03606497669,-0.00780986404796,,,,,,,
20221110210,2022,2,Melbourne Storm,South Sydney Rabbitohs,1,15,14,0.571472597033,0.554471475976,0.571339956786,0.554350343819,21.2367843346,17.4030486119,21.3381776516,16.7296000892,True,8.5,0,0,0,0,0,1,,,AAMI Park,2,-1.02083333333,3.95241031075,0.567877710525,0.0111859540338,,,,,,,
20221110220,2022,2,St. George Illawarra Dragons,Penrith Panthers,0,16,20,0.461424968935,0.475084965435,0.461497259688,0.475140720072,19.4164425826,19.8592097209,19.037191812,21.084732974,True,-10.5,0,0,0,0,0,1,,,Netstrata Jubilee Stadium,0,-1.85069444444,-49.9021562391,-2.85861914842,-0.00956282744823,,,,,,,
20221110230,2022,2,Sydney Roosters,Manly-Warringah Sea Eagles,1,26,12,0.525259509509,0.54459075717,0.525212064835,0.544491336427,20.2940379715,18.2145810945,20.7876890235,16.862217533,True,1.5,0,0,0,0,0,1,,,Sydney Cricket Ground,0,-1.78819444444,-23.2830031644,1.72644555698,-0.00665102666355,,,,,,,
20221110240,2022,2,Gold Coast Titans,New Zealand Warriors,1,20,18,0.677638260068,0.676536964527,0.677332836241,0.676174906067,24.4392001417,15.9772281057,24.597726956,15.429481379,True,8.5,0,0,0,0,0,1,,,Cbus Super Stadium,0,-0.982638888889,31.1917810715,0.335242961074,0,,,,,,,
20221110250,2022,2,Cronulla-Sutherland Sharks,Parramatta Eels,1,18,16,0.591961946946,0.569467964986,0.59179284003,0.56931425812,20.4740963381,20.69931647,20.6633364202,20.2868242796,True,-1.5,0,0,0,0,0,1,,,PointsBet Stadium,-2,1.92013888889,-6.44683105771,0.607824921467,-0.0120406675379,,,,,,,
20221110260,2022,2,North Queensland Cowboys,Canberra Raiders,1,26,6,0.547831121255,0.544689300172,0.547741676292,0.544589662064,19.8546067894,17.8485699782,19.4381121179,18.2870271334,True,-4.5,0,0,0,0,0,1,,,Queensland Country Bank Stadium,-2,-1.96875,-22.6776128779,-0.520401641369,0.0100528230849,,,,,,,
20221110270,2022,2,Newcastle Knights,Wests Tigers,1,26,4,0.636051250666,0.644176909207,0.635808066094,0.643871902585,24.2225435188,18.2972550237,24.3295586132,18.0735699024,True,3.5,0,0,0,0,0,1,,,McDonald Jones Stadium,2,0.190972222222,12.130669871,2.3940995116,-0.0100528230849,,,,,,,
20221110280,2022,2,Canterbury-Bankstown Bulldogs,Brisbane Broncos,0,10,16,0.475294248796,0.485550967883,0.475340656775,0.485583337281,19.8565877509,19.0358520776,19.7137212281,18.9594079274,True,-3.5,0,0,0,0,0,1,,,Accor Stadium,0,-1.92361111111,-6.31032587468,0.172807267703,-0.00795001042137,,,,,,,
20221110310,2022,3,St. George Illawarra Dragons,Cronulla-Sutherland Sharks,0,12,36,0.574310905049,0.564959384662,0.574173152588,0.564815417343,20.2868665518,18.5179521965,20.4922745789,19.2230877668,True,-2.5,0,0,0,0,0,1,,,WIN Stadium,0,0.979166666667,-9.82141592901,-0.559532553183,0,,,,,,,
20221110320,2022,3,Wests Tigers,New Zealand Warriors,0,12,16,0.521213252518,0.502340448585,0.521173387911,0.502335202568,22.4743919182,18.6382211881,22.6821595593,18.4830953076,True,-2.5,0,0,0,0,0,1,,,Campbelltown Sports Stadium,0,-1.08680555556,4.58630267182,-0.0748987602034,-0.0303175897458,,,,,,,
20221110330,2022,3,South Sydney Rabbitohs,Sydney Roosters,1,28,16,0.711452313182,0.673019097459,0.711103621289,0.672662918392,23.6795352587,15.0474103048,23.8419414585,14.0717665342,True,-3.5,0,0,0,0,0,1,,,Accor Stadium,-2,1,34.5488060145,-0.0802320228791,0.00795001042137,,,,,,,
20221110340,2022,3,Penrith Panthers,Newcastle Knights,1,38,20,0.559374186204,0.561587779392,0.559263524862,0.561451126885,21.2407963211,15.2344224489,21.7803285912,16.4822796267,True,9.5,0,0,0,0,0,1,,,Carrington Park,0,1.92013888889,45.4366658106,-0.286228706156,-0.0142561238074,,,,,,,
20221110350,2022,3,Melbourne Storm,Parramatta Eels,0,24,28,0.72199471095,0.660577384279,0.721634148255,0.660242654939,23.7511289563,13.5304152328,24.297652962,14.1845977906,True,6.5,0,0,0,0,0,1,,,AAMI Park,2,1.89236111111,32.201390655,1.94448710857,-0.0303365638636,,,,,,,
20221110360,2022,3,Canberra Raiders,Gold Coast Titans,1,24,22,0.544307385205,0.51971510125,0.544224457465,0.519670955698,20.6844937117,21.2385257763,21.0523690134,21.217805082,True,1.5,0,0,0,0,0,1,,,GIO Stadium,0,-0.190972222222,-7.16417420029,-0.369284022098,-0.0180028335063,,,,,,,
20221110370,2022,3,Brisbane Broncos,North Queensland Cowboys,0,12,38,0.621103019452,0.610010048606,0.620884159918,0.60977147247,22.8552404312,16.5523577961,22.6306786657,17.4824988195,True,7.5,0,0,0,0,0,1,,,Suncorp Stadium,2,-0.986111111111,19.3394508779,-0.571569787677,-0.0100717972026,,,,,,,
20221110380,2022,3,Manly-Warringah Sea Eagles,Canterbury-Bankstown Bulldogs,1,13,12,0.606545359357,0.601425427116,0.606351003763,0.601204351125,22.7518649583,16.0027910398,23.0672535468,16.6462577227,True,10.5,0,0,0,0,0,1,,,4 Pines Park,-2,1.92361111111,37.2165100545,-3.01230189313,0.0253294342353,,,,,,,
20221110410,2022,4,Gold Coast Titans,Wests Tigers,1,8,6,0.624575490621,0.629768915422,0.624350900755,0.62949124022,23.7639285375,15.5818177423,24.2053078516,15.5969625726,True,10.5,0,0,0,0,0,1,,,Cbus Super Stadium,2,-1.06597222222,34.5224440206,0,0,,,,,,,
20221110420,2022,4,Cronulla-Sutherland Sharks,Newcastle Knights,1,18,0,0.609388483996,0.627515051661,0.609189284597,0.627241746405,20.8115519278,16.3381334723,20.8872675445,16.491321709,True,6.5,0,0,0,0,0,1,,,PointsBet Stadium,0,1.78819444444,-4.16655706851,1.39424517716,0.00795001042137,,,,,,,
20221110430,2022,4,Penrith Panthers,South Sydney Rabbitohs,1,26,12,0.498184675943,0.478980061216,0.498188091415,0.479027121867,20.5865476366,17.6568788019,21.3801888041,18.2338967028,True,6.5,0,0,0,0,0,1,,,Penrith Park,4,-0.788194444444,7.07053603074,2.91559938948,-0.0282734957674,,,,,,,
20221110440,2022,4,New Zealand Warriors,Brisbane Broncos,1,20,6,0.45881528057,0.451930006384,0.458892418957,0.452037091883,19.9424438235,18.4482803222,19.9525176571,18.7897687022,True,-2.5,0,0,0,0,0,1,,,Kayo Stadium,-2,1.87847222222,-19.9528751923,0.277179615584,-0.0131693907737,,,,,,,
20221110450,2022,4,Manly-Warringah Sea Eagles,Canberra Raiders,1,25,6,0.668980559494,0.668718674819,0.668687350906,0.668369796183,23.4177227727,17.7915607738,23.8957126262,18.0590659457,True,6.5,0,0,0,0,0,1,,,Other,-2,-0.944444444444,20.5624679671,-1.83918483438,-0.0162395605473,,,,,,,
20221110460,2022,4,North Queensland Cowboys,Sydney Roosters,0,4,28,0.622770376431,0.59806142592,0.62254875961,0.597847283921,21.230758951,15.9943059214,21.3385750827,17.4849998858,True,-6.5,0,0,0,0,0,1,,,Queensland Country Bank Stadium,2,-1.79166666667,-17.603399658,4.62600081699,0.0118558406113,,,,,,,
20221110470,2022,4,Melbourne Storm,Canterbury-Bankstown Bulldogs,1,44,0,0.687229558663,0.711512984491,0.686911114879,0.711097460378,24.0870343781,13.3921433815,25.1488496587,13.084437928,True,16.5,0,0,0,0,0,1,,,AAMI Park,2,1.03125,59.8683895227,1.26978917821,0.0100717972026,,,,,,,
20221110480,2022,4,Parramatta Eels,St. George Illawarra Dragons,1,48,14,0.666284522681,0.699631910956,0.665995203414,0.699233472139,24.3592479172,16.4179228258,24.7093048489,16.5043545557,True,10.5,0,0,0,0,0,1,,,CommBank Stadium,2,-1.89236111111,15.1459551707,1.86875880791,0.00406495068111,,,,,,,
20221110510,2022,5,Newcastle Knights,Manly-Warringah Sea Eagles,0,6,30,0.540497251383,0.537166514439,0.540421389206,0.537083512226,20.9091906715,18.1239753325,20.9093602349,17.8677241379,True,2.5,0,0,0,0,0,1,,,McDonald Jones Stadium,0,0.979166666667,-7.76447680415,0.144548458151,0.0100528230849,,,,,,,
20221110520,2022,5,New Zealand Warriors,North Queensland Cowboys,1,25,24,0.478930147979,0.478421003091,0.478969743743,0.47846931233,20.1146334554,16.7245862264,19.4649918137,16.5026434961,True,1.5,0,0,0,0,0,1,,,Kayo Stadium,0,0.190972222222,-21.2480742704,-1.40630608865,0.000649116127802,,,,,,,
20221110530,2022,5,Brisbane Broncos,Sydney Roosters,0,20,24,0.486831906492,0.4543832165,0.486856670617,0.454484899664,19.545129348,21.1382220225,19.5036181405,21.7723702528,True,-15.5,0,0,0,0,0,1,,,Suncorp Stadium,0,0.190972222222,-18.1732234604,-3.77736727542,0.0220470137377,,,,,,,
20221110540,2022,5,Canberra Raiders,Melbourne Storm,0,16,30,0.328645867638,0.354214022105,0.328942467251,0.354522012965,17.8686655478,26.4905694012,17.6653071542,26.0877596494,True,-14.5,0,0,0,0,0,1,,,Other,-2,0.940972222222,-42.2626143601,-7.2240414916,-0.010211943576,,,,,,,
20221110550,2022,5,South Sydney Rabbitohs,St. George Illawarra Dragons,1,24,12,0.73391508898,0.738388074426,0.733542143207,0.737938550458,25.3714508086,14.7676980266,25.9701397458,13.5597005631,True,10.5,0,0,0,0,0,1,,,Accor Stadium,0,1.92361111111,52.0506028246,5.15098482661,0,,,,,,,
20221110560,2022,5,Gold Coast Titans,Parramatta Eels,0,20,26,0.446094127303,0.419150100138,0.446194764765,0.419328159293,19.1171534356,24.0492750093,19.455169717,20.6298149926,True,-7.5,0,0,0,0,0,1,,,Cbus Super Stadium,-2,2.96527777778,-8.99656829457,-3.70380697552,0.0140970033163,,,,,,,
20221110570,2022,5,Cronulla-Sutherland Sharks,Wests Tigers,1,30,4,0.740119161715,0.71479754615,0.739740233175,0.714377510373,24.666857787,13.7599601402,25.351939052,12.8083629884,True,18.5,0,0,0,0,0,1,,,PointsBet Stadium,6,-0.954861111111,40.4856939135,5.42510010457,0.00435195505111,,,,,,,
20221110580,2022,5,Canterbury-Bankstown Bulldogs,Penrith Panthers,0,12,32,0.308595340385,0.315880730961,0.308919274905,0.316255168354,17.8814277667,25.0604844848,17.6498199376,24.5985050364,True,-19.5,0,0,0,0,0,1,,,CommBank Stadium,-6,-1.83333333333,-59.8698569947,-8.88179487528,-0.00323594361246,,,,,,,
20221110610,2022,6,Canberra Raiders,North Queensland Cowboys,0,12,18,0.521657952447,0.491146856664,0.521617254214,0.491166696769,20.387380577,20.0215074091,20.4053422478,21.6161089991,True,4.5,0,0,0,0,0,1,,,GIO Stadium,0,-0.875,-3.07099292737,-4.10610981397,0.0159000208427,,,,,,,
20221110620,2022,6,South Sydney Rabbitohs,Canterbury-Bankstown Bulldogs,1,36,16,0.74613495309,0.736889024684,0.745750540182,0.736441214314,25.5836795903,13.8450240595,26.1542764838,13.3804524641,True,10.5,0,0,0,0,0,1,,,Accor Stadium,2,1.03125,59.7832523484,6.41791835105,0.00402520611368,,,,,,,
20221110630,2022,6,Penrith Panthers,Brisbane Broncos,1,40,12,0.803610267622,0.810813667497,0.803191542329,0.81031277767,26.6888904784,12.7159256431,27.1432686043,12.7697819204,True,23.5,0,0,0,0,0,1,,,Penrith Park,6,-1.93055555556,70.1850916178,8.60592076482,0.0100528230849,,,,,,,
20221110640,2022,6,Manly-Warringah Sea Eagles,Gold Coast Titans,1,26,18,0.610268530699,0.60225433274,0.610067837497,0.602031554605,23.1175384506,15.9879106003,23.7452522523,17.7789563684,True,4.5,0,0,0,0,0,1,,,4 Pines Park,2,1.98958333333,13.7238592055,2.54931737904,-0.010211943576,,,,,,,
20221110650,2022,6,Melbourne Storm,Cronulla-Sutherland Sharks,1,34,18,0.689179202985,0.690204685397,0.688858181505,0.689820614086,22.1893031584,16.3697574669,22.6210555984,15.8170335152,True,6.5,0,0,0,0,0,1,,,AAMI Park,0,1.04513888889,31.831513975,-0.0348825738532,-0.0040441802314,,,,,,,
20221110660,2022,6,Sydney Roosters,New Zealand Warriors,1,22,14,0.674473784525,0.675170525553,0.674172776042,0.674810740775,24.3190271497,15.4636881428,24.5622372964,15.5296747891,True,14.5,0,0,0,0,0,1,,,Sydney Cricket Ground,0,-0.0798611111111,28.1028886218,0.864666156381,-0.0281143752763,,,,,,,
20221110670,2022,6,St. George Illawarra Dragons,Newcastle Knights,1,21,16,0.553212824477,0.509276037262,0.553113461017,0.509255249865,20.8808585184,18.0902861167,21.3877686983,18.6886425957,True,2.5,0,0,0,0,0,1,,,WIN Stadium,-2,-1.90277777778,-23.1173593623,-1.58845328215,0.0223927367928,,,,,,,
20221110680,2022,6,Parramatta Eels,Wests Tigers,0,20,21,0.768972727932,0.725251924094,0.768570538183,0.724818171222,25.9412666701,12.6856985745,26.7121350057,12.1133496826,True,21.5,0,0,0,0,0,1,,,CommBank Stadium,8,0.854166666667,51.5609843623,5.18543018316,0.00714177380244,,,,,,,
20221110710,2022,7,Cronulla-Sutherland Sharks,Manly-Warringah Sea Eagles,1,34,22,0.618650650465,0.617259013018,0.618435865467,0.617005891893,20.864206783,18.4186027017,20.736799407,18.1871459521,True,7.5,0,0,0,0,0,1,,,PointsBet Stadium,0,-0.0868055555556,0.203120566353,2.9653973912,0.0100717972026,,,,,,,
20221110720,2022,7,Brisbane Broncos,Canterbury-Bankstown Bulldogs,1,34,14,0.597655941706,0.592237365259,0.597476899572,0.592035323457,23.516347734,17.4945243259,23.6874633525,16.8979023893,True,9.5,0,0,0,0,0,1,,,Suncorp Stadium,2,-0.163194444444,11.1246754547,0.88658805579,-0.00795001042137,,,,,,,
20221110730,2022,7,North Queensland Cowboys,Gold Coast Titans,1,30,4,0.623664328087,0.600213444849,0.623441237339,0.59999486225,21.7239096031,17.7881444616,21.9304587615,17.5963029201,True,1.5,0,0,0,0,0,1,,,Queensland Country Bank Stadium,2,1.90277777778,-11.5847440251,4.10314800009,0.00226193315466,,,,,,,
20221110740,2022,7,Wests Tigers,South Sydney Rabbitohs,1,23,22,0.410189025171,0.366466190748,0.410354354785,0.366751110262,18.9557389238,24.0833315184,18.8686173235,22.7296337283,True,-11.5,0,0,0,0,0,1,,,CommBank Stadium,-4,-3,-62.4367124586,-5.23363094135,-0.0348666135235,,,,,,,
20221110750,2022,7,Newcastle Knights,Parramatta Eels,0,2,39,0.382099727059,0.365385749046,0.382313260855,0.365672734482,18.7508840873,24.7674475938,18.7627675857,24.577528958,True,-6.5,0,0,0,0,0,1,,,McDonald Jones Stadium,-4,0.996527777778,-39.6893980663,-5.01000237021,0.00325677233761,,,,,,,
20221110760,2022,7,Penrith Panthers,Canberra Raiders,1,36,6,0.803311607631,0.812090064635,0.802892964898,0.811588909503,27.1787807285,12.8537529105,27.5188347406,12.4759791609,True,19.5,0,0,0,0,0,1,,,Penrith Park,8,-1.00347222222,63.3883540292,11.029113039,0.00809015679479,,,,,,,
20221110770,2022,7,St. George Illawarra Dragons,Sydney Roosters,1,14,12,0.439332291165,0.415446748748,0.439445315961,0.41563265194,19.5153830998,23.3396517963,19.2577777844,23.2409043807,True,-12.5,0,0,0,0,0,1,,,Sydney Cricket Ground,-6,-0.0868055555556,-39.9913562371,-5.36246064012,-0.00614699289493,,,,,,,
20221110780,2022,7,Melbourne Storm,New Zealand Warriors,1,70,10,0.749658629074,0.766414658866,0.74927115318,0.765937530692,26.2941336799,13.5566562911,26.6912969752,13.4690678006,True,19.5,0,0,0,0,0,1,,,AAMI Park,2,0.767361111111,63.3727091522,6.23943977409,0.0209726014739,,,,,,,
20221110810,2022,8,Brisbane Broncos,Cronulla-Sutherland Sharks,1,16,7,0.347034366786,0.331471674207,0.347303910023,0.331820226881,19.1338592597,27.2775226789,18.9642373051,27.6600515726,True,-11.5,0,0,0,0,0,1,,,Suncorp Stadium,-6,-1.00347222222,-44.9487840372,-5.37681061736,0.0252829573501,,,,,,,
20221110820,2022,8,Gold Coast Titans,Penrith Panthers,0,4,18,0.245164063767,0.268245523286,0.245555833995,0.268687293882,17.7462830758,32.0840832799,17.7937664022,30.5207576705,True,-18.5,0,0,0,0,0,1,,,Cbus Super Stadium,-8,0.940972222222,-54.9862205195,-12.8014091247,-0.0180028335063,,,,,,,
20221110830,2022,8,South Sydney Rabbitohs,Manly-Warringah Sea Eagles,1,40,22,0.609682392261,0.588537230896,0.609482693685,0.58834293652,22.6724602287,18.3417245241,23.2239403508,18.3168105015,True,4.5,0,0,0,0,0,1,,,Industree Group Stadium,-2,-1.98958333333,6.70451578211,2.49162417607,-0.0048926896903,,,,,,,
20221110840,2022,8,New Zealand Warriors,Canberra Raiders,1,21,20,0.527864841606,0.53751074528,0.527812522681,0.53742698007,22.2688747056,17.1023731462,22.2784729165,17.4973746488,True,-1.5,0,0,0,0,0,1,,,Kayo Stadium,4,-1.12152777778,1.60094226285,2.1564877473,0.00875824704031,,,,,,,
20221110850,2022,8,Canterbury-Bankstown Bulldogs,Sydney Roosters,1,16,12,0.320758802809,0.315586787758,0.321066440944,0.315961696768,19.2682787887,23.6700952951,18.9085731791,25.5661811207,True,-13.5,0,0,0,0,0,1,leadership_change,,Accor Stadium,-6,2.83680555556,-46.3191792709,-7.3933812998,-0.0140970033163,25,leadership-bulldogs-2022-barrett-potter,effective,-3,home,bulldogs,1
20221110860,2022,8,Parramatta Eels,North Queensland Cowboys,0,4,35,0.658512114862,0.670170836629,0.658234225364,0.669819479073,23.080199891,17.2805342723,23.7206417397,17.3335418237,True,9.5,0,0,0,0,0,1,,,TIO Stadium,2,-0.854166666667,26.8250468174,1.12945692382,0.0191359644552,,,,,,,
20221110870,2022,8,Newcastle Knights,Melbourne Storm,0,2,50,0.234758368981,0.275232662242,0.235158000171,0.275665801507,17.6222281743,33.7524328241,17.585317057,34.5884037506,True,-22.5,0,0,0,0,0,1,,,McDonald Jones Stadium,-8,1.20833333333,-71.1787794692,-15.7940724453,-0.0140970033163,,,,,,,
20221110880,2022,8,St. George Illawarra Dragons,Wests Tigers,1,12,6,0.599954462264,0.579438302262,0.599771436841,0.579263243724,22.7556062295,17.7946127575,22.6575721278,16.8178974276,True,4.5,0,0,0,0,0,1,,,WIN Stadium,0,-1.85069444444,2.23384432501,-0.0153829323152,-0.00438990328655,,,,,,,
20221110910,2022,9,South Sydney Rabbitohs,Brisbane Broncos,0,12,32,0.725039330706,0.732654992432,0.724675497447,0.732212143704,25.4494834898,15.8109804433,25.7078282577,15.6085381575,True,12.5,0,0,0,0,0,1,,,Accor Stadium,2,-1.00347222222,42.9360422132,3.65623032502,-0.0303365638636,,,,,,,
20221110920,2022,9,Canberra Raiders,Canterbury-Bankstown Bulldogs,1,14,4,0.582950012809,0.574257666994,0.582796815322,0.574093669397,23.5258254992,17.4507288623,23.8314479476,17.3323540355,True,1.5,0,0,0,0,0,1,leadership_change,,GIO Stadium,-2,0.104166666667,19.3104965909,1.13251419203,-0.00795001042137,25,leadership-bulldogs-2022-barrett-potter,effective,-2,away,bulldogs,1
20221110930,2022,9,Penrith Panthers,Parramatta Eels,0,20,22,0.768332655438,0.765516610534,0.767930894597,0.765040228843,24.6206536333,13.9636874099,25.0281945045,13.7712304689,True,12.5,0,0,0,0,0,1,,,Penrith Park,4,1.04513888889,29.1350184056,7.95274574417,-0.0294133590341,,,,,,,
20221110940,2022,9,Manly-Warringah Sea Eagles,Wests Tigers,1,36,22,0.709885340666,0.694200654051,0.709538483337,0.693810408264,25.4192954114,15.7245758532,25.7021735614,15.7151756583,True,14.5,0,0,0,0,0,1,,,4 Pines Park,2,1.84027777778,40.1996540891,1.85592004288,-0.0320998368226,,,,,,,
20221110950,2022,9,Sydney Roosters,Gold Coast Titans,1,44,16,0.759054264925,0.734922835481,0.758659181739,0.734477306997,25.6776152197,14.885811011,25.7973602043,14.2253228573,True,10.5,0,0,0,0,0,1,,,Other,4,-0.979166666667,20.3149539342,5.22211385371,-0.00795001042137,,,,,,,
20221110960,2022,9,North Queensland Cowboys,Newcastle Knights,1,36,16,0.799667039675,0.780862389089,0.799249493716,0.780374615424,26.9860795446,11.7909817104,26.6692746668,12.8690589906,True,14.5,0,0,0,0,0,1,,,Queensland Country Bank Stadium,6,0.788194444444,34.2279444608,10.7779229394,0.0140970033163,,,,,,,
20221110970,2022,9,Melbourne Storm,St. George Illawarra Dragons,1,42,6,0.810280019822,0.808082220636,0.809859745789,0.807581983669,27.1342993303,13.8776444143,27.6360257036,12.1245786264,True,23.5,0,0,0,0,0,1,,,AAMI Park,4,0.0868055555556,93.0653217808,15.5834826435,0.011206782759,,,,,,,
20221110980,2022,9,Cronulla-Sutherland Sharks,New Zealand Warriors,1,29,10,0.790711781116,0.801604195073,0.790297613352,0.801105960569,26.7940573327,15.7423746994,27.4042002573,14.8243223856,True,15.5,0,0,0,0,0,1,,,PointsBet Stadium,0,1.79861111111,59.0346395744,6.05278599792,-0.0280746307089,,,,,,,
20221111010,2022,10,Canterbury-Bankstown Bulldogs,Newcastle Knights,0,6,16,0.638744626497,0.648005087871,0.638497157862,0.647693004909,23.6334204398,14.9156709231,23.9107994462,15.0236548362,True,2.5,0,0,0,0,0,1,leadership_change,,Suncorp Stadium,2,1.06597222222,6.83948032322,0.793129653335,-0.00520481394779,25,leadership-bulldogs-2022-barrett-potter,effective,-1,home,bulldogs,1
20221111020,2022,10,Manly-Warringah Sea Eagles,Brisbane Broncos,0,0,38,0.644263563877,0.678815208328,0.644007417253,0.678449387725,23.7912835466,18.6967456103,23.9552206199,18.3015026925,True,3.5,0,0,0,0,0,1,,,Suncorp Stadium,0,-1.79861111111,21.8873631842,-0.480308336416,0,,,,,,,
20221111030,2022,10,New Zealand Warriors,South Sydney Rabbitohs,0,30,32,0.34724334844,0.329986802709,0.347512574214,0.330337891838,19.3662323637,25.5910127498,19.3861521118,25.8987878976,True,-8.5,0,0,0,0,0,1,,,Suncorp Stadium,-2,-2.84375,-64.7987155637,-5.07381933127,-0.0322589573137,,,,,,,
20221111040,2022,10,Gold Coast Titans,St. George Illawarra Dragons,1,20,16,0.535353653347,0.537628978483,0.535287357333,0.537544951243,22.5657214623,18.9112113074,22.6026411937,17.2695729602,True,-3.5,0,0,0,0,0,1,,,Suncorp Stadium,-6,0.854166666667,6.90985781458,-0.467070943192,0.018021807624,,,,,,,
20221111050,2022,10,Melbourne Storm,Penrith Panthers,0,6,32,0.710819531448,0.703792527953,0.710471578261,0.703387972675,22.8330317401,15.9520672464,23.4051121634,15.5934165414,True,-4.5,0,0,0,0,0,1,,,Suncorp Stadium,2,-1.75347222222,24.0265907444,4.2277367334,-0.0244955494564,,,,,,,
20221111060,2022,10,Cronulla-Sutherland Sharks,Canberra Raiders,0,10,30,0.79710326873,0.78358002738,0.796686591906,0.783090548566,26.8291655173,14.2156634222,26.5886811148,14.6303366848,True,12.5,0,0,0,0,0,1,,,Suncorp Stadium,4,-1.92013888889,40.620662805,7.3001500644,0.00226193315466,,,,,,,
20221111070,2022,10,Sydney Roosters,Parramatta Eels,1,31,24,0.580161920223,0.55424580334,0.580013687585,0.55412516506,21.0186973827,20.2942141718,20.921876778,19.39005252,True,-2.5,0,0,0,0,0,1,,,Suncorp Stadium,0,-0.899305555556,-12.9380732209,0.795233251876,-0.00795001042137,,,,,,,
20221111080,2022,10,Wests Tigers,North Queensland Cowboys,0,12,36,0.296684328774,0.310578933784,0.297023304364,0.310961780009,18.4777278805,25.6822023784,18.2621837836,26.2159563765,True,-10.5,0,0,0,0,0,1,leadership_change,,Suncorp Stadium,-4,0.190972222222,-43.6010202635,-9.90906092568,-0.0244955494564,26,leadership-tigers-2022-maguire-kimmorley,effective,-3,home,tigers,1
20221111110,2022,11,Newcastle Knights,Brisbane Broncos,0,12,36,0.438121080262,0.405725837285,0.438236315328,0.405932124187,20.0751253497,22.6527399327,19.9496299804,24.5541615581,True,-1.5,0,0,0,0,0,1,,,McDonald Jones Stadium,-6,0.0868055555556,-47.6163924143,-9.14305760076,0,,,,,,,
20221111120,2022,11,Wests Tigers,Canterbury-Bankstown Bulldogs,1,36,22,0.538495425591,0.543556886413,0.538423282837,0.543459747095,22.8277228632,17.3029559859,23.0098476018,17.1952163296,True,4.5,0,1,1,1,1,1,leadership_change,0,Leichhardt Oval,2,-2.01736111111,12.2737832087,2.15581447395,0.0321188109403,25,leadership-bulldogs-2022-barrett-potter,effective,0,away,bulldogs,2
20221111130,2022,11,Parramatta Eels,Manly-Warringah Sea Eagles,1,22,20,0.647849554371,0.671244467517,0.647587843726,0.670891286172,24.0379199401,19.8276451313,24.5814852665,19.3607652683,True,6.5,0,0,0,0,0,1,,,CommBank Stadium,0,-1.83333333333,5.98592465464,3.0113708391,-2.77555756156e-17,,,,,,,
20221111140,2022,11,St. George Illawarra Dragons,New Zealand Warriors,1,24,18,0.662792459492,0.629307863669,0.662508236177,0.629031080391,24.1466327283,17.9494125024,23.8862167626,17.8992021687,True,4.5,0,0,0,0,0,1,leadership_change,,Netstrata Jubilee Stadium,4,-0.104166666667,11.8794347465,-1.17414344692,-0.010211943576,27,leadership-warriors-2022-brown-jones,effective,-3,away,warriors,1
20221111150,2022,11,North Queensland Cowboys,Melbourne Storm,1,36,6,0.556775496699,0.564191636457,0.556669592574,0.564049332498,19.8679560982,21.7634742593,19.7848838904,21.9962632133,True,-3.5,0,0,0,0,0,1,,,Queensland Country Bank Stadium,2,-0.944444444444,-66.7117459628,-2.1572982436,0.0144427263714,,,,,,,
20221111160,2022,11,Sydney Roosters,Penrith Panthers,0,12,32,0.403380483803,0.413223591172,0.403557724609,0.413414183035,18.8875623395,25.5262682112,18.8408565497,24.4778901574,True,-9.5,0,0,0,0,0,1,,,Sydney Cricket Ground,-2,-0.847222222222,-41.6314317949,-6.88036172484,-0.0321188109403,,,,,,,
20221111170,2022,11,South Sydney Rabbitohs,Canberra Raiders,0,12,32,0.682516305526,0.687263352583,0.682204190495,0.686883903461,24.6929485608,20.1957546793,25.3580769899,19.0834550087,True,5.5,0,0,0,0,0,1,,,Other,2,0.951388888889,39.4695632771,2.67500120086,0.0154167575238,,,,,,,
20221111180,2022,11,Gold Coast Titans,Cronulla-Sutherland Sharks,0,18,25,0.35785404897,0.353462337636,0.358106882068,0.353771717699,19.4436005877,23.4083924726,19.3167566541,23.3636586272,True,-6.5,0,0,0,0,0,1,,,Cbus Super Stadium,-2,0.847222222222,-42.2053395984,-6.5419581625,0,,,,,,,
20221111210,2022,12,Melbourne Storm,Manly-Warringah Sea Eagles,1,28,8,0.725117546818,0.716801022759,0.724753630496,0.716378281628,24.940043046,16.5424930107,25.6802932219,15.3694197734,True,13.5,0,0,0,0,0,1,,,AAMI Park,4,-0.899305555556,77.6268705736,8.42586937383,-0.0140970033163,,,,,,,
20221111220,2022,12,Penrith Panthers,North Queensland Cowboys,1,22,0,0.744560505702,0.742493559888,0.744177497386,0.742039460389,23.5510134638,15.5652295568,24.1022684993,13.9775903741,True,14.5,0,0,0,0,0,1,,,Penrith Park,-2,-0.0868055555556,40.7477443147,2.48346662565,0,,,,,,,
20221111230,2022,12,Brisbane Broncos,Gold Coast Titans,1,35,24,0.753345301726,0.752647997072,0.752954742413,0.752183343604,25.8124238301,16.8411839193,25.5188196613,17.4210517611,True,6.5,0,0,0,0,0,1,,,Suncorp Stadium,8,2.84375,42.2459791958,8.40875622029,0.0140970033163,,,,,,,
20221111240,2022,12,New Zealand Warriors,Newcastle Knights,0,16,24,0.530291685939,0.541516675364,0.530234831799,0.541424043012,22.6882865653,18.7983307993,22.9962841824,18.5693778004,True,1.5,0,0,0,0,0,1,leadership_change,,Kayo Stadium,0,-1.79861111111,7.45849858483,3.27914918027,0,27,leadership-warriors-2022-brown-jones,effective,-2,home,warriors,1
20221111250,2022,12,South Sydney Rabbitohs,Wests Tigers,1,44,18,0.73821952281,0.738456125896,0.737842391453,0.738006524677,26.2055709864,18.4064367127,26.8517293581,17.6010316527,True,8.5,0,0,0,0,0,1,leadership_change,,Accor Stadium,0,-1.83333333333,46.2864501065,4.203790766,-0.0264576874739,26,leadership-tigers-2022-maguire-kimmorley,effective,-1,away,tigers,1
20221111260,2022,12,Cronulla-Sutherland Sharks,Sydney Roosters,0,16,36,0.646277224666,0.623241153899,0.646017946271,0.622976201322,21.9086011804,18.1119963855,21.9609992952,17.6044851305,True,1.5,0,0,0,0,0,1,,,PointsBet Stadium,2,-0.854166666667,-8.85338431419,1.24084330769,-0.0140970033163,,,,,,,
20221111270,2022,12,Canterbury-Bankstown Bulldogs,St. George Illawarra Dragons,0,24,34,0.605222676394,0.525817197996,0.60503058338,0.525759431552,21.4493358875,19.834047519,21.5093478202,20.1110856658,True,-3.5,1,0,1,1,1,1,leadership_change,1,Belmore Sports Ground,-4,0.875,-18.2027196744,-2.2338650183,-1.89741177173e-05,25,leadership-bulldogs-2022-barrett-potter,effective,1,home,bulldogs,1
20221111280,2022,12,Canberra Raiders,Parramatta Eels,0,20,28,0.488833017443,0.473292913356,0.488854020969,0.473352663497,20.1935458178,22.5104727377,20.4887550992,21.9722738266,True,-4.5,0,0,0,0,0,1,,,GIO Stadium,0,-1.75347222222,-24.2004274767,-2.16636283715,-0.0144427263714,,,,,,,
20221111310,2022,13,Gold Coast Titans,North Queensland Cowboys,0,6,32,0.292672205117,0.28959433248,0.293016030311,0.290008314466,18.8438032735,26.8605150606,18.6194769596,25.9117064478,True,-5.5,0,0,0,0,0,1,,,Cbus Super Stadium,-6,-0.0798611111111,-67.1429046797,-9.61538962352,-0.00829573347652,,,,,,,
20221111320,2022,13,Penrith Panthers,Canterbury-Bankstown Bulldogs,1,30,18,0.703360534623,0.700847787402,0.703021504185,0.700447546604,25.8691419219,14.1986562366,26.1276484532,13.1217512263,True,10.5,0,1,1,1,1,1,leadership_change,2,Penrith Park,6,1.83333333333,120.811371166,14.2018477281,0.0241498264012,25,leadership-bulldogs-2022-barrett-potter,effective,2,away,bulldogs,1
20221111330,2022,13,Manly-Warringah Sea Eagles,New Zealand Warriors,1,44,12,0.571164521911,0.564571008895,0.571032437619,0.564427882837,23.9908948759,18.6882634557,24.0667658085,19.8823018437,True,6.5,0,0,0,0,0,1,leadership_change,,4 Pines Park,0,1.79861111111,30.8797994511,0.794978915123,0,27,leadership-warriors-2022-brown-jones,effective,-1,away,warriors,1
20221111340,2022,13,Canberra Raiders,Sydney Roosters,1,22,16,0.45954409949,0.444877625617,0.459619884885,0.445000181685,20.8926960704,21.6256380696,20.821767525,23.5878359649,True,-5.5,0,0,0,0,0,1,,,GIO Stadium,0,-0.854166666667,-8.32845493667,-3.46029215658,0.00402520611368,,,,,,,
20221111410,2022,14,North Queensland Cowboys,St. George Illawarra Dragons,1,31,12,0.749429654946,0.729344387931,0.749042374675,0.728905541654,26.274952122,14.9872701375,26.6129534736,15.2006306963,True,12.5,0,0,0,0,0,1,,,Queensland Country Bank Stadium,2,-4.24305555556,62.5903630989,9.62547488489,0.00824307324071,,,,,,,
20221111420,2022,14,Gold Coast Titans,South Sydney Rabbitohs,0,16,30,0.34056218953,0.367235760441,0.340841456858,0.36751920488,19.399309113,26.6703621288,19.6954265659,29.0310168818,True,-11.5,0,0,0,0,0,1,,,Cbus Super Stadium,-4,-5.09722222222,-24.4278649872,-7.776187278,-0.0180028335063,,,,,,,
20221111430,2022,14,Sydney Roosters,Melbourne Storm,0,18,26,0.429433681052,0.417775133646,0.429564685233,0.417956109918,19.3439285084,23.3737815842,19.2641868524,23.464379913,True,-3.5,0,0,0,0,0,1,,,Sydney Cricket Ground,0,-9.84375,-35.7938429373,-5.59244373164,0.0259528439276,,,,,,,
20221111440,2022,14,Brisbane Broncos,Canberra Raiders,1,24,18,0.737044204288,0.732784847594,0.736668200288,0.732341844054,25.3255093227,18.2761891352,25.1603802397,18.3651077071,True,4.5,0,0,0,0,0,1,,,Suncorp Stadium,2,8.84027777778,25.0774993993,4.79594552529,-0.0121556357484,,,,,,,
20221111450,2022,14,Wests Tigers,Manly-Warringah Sea Eagles,0,4,30,0.485038166059,0.427475776773,0.485066299742,0.427636056968,20.8096475365,25.921628393,20.9749876918,23.9125045314,True,-3.5,1,0,1,1,1,1,leadership_change,0,Campbelltown Sports Stadium,-2,7.08680555556,-22.2295583414,-3.9533421969,0.0144427263714,26,leadership-tigers-2022-maguire-kimmorley,effective,0,home,tigers,1
20221111460,2022,14,Newcastle Knights,Penrith Panthers,0,6,42,0.240796163214,0.25374527207,0.241191360747,0.254203409399,18.321156552,31.3511820781,18.2019301585,31.3628783267,True,-16.5,0,0,0,0,0,1,,,McDonald Jones Stadium,-4,6.20486111111,-123.1282847,-16.0180217288,0.0140970033163,,,,,,,
20221111470,2022,14,New Zealand Warriors,Cronulla-Sutherland Sharks,0,16,38,0.304677999822,0.27202832777,0.305006984736,0.272465483377,19.3310470409,29.8478420416,19.3560046609,29.8436143666,True,-14.5,1,0,1,1,1,1,leadership_change,0,Kayo Stadium,-4,-7,-45.5569710431,-6.76987872484,0.0141367478837,27,leadership-warriors-2022-brown-jones,effective,0,home,warriors,1
20221111480,2022,14,Canterbury-Bankstown Bulldogs,Parramatta Eels,1,34,4,0.236098990876,0.245616540696,0.236497668629,0.246082885716,18.4272762493,30.7593962131,19.0329635049,30.5793271392,True,-18.5,0,0,0,0,0,1,leadership_change,,Accor Stadium,-6,-5.15972222222,-65.4058270145,-8.06477945481,-0.0181619539974,25,leadership-bulldogs-2022-barrett-potter,effective,3,home,bulldogs,1
20221111510,2022,15,St. George Illawarra Dragons,South Sydney Rabbitohs,1,32,12,0.42947780686,0.411333927627,0.429608731337,0.411528492529,20.1855412915,24.8584869041,20.1920529881,25.7853330743,True,-7.5,0,0,0,0,0,1,,,WIN Stadium,-2,0.795138888889,-32.5335289389,-6.20382403918,0,,,,,,,
20221111520,2022,15,Manly-Warringah Sea Eagles,North Queensland Cowboys,0,26,28,0.418627098961,0.444389402486,0.418777490411,0.444513026044,19.1757145126,20.681239313,19.1569210005,21.4954025615,True,-4.5,0,0,0,0,0,1,,,4 Pines Park,-4,-1.75347222222,-39.2895857828,-6.61720206615,0.0220470137377,,,,,,,
20221111530,2022,15,Melbourne Storm,Brisbane Broncos,1,32,20,0.754648462008,0.736449415003,0.75425684293,0.736002111463,24.6056342767,15.5776957458,24.8259935396,14.9596626475,True,16.5,0,0,0,0,0,1,,,AAMI Park,-4,0.0868055555556,33.1387608355,4.19486932175,-0.0159000208427,,,,,,,
20221111540,2022,15,Cronulla-Sutherland Sharks,Gold Coast Titans,1,18,10,0.79195971786,0.788871996362,0.791545022399,0.788379479381,26.5557893862,15.9917834637,26.8927524906,16.4624056669,True,15.5,0,0,0,0,0,1,,,Other,4,-1.13541666667,25.755266662,9.86733503169,-0.0100717972026,,,,,,,
20221111550,2022,15,New Zealand Warriors,Penrith Panthers,0,6,40,0.20825841655,0.193090859752,0.20867302108,0.193590781096,18.0100874557,38.0816407377,17.9143561292,38.4659306539,True,-28.5,1,0,1,1,1,1,leadership_change,1,Kayo Stadium,-10,-0.0902777777778,-120.30576661,-17.7559523375,-0.0141367478837,27,leadership-warriors-2022-brown-jones,effective,1,home,warriors,1
20221111560,2022,15,Parramatta Eels,Sydney Roosters,1,26,16,0.607640423856,0.633891139502,0.60744419941,0.633605536083,22.5812786389,18.0680291223,22.9373753002,17.6610293889,True,3.5,0,0,0,0,0,1,,,CommBank Stadium,2,-1.9375,1.45715768527,-1.29551003899,-0.00357908125254,,,,,,,
20221111570,2022,15,Canberra Raiders,Newcastle Knights,1,20,18,0.710886439185,0.687599131935,0.710538407753,0.687219151881,25.2816618354,17.6209112359,26.0820171055,17.3280560657,True,8.5,0,0,0,0,0,1,,,GIO Stadium,2,0.854166666667,44.2404118352,5.77120717022,0.00471406680891,,,,,,,
20221111580,2022,15,Canterbury-Bankstown Bulldogs,Wests Tigers,1,36,12,0.628568837079,0.616048813614,0.628337715622,0.615798105244,22.8648395461,16.6762647357,22.810027418,19.0490260094,True,2.5,0,1,1,1,1,1,leadership_change,1,CommBank Stadium,0,-1.08333333333,-7.59051374254,1.63284938713,0,26,leadership-tigers-2022-maguire-kimmorley,effective,1,away,tigers,1
20221111610,2022,16,Manly-Warringah Sea Eagles,Melbourne Storm,1,36,30,0.424912848532,0.444927892095,0.425051995982,0.445050338229,19.1727239517,24.5144414833,19.1696651017,24.6257260758,True,-7.5,0,0,0,0,0,1,,,4 Pines Park,-2,0.0798611111111,-45.4890871889,-6.20596314665,0.0363703641854,,,,,,,
20221111620,2022,16,Newcastle Knights,Gold Coast Titans,1,38,12,0.537905712386,0.547289839787,0.537834666225,0.5471844712,22.2741305903,19.0267404506,22.2432342202,20.4707970243,True,1.5,0,0,0,0,0,1,,,McDonald Jones Stadium,4,-0.958333333333,-14.652768015,0.502300256013,-0.00406495068111,,,,,,,
20221111630,2022,16,Penrith Panthers,Sydney Roosters,1,26,18,0.800430347251,0.81221543692,0.80001255801,0.811714257107,27.9839747121,11.2642194289,27.5717965697,11.7012538416,True,16.5,0,0,0,0,0,1,,,Penrith Park,8,0.0868055555556,60.2762748542,12.2947352447,0.018021807624,,,,,,,
20221111640,2022,16,Canterbury-Bankstown Bulldogs,Cronulla-Sutherland Sharks,0,6,18,0.340049120145,0.332034775245,0.340329149242,0.332382362253,19.814539118,23.6256208642,19.8948136826,23.7848769954,True,-8.5,0,0,0,0,0,1,,,CommBank Stadium,-2,-1.04513888889,-27.961524761,-5.52246190164,-0.0100528230849,,,,,,,
20221111650,2022,16,North Queensland Cowboys,Brisbane Broncos,1,40,26,0.691714377451,0.705657397776,0.691390040022,0.705250147073,23.4292339432,16.242659795,24.1028798622,16.2649126923,True,5.5,0,0,0,0,0,1,,,Queensland Country Bank Stadium,0,0.0798611111111,20.0498998782,4.39034193059,-0.00714177380244,,,,,,,
20221111660,2022,16,South Sydney Rabbitohs,Parramatta Eels,1,30,12,0.61214749565,0.618033820731,0.611943621972,0.617779158227,23.0853857492,20.9894695879,23.1974365541,20.1779927448,True,-2.5,0,0,0,0,0,1,,,Accor Stadium,0,1.98958333333,14.904667398,0.555706953473,0.000942178947138,,,,,,,
20221111670,2022,16,New Zealand Warriors,Wests Tigers,1,22,2,0.496242343339,0.502573728693,0.496249413042,0.502567959805,22.5269426078,20.4339897334,22.5159846531,21.0022508699,True,2.5,0,0,0,0,0,1,leadership_change,,Go Media Stadium,-2,0.940972222222,-10.8593025757,0.102713838133,-0.0176994404336,26,leadership-tigers-2022-maguire-kimmorley,effective,2,away,tigers,2
20221111680,2022,16,St. George Illawarra Dragons,Canberra Raiders,1,12,10,0.488422388006,0.439705310775,0.488444163326,0.439839151093,21.0100183875,21.2210565686,20.5769039463,21.2363354718,True,-1.5,0,0,0,0,0,1,,,WIN Stadium,0,2.75694444444,-27.8331008242,-1.74431175186,0.00795001042137,,,,,,,
20221111710,2022,17,Cronulla-Sutherland Sharks,Melbourne Storm,1,28,6,0.555370481932,0.568691794832,0.555267154727,0.568539761119,20.5247834957,20.1522031232,20.1774439732,19.8784460434,True,-6.5,0,0,0,0,0,1,,,PointsBet Stadium,2,-1.79861111111,-56.3352750734,-3.28639066941,-0.0241498264012,,,,,,,
20221111720,2022,17,Newcastle Knights,South Sydney Rabbitohs,0,28,40,0.419634423231,0.424718134117,0.41978301918,0.424884324334,20.9896120734,21.9683557796,21.2260806134,24.1507680564,True,-4.5,0,0,0,0,0,1,,,McDonald Jones Stadium,-2,1.06597222222,-41.5003827537,-6.11878819114,0.0252639832324,,,,,,,
20221111730,2022,17,Wests Tigers,Parramatta Eels,0,20,28,0.313086531997,0.296318014954,0.313404555628,0.296722409553,18.933951968,27.1490044701,19.0424679451,26.4561218106,True,-14.5,0,0,0,0,0,1,leadership_change,,Leichhardt Oval,-4,-0.850694444444,-55.8705445731,-6.18152328744,-0.0100528230849,26,leadership-tigers-2022-maguire-kimmorley,effective,3,home,tigers,1
20221111740,2022,17,Brisbane Broncos,St. George Illawarra Dragons,1,32,18,0.675039763775,0.665324688262,0.674737961349,0.664981656934,25.282930296,17.7239556654,25.1493101718,18.181926098,True,1.5,0,0,0,0,0,1,,,Suncorp Stadium,-2,0.940972222222,35.0656386805,3.71795753137,0.0180407817417,,,,,,,
20221111810,2022,18,North Queensland Cowboys,Cronulla-Sutherland Sharks,0,12,26,0.615524680904,0.616927284559,0.615315121834,0.616674824163,22.9648670335,18.0388298249,23.2043595019,16.6162398588,True,-1.5,0,0,0,0,0,1,,,Queensland Country Bank Stadium,0,5.09722222222,36.5420337524,2.03122387028,-0.0123209395902,,,,,,,
20221111820,2022,18,Parramatta Eels,New Zealand Warriors,1,28,18,0.776142511649,0.766829469205,0.775735806998,0.766351999487,28.3096534027,15.2060992759,28.5376246432,14.4424629943,True,17.5,0,0,0,0,0,1,leadership_change,,CommBank Stadium,4,-6.14930555556,53.1176535717,6.22942542646,0.00795001042137,27,leadership-warriors-2022-brown-jones,effective,3,away,warriors,1
20221111830,2022,18,Sydney Roosters,St. George Illawarra Dragons,1,54,26,0.713343798032,0.692556409344,0.712992915402,0.692168689387,25.5643710545,18.3684388914,26.1458621763,17.5597010096,True,9.5,0,0,0,0,0,1,,,Industree Group Stadium,-4,8.84027777778,19.8611386664,4.32604358358,3.97445674245e-05,,,,,,,
20221111840,2022,18,Manly-Warringah Sea Eagles,Newcastle Knights,1,42,12,0.76388091705,0.738400603314,0.763482253723,0.73795106512,26.5608712974,16.5881307323,27.4134301415,16.7358866011,True,-10.5,0,0,0,0,0,1,,,4 Pines Park,2,8.00347222222,42.857447107,6.42461856893,0.00614699289493,,,,,,,
20221111850,2022,18,Gold Coast Titans,Brisbane Broncos,0,12,16,0.235363083228,0.255872412934,0.235762286565,0.256328284946,18.8291379591,30.8542277481,18.9373894497,29.6317867418,True,-5.5,0,0,0,0,0,1,,,Cbus Super Stadium,-6,8.92013888889,-49.8980067602,-7.83127257211,0,,,,,,,
20221111860,2022,18,Wests Tigers,Penrith Panthers,0,16,18,0.281198925416,0.287078448129,0.281555980398,0.287495918581,18.6215130299,32.5737288572,18.5288369123,33.2462813707,True,-7.5,0,0,0,0,0,1,,,CommBank Stadium,-10,-7.98611111111,-139.684041857,-16.0291762748,-0.0179838593886,,,,,,,
20221111870,2022,18,Melbourne Storm,Canberra Raiders,0,16,20,0.770310989471,0.757507720957,0.769907916495,0.757038415726,25.8116353512,13.7794830875,25.9492339466,14.9972407153,True,14.5,0,0,0,0,0,1,,,AAMI Park,2,-4.15625,52.6587335884,7.36009356766,0.0426764775715,,,,,,,
20221111880,2022,18,Canterbury-Bankstown Bulldogs,South Sydney Rabbitohs,0,28,36,0.435994317485,0.449576483364,0.436113426864,0.449688741899,20.5560410317,24.7202800972,20.7490046656,26.4478867987,True,-6.5,0,0,0,0,0,1,,,Accor Stadium,-4,6.20486111111,-25.1966755446,-5.18146185287,0.0142561238074,,,,,,,
20221111910,2022,19,Parramatta Eels,Brisbane Broncos,0,14,36,0.492953522283,0.476013800302,0.492966778364,0.476067482898,21.4473697518,21.9404334226,21.2848719213,20.4709841857,True,3.5,0,0,0,0,0,1,,,CommBank Stadium,0,0.986111111111,-28.4120670293,-0.705653374316,0.00795001042137,,,,,,,
20221111920,2022,19,St. George Illawarra Dragons,Manly-Warringah Sea Eagles,1,20,6,0.325467535993,0.358414645243,0.325768626875,0.3587148158,19.7935169465,27.786802667,20.0743656605,29.1485728682,True,-2.5,0,0,0,0,0,1,,,Netstrata Jubilee Stadium,-4,0.104166666667,-33.8032283266,-5.7125396917,0.0243089468923,,,,,,,
20221111930,2022,19,Newcastle Knights,Sydney Roosters,0,12,42,0.25356964054,0.292841653825,0.253954314524,0.293251052904,20.0709234805,28.9311223759,19.9577463837,29.947486011,True,-9.5,0,0,0,0,0,1,,,McDonald Jones Stadium,0,-0.104166666667,-44.0470832739,-7.25873450029,0.00437092916883,,,,,,,
20221111940,2022,19,Canberra Raiders,New Zealand Warriors,1,26,14,0.751717221245,0.754099837994,0.751328008154,0.753633767129,26.9825899952,16.1166258119,27.3857160265,16.4357221617,True,13.5,0,0,0,0,0,1,,,GIO Stadium,4,-1.84027777778,46.259570819,5.04946091065,0.018021807624,,,,,,,
20221111950,2022,19,Penrith Panthers,Cronulla-Sutherland Sharks,1,20,10,0.76856364263,0.786203352775,0.768161726526,0.785712320784,25.1742455272,13.6945349435,24.8785195657,13.1147296495,True,13.5,0,0,0,0,0,1,,,Penrith Park,0,-1.83333333333,54.6173938593,8.31561002883,-0.0140970033163,,,,,,,
20221111960,2022,19,South Sydney Rabbitohs,Melbourne Storm,1,24,12,0.448952525687,0.461201070917,0.449047903735,0.461287689995,21.0816483453,23.5718788384,20.9136287103,21.5850658137,True,-1.5,0,0,0,0,0,1,,,Accor Stadium,4,-0.0902777777778,-28.0628829111,-2.81427456938,0.0183675306791,,,,,,,
20221111970,2022,19,Canterbury-Bankstown Bulldogs,Gold Coast Titans,1,36,26,0.7225698618,0.712293216341,0.722208675735,0.711876611985,26.2819134603,18.6376492926,26.2878302879,18.2317391595,True,4.5,0,0,0,0,0,1,,,CommBank Stadium,4,-0.944444444444,22.2382287556,2.86140022518,-0.0212387771187,,,,,,,
20221111980,2022,19,North Queensland Cowboys,Wests Tigers,1,27,26,0.781330397987,0.818749230136,0.780920766478,0.818247110832,28.6960192898,14.6334539723,28.4117579211,14.8372502349,True,22.5,0,0,0,0,0,1,serious_human_event,,Queensland Country Bank Stadium,8,1.83333333333,106.020962625,12.9904103097,-0.00795001042137,37,human-cowboys-paul-green-2022,announcement,-3,home,cowboys,1
20221112010,2022,20,Manly-Warringah Sea Eagles,Sydney Roosters,0,10,20,0.568834781089,0.56866657298,0.568706907667,0.568514593662,22.6586261419,22.2834863398,22.6584251906,21.987138055,True,-19.5,0,0,0,0,0,1,,,4 Pines Park,2,0.0798611111111,5.83715902286,-2.57043701485,-0.018021807624,,,,,,,
20221112020,2022,20,New Zealand Warriors,Melbourne Storm,0,12,24,0.28458762345,0.277594385396,0.284940871842,0.278024502749,18.4758561072,28.6472554961,18.1746329744,27.7771448376,True,-8.5,0,0,0,0,0,1,,,Go Media Stadium,0,0.190972222222,-80.4377886033,-9.79155043836,0.018021807624,,,,,,,
20221112030,2022,20,Parramatta Eels,Penrith Panthers,1,34,10,0.236802678723,0.272027800541,0.237200848882,0.272464956801,18.7022729103,30.6221529655,18.7794295228,29.8642325722,True,-12.5,0,0,0,0,0,1,,,CommBank Stadium,-4,1.90277777778,-69.4161774209,-11.5655047722,-0.00468888864598,,,,,,,
20221112040,2022,20,Gold Coast Titans,Canberra Raiders,0,24,36,0.335774137273,0.323472144693,0.336060460216,0.323834188038,19.5862205534,26.0233179806,19.7907495675,25.9501726545,True,-6.5,0,0,0,0,0,1,,,Cbus Super Stadium,-6,-0.958333333333,-42.1494770641,-6.52603175164,0,,,,,,,
20221112050,2022,20,Cronulla-Sutherland Sharks,South Sydney Rabbitohs,1,21,20,0.693409284745,0.685030032308,0.693082753358,0.684654135687,23.6086274865,17.1985538586,24.3258869955,17.4324835289,True,1.5,0,0,0,0,0,1,,,PointsBet Stadium,0,0.0868055555556,18.3603517098,0.727616907874,-0.0140970033163,,,,,,,
20221112060,2022,20,Brisbane Broncos,Wests Tigers,0,18,32,0.792581683976,0.807121845872,0.792166732301,0.806621865739,28.1221451366,15.965220138,28.0952464057,15.658245116,True,18.5,0,0,0,0,0,1,,,Suncorp Stadium,6,2.84375,65.4325794786,9.06646674762,0.0100528230849,,,,,,,
20221112070,2022,20,Newcastle Knights,Canterbury-Bankstown Bulldogs,0,10,24,0.463356188782,0.477243908847,0.463424887065,0.477294846185,21.282593229,23.531263874,21.6267876709,22.6606112754,True,-6.5,0,0,0,0,0,1,,,McDonald Jones Stadium,-4,1.75347222222,-17.2254364508,-3.46582214996,-0.0160614659384,,,,,,,
20221112080,2022,20,St. George Illawarra Dragons,North Queensland Cowboys,0,8,34,0.342735871303,0.371904439291,0.343011896336,0.372178872413,19.3875178136,25.4761465476,19.4111675561,25.7465125922,True,-7.5,0,0,0,0,0,1,serious_human_event,,Netstrata Jubilee Stadium,-2,1.92013888889,-59.8552167894,-9.10432443277,0.0111859540338,37,human-cowboys-paul-green-2022,announcement,-2,away,cowboys,2
20221112110,2022,21,Sydney Roosters,Brisbane Broncos,1,34,16,0.652572646082,0.681658348921,0.652303700006,0.681287884466,23.1778903135,18.6711503134,23.5874072912,17.6610090812,True,5.5,0,0,0,0,0,1,,,Sydney Cricket Ground,0,1.98958333333,4.67701515782,1.24594148458,0.00795001042137,,,,,,,
20221112120,2022,21,Melbourne Storm,Gold Coast Titans,1,32,14,0.82458117637,0.821413286515,0.824159570212,0.820910983242,28.8970639299,15.5235767029,28.6099755452,14.0426643627,True,18.5,0,0,0,0,0,1,,,AAMI Park,2,0.791666666667,65.6516634506,11.3494661239,-0.0227425484752,,,,,,,
20221112130,2022,21,Manly-Warringah Sea Eagles,Parramatta Eels,0,20,36,0.627879989469,0.611542198426,0.627649990164,0.611300529728,24.3499686385,18.5853316724,24.3990457136,18.2484895649,True,1.5,0,0,0,0,0,1,,,4 Pines Park,-2,1.00347222222,31.4340625085,-0.499699197927,-0.018021807624,,,,,,,
20221112140,2022,21,South Sydney Rabbitohs,New Zealand Warriors,1,48,10,0.79786136325,0.818660754904,0.797444421123,0.818158643715,29.044371505,14.2583600251,29.2271036435,14.4383457817,True,20.5,0,0,0,0,0,1,,,Sunshine Coast Stadium,6,-0.895833333333,66.023821153,9.05802725479,0.00486698325483,,,,,,,
20221112150,2022,21,Canberra Raiders,Penrith Panthers,0,6,26,0.339926035749,0.337352097306,0.340206247391,0.337690464929,19.0593021565,21.3337377069,18.7404762955,24.2539801471,True,-1.5,0,0,0,0,0,1,,,GIO Stadium,0,-0.795138888889,-60.1020394187,-10.6595663237,0.0102309176938,,,,,,,
20221112160,2022,21,Cronulla-Sutherland Sharks,St. George Illawarra Dragons,1,24,18,0.781559955208,0.757217823984,0.781150200948,0.756748788786,27.4923645882,14.9797258565,27.3504761542,14.9708284029,True,10.5,0,0,0,0,0,1,,,PointsBet Stadium,4,0.940972222222,39.9852031779,7.88121055218,-0.000345723055148,,,,,,,
20221112170,2022,21,Canterbury-Bankstown Bulldogs,North Queensland Cowboys,0,14,28,0.31627479044,0.312744286858,0.31658854169,0.313123723891,19.1931284301,28.8337556529,18.9338390781,31.8311640916,True,-11.5,0,0,0,0,0,1,serious_human_event,,Other,-2,0.0868055555556,-48.0975920526,-9.0051167902,-0.00730089429357,37,human-cowboys-paul-green-2022,announcement,-1,away,cowboys,2
20221112180,2022,21,Wests Tigers,Newcastle Knights,0,10,14,0.616273630979,0.593271765044,0.616062816588,0.593067565573,25.4512088955,18.571659689,25.3033167832,19.3430800998,True,6.5,0,0,0,0,0,1,,,Campbelltown Sports Stadium,0,0.767361111111,6.34957642645,2.75944954616,0,,,,,,,
20221112210,2022,22,Penrith Panthers,Melbourne Storm,0,0,16,0.678068982751,0.682718858209,0.677762962438,0.682346676307,22.8266610778,15.1076016199,23.232922949,15.2894416465,True,2.5,0,0,0,0,0,1,,,Penrith Park,4,-0.979166666667,22.4949346114,5.42847666893,-0.0188074721896,,,,,,,
20221112220,2022,22,New Zealand Warriors,Canterbury-Bankstown Bulldogs,1,42,18,0.380872067694,0.392556018822,0.381087647443,0.392789394179,21.0545020041,24.4862280689,21.3191989466,24.9462883415,True,-2.5,0,0,0,0,0,1,,,Go Media Stadium,-2,0.958333333333,-31.2411444591,-3.84918887358,-0.00323594361246,,,,,,,
20221112230,2022,22,Parramatta Eels,South Sydney Rabbitohs,0,0,26,0.500043825717,0.516431654093,0.50004374326,0.516394849128,20.7876110107,22.5460434702,20.7048822758,22.5978815403,True,-4.5,0,0,0,0,0,1,,,CommBank Stadium,0,0.795138888889,-14.8892861021,-2.51654851047,0.0132887666974,,,,,,,
20221112240,2022,22,Sydney Roosters,North Queensland Cowboys,1,32,18,0.581144696154,0.580783333665,0.580994711247,0.580605415877,20.9135743472,19.722555242,21.2218987037,18.5314986662,True,3.5,0,0,0,0,0,1,serious_human_event,,Sydney Cricket Ground,0,2.75694444444,-3.48053881213,-3.56847300167,0,37,human-cowboys-paul-green-2022,announcement,0,away,cowboys,2
20221112250,2022,22,Wests Tigers,Cronulla-Sutherland Sharks,0,12,36,0.297245074146,0.312954087015,0.297583363031,0.313333191876,18.8127761675,25.1369096256,18.7125977786,26.6025321866,True,-13.5,0,0,0,0,0,1,,,Other,-6,-0.854166666667,-54.1613397985,-7.87438551826,0.0240494245952,,,,,,,
20221112260,2022,22,Brisbane Broncos,Newcastle Knights,1,28,10,0.809022756768,0.801645131267,0.80860273098,0.80114688214,28.5624723837,16.4778286695,28.6800031822,16.4132094093,True,19.5,0,0,0,0,0,1,,,Suncorp Stadium,4,2.84375,61.8809440632,8.32491382283,-0.0100925676523,,,,,,,
20221112270,2022,22,Canberra Raiders,St. George Illawarra Dragons,1,24,22,0.741334509362,0.746776604788,0.740954447323,0.746317919018,27.0631754681,17.4914629198,27.1551327788,17.1905630891,True,6.5,0,0,0,0,0,1,,,GIO Stadium,4,0.0868055555556,23.7441441375,3.54851345377,0.0139776273926,,,,,,,
20221112280,2022,22,Gold Coast Titans,Manly-Warringah Sea Eagles,1,44,24,0.307632323143,0.322095838527,0.307957508421,0.322460159024,20.0973069564,29.0344060075,20.1527535737,26.910967572,True,-10.5,0,0,0,0,0,1,,,Cbus Super Stadium,-4,0.0798611111111,-55.8584894339,-7.22383134649,0.00307682312133,,,,,,,
20221112310,2022,23,South Sydney Rabbitohs,Penrith Panthers,0,22,26,0.571480922481,0.57257883333,0.571348267212,0.572418435902,20.7811302237,16.8871367966,20.8552973053,15.9981553194,True,3.5,0,0,0,0,0,1,,,Accor Stadium,2,-1.00347222222,-22.0112141729,-3.98824920905,0.0232266215718,,,,,,,
20221112320,2022,23,North Queensland Cowboys,New Zealand Warriors,1,48,4,0.837731929326,0.806522177745,0.837311668734,0.80602236512,29.5711093766,14.6620856069,29.5402630658,14.5453134508,True,19.5,1,0,1,1,1,1,tribute_milestone,0,Queensland Country Bank Stadium,4,-0.791666666667,94.2732760568,11.4967840724,-0.0220470137377,38,tribute-cowboys-paul-green-home-match-2022,tribute,0,home,cowboys,2
20221112330,2022,23,Brisbane Broncos,Melbourne Storm,0,12,60,0.48754581984,0.489423284974,0.487569242508,0.489446985534,19.3073306953,21.3982269844,19.3708473933,22.2320065925,True,-5.5,0,0,0,0,0,1,,,Suncorp Stadium,0,-1.98958333333,-17.4635250157,-4.5800434116,0,,,,,,,
20221112340,2022,23,Parramatta Eels,Canterbury-Bankstown Bulldogs,1,42,6,0.800508088811,0.800433825883,0.800090275193,0.799936019882,28.6932084771,16.0989689213,28.6010497011,14.5756456246,True,9.5,0,0,0,0,0,1,,,CommBank Stadium,2,0.00347222222222,28.6690042747,3.98011122769,0.00942268107482,,,,,,,
20221112350,2022,23,Manly-Warringah Sea Eagles,Cronulla-Sutherland Sharks,0,6,40,0.305302744981,0.327332189928,0.305630931131,0.327687777275,19.1264610431,27.5837586515,19.0461828531,28.1504018346,True,-13.5,0,0,0,0,0,1,,,4 Pines Park,-6,-0.940972222222,-19.4905376691,-5.65882521559,-0.00402520611368,,,,,,,
20221112360,2022,23,Sydney Roosters,Wests Tigers,1,72,6,0.849619253383,0.855782070716,0.849202514861,0.855288755686,29.6223104114,13.5156934329,29.5253898518,12.9505608003,True,21.5,0,0,0,0,0,1,,,Sydney Cricket Ground,8,0.104166666667,69.7382173989,10.1585573798,-0.0144427263714,,,,,,,
20221112370,2022,23,St. George Illawarra Dragons,Gold Coast Titans,1,46,26,0.620360745324,0.635950226498,0.620143116675,0.635660694711,26.1206406004,21.7979922807,26.6356079557,21.9738601562,True,4.5,0,0,0,0,0,1,,,WIN Stadium,0,0.0868055555556,26.1732660262,2.59845938995,0.0192969395538,,,,,,,
20221112380,2022,23,Newcastle Knights,Canberra Raiders,0,22,28,0.346924454071,0.325972069601,0.347194164189,0.326329943348,19.9366257996,26.4771681156,19.783093884,26.8695088442,True,-10.5,0,0,0,0,0,1,,,McDonald Jones Stadium,-6,0.767361111111,-44.8987934366,-6.08385973836,-0.016358936471,,,,,,,
20221112410,2022,24,Brisbane Broncos,Parramatta Eels,0,6,53,0.417945980258,0.422821351387,0.418097584338,0.422991594666,21.1944027985,27.2472303142,21.4901689231,26.0422437808,True,-3.5,0,0,0,0,0,1,,,Suncorp Stadium,-2,0.795138888889,7.02019274681,-1.55964519837,-0.0262716131824,,,,,,,
20221112420,2022,24,Penrith Panthers,New Zealand Warriors,1,46,12,0.841057746576,0.847581990801,0.84063824276,0.847084491945,29.6903080225,13.3305429405,29.5080712993,12.2706334852,True,29.5,0,0,0,0,0,1,,,Penrith Park,4,0.923611111111,82.7794376551,16.8420639138,0.0259130993602,,,,,,,
20221112430,2022,24,Melbourne Storm,Sydney Roosters,0,14,18,0.649309363862,0.654177448513,0.649045405473,0.65385413079,21.5994168326,17.8490283642,21.9129700284,18.3096690968,True,4.5,0,0,0,0,0,1,,,AAMI Park,-2,0.986111111111,-10.2179314545,3.04682540202,-0.018021807624,,,,,,,
20221112440,2022,24,Canberra Raiders,Manly-Warringah Sea Eagles,1,48,6,0.675902320161,0.660605422684,0.675599311299,0.660270643898,26.4034195508,17.9263507679,26.1382600949,18.2387744852,True,13.5,0,0,0,0,0,1,,,GIO Stadium,8,-0.940972222222,6.23101917996,2.11441565982,0.0305018677053,,,,,,,
20221112450,2022,24,Cronulla-Sutherland Sharks,Canterbury-Bankstown Bulldogs,1,16,0,0.828566766388,0.829795350416,0.828145297819,0.829293248752,28.8579337071,14.4909141733,28.9312527931,13.8812451482,True,22.5,0,0,0,0,0,1,,,PointsBet Stadium,4,-0.104166666667,60.9994610775,10.8405664532,-0.0100528230849,,,,,,,
20221112460,2022,24,South Sydney Rabbitohs,North Queensland Cowboys,1,20,10,0.577991249128,0.600140706749,0.577846895091,0.599922273966,21.9280404683,19.5507191068,22.4146575414,19.8303959047,True,6.5,0,0,0,0,0,1,tribute_milestone,,Accor Stadium,-2,0.923611111111,6.41323282692,-3.37265967738,-0.0129638723674,38,tribute-cowboys-paul-green-home-match-2022,tribute,1,away,cowboys,2
20221112470,2022,24,Wests Tigers,St. George Illawarra Dragons,0,22,24,0.432574314856,0.435597452044,0.432699635881,0.435740213089,21.848082446,26.5017488906,21.6767964756,26.5451825622,True,-9.5,0,0,0,0,0,1,,,CommBank Stadium,-2,0.767361111111,-20.499811696,-4.88730977134,0.00829573347652,,,,,,,
20221112480,2022,24,Gold Coast Titans,Newcastle Knights,1,36,26,0.704948299637,0.681622109928,0.704607337064,0.681251704304,26.3889053283,22.4616627758,26.8894511044,20.1883941821,True,7.5,0,0,0,0,0,1,,,Cbus Super Stadium,0,0.0868055555556,17.9481182555,0.393959586162,-0.00210281266353,,,,,,,
20221112510,2022,25,Parramatta Eels,Melbourne Storm,1,22,14,0.489029869625,0.508258094069,0.489050503138,0.508239586983,20.5699593337,22.5365655646,20.4078852389,20.9507321263,True,-1.5,0,0,0,0,0,1,,,CommBank Stadium,0,1.00347222222,-38.7022017802,-3.89369988645,0.0100528230849,,,,,,,
20221112520,2022,25,Canterbury-Bankstown Bulldogs,Manly-Warringah Sea Eagles,1,21,20,0.649490570877,0.633115561678,0.649226334182,0.632831443473,24.7144887454,18.5072244168,24.1507764165,19.2876421158,True,6.5,0,0,0,0,0,1,,,Accor Stadium,2,-0.104166666667,-23.7867712079,-1.23380392632,0.0144427263714,,,,,,,
20221112530,2022,25,Sydney Roosters,South Sydney Rabbitohs,1,26,16,0.772106183863,0.736113583559,0.771701955061,0.735666668512,24.6516483655,15.9385104644,24.7325244695,14.8346312587,True,1,0,0,0,0,0,1,,,Allianz Stadium,4,0.986111111111,28.2774636562,1.58985245877,-0.0100528230849,,,,,,,
20221112540,2022,25,New Zealand Warriors,Gold Coast Titans,0,26,27,0.425021324731,0.435828166747,0.42516027732,0.435970427784,22.0631701071,26.9168418922,22.0893017625,25.8247812898,True,5.5,0,0,0,0,0,1,,,Go Media Stadium,-2,1.92013888889,-17.0006879679,-2.3007508363,-0.0278965361,,,,,,,
20221112550,2022,25,St. George Illawarra Dragons,Brisbane Broncos,1,22,12,0.585579438405,0.599860569396,0.585421576671,0.599642713782,23.7782035549,20.1875514044,23.9217168064,21.5388517989,True,-3.5,0,0,0,0,0,1,,,Netstrata Jubilee Stadium,2,-2.75694444444,0.919188912676,-2.8736515346,0.0168679062253,,,,,,,
20221112560,2022,25,North Queensland Cowboys,Penrith Panthers,1,38,8,0.648235026245,0.63645897719,0.647972721088,0.636168478127,21.723153743,16.9778887197,22.0138227243,17.3826551424,True,19.5,0,0,0,0,0,1,tribute_milestone,,Queensland Country Bank Stadium,0,-1.06597222222,1.28663903801,3.76468301877,-0.00714177380244,38,tribute-cowboys-paul-green-home-match-2022,tribute,2,home,cowboys,2
20221112570,2022,25,Newcastle Knights,Cronulla-Sutherland Sharks,0,16,38,0.231070273719,0.234705005359,0.231472434783,0.235181201355,18.2183003379,32.1889008341,18.4143450704,33.2931279654,True,-18.5,0,0,0,0,0,1,,,McDonald Jones Stadium,-8,-0.940972222222,-87.6131887097,-12.8619131777,-0.0140780291986,,,,,,,
20221112580,2022,25,Wests Tigers,Canberra Raiders,0,10,56,0.309604773837,0.31258992508,0.309927390946,0.312969606302,19.2169076358,30.6161572059,19.0444838562,29.9325260176,True,-11.5,0,0,0,0,0,1,,,Leichhardt Oval,-6,-0.958333333333,-53.691664198,-9.75649216039,0.0193018172641,,,,,,,
20221112610,2022,26,Penrith Panthers,Parramatta Eels,1,27,8,0.684954090059,0.70020651406,0.684638684667,0.699807222172,23.8556059981,16.2168029625,23.9318612086,15.7359286645,True,8.5,0,0,0,0,0,1,,,Penrith Park,-2,-1.98958333333,14.8689382158,7.89978707769,2.77555756156e-17,,,,,,,
20221112620,2022,26,Melbourne Storm,Canberra Raiders,0,20,28,0.818498297625,0.80561724949,0.81807691636,0.80511769998,25.9707020231,13.9706390586,26.0421201967,13.9528474108,True,9.5,0,0,0,0,0,1,,,AAMI Park,-2,2.84375,38.8347868905,4.11734225522,-0.0159000208427,,,,,,,
20221112630,2022,26,Cronulla-Sutherland Sharks,North Queensland Cowboys,0,30,32,0.644967715481,0.659419403416,0.644710471584,0.659086720439,21.1540330024,16.5805551687,21.110303436,16.1394530051,True,2.5,0,0,0,0,0,1,tribute_milestone,,PointsBet Stadium,4,-0.767361111111,1.04302880294,-2.21311352262,0.00795001042137,38,tribute-cowboys-paul-green-home-match-2022,tribute,3,away,cowboys,1
20221112640,2022,26,Sydney Roosters,South Sydney Rabbitohs,0,14,30,0.704714000361,0.687511741288,0.704373321804,0.687131899335,24.0620802552,17.6607417443,24.4181330474,15.711812458,True,4.5,0,0,0,0,0,1,,,Allianz Stadium,4,0,24.3460020276,1.84494726782,-0.0111859540338,,,,,,,
20221112710,2022,27,Parramatta Eels,Canberra Raiders,1,40,4,0.751855730879,0.743870509214,0.751466402302,0.743414914213,24.7585041497,17.884019241,24.8668577459,18.5935039339,True,6.5,0,0,0,0,0,1,,,CommBank Stadium,-4,0.909722222222,10.7847692509,-0.27437461096,0,,,,,,,
20221112720,2022,27,Cronulla-Sutherland Sharks,South Sydney Rabbitohs,0,12,38,0.669181656517,0.672624391034,0.66888815942,0.672268876881,22.7065114553,18.277262777,22.8067027212,17.2303470537,True,-1.5,0,0,0,0,0,1,,,Allianz Stadium,2,0.84375,1.26038127999,1.61153620897,-0.0241498264012,,,,,,,
20221112810,2022,28,North Queensland Cowboys,Parramatta Eels,0,20,24,0.711148650092,0.733842256393,0.710800312332,0.73339799841,24.4427613319,15.7195837253,24.5663761048,15.7661502709,True,2.5,0,0,0,0,0,1,,,Queensland Country Bank Stadium,-2,6,23.1871483607,4.22864558271,0.0180028335063,,,,,,,
20221112820,2022,28,Penrith Panthers,South Sydney Rabbitohs,1,32,12,0.677269173738,0.67928648311,0.676964261901,0.6789198888,22.0283545891,18.0263791664,21.3541809479,17.2534245033,True,8.5,0,0,0,0,0,1,,,Accor Stadium,0,8.00694444444,-16.0463506381,6.46093916456,0.00210281266353,,,,,,,
20221112910,2022,29,Penrith Panthers,Parramatta Eels,1,28,12,0.681959591467,0.69991651059,0.681648232905,0.699517648917,22.3648595404,15.7067661353,21.9092993465,15.0862498294,True,7.5,0,0,0,0,0,1,,,Accor Stadium,0,-1,-2.94294193252,8.4144370219,0,,,,,,,
20231110110,2023,1,Parramatta Eels,Melbourne Storm,0,12,16,0.568176260391,0.570846875764,0.568058359607,0.570701215311,20.3700821349,16.8251372656,20.2598466,17.0873807931,True,-1.5,0,0,0,0,0,1,,,CommBank Stadium,0,0,1.08376507549,-5.28337031033,-0.00681687947244,,,,,,,
20231110120,2023,1,New Zealand Warriors,Newcastle Knights,1,20,12,0.517811356891,0.520102860999,0.517780194081,0.52006101349,20.0213682287,17.8223668398,19.908302026,19.4621443809,True,3.5,0,0,0,0,0,1,,,Other,0,0,-9.78982848425,-0.351786187996,-0.0100528230849,,,,,,,
20231110130,2023,1,Penrith Panthers,Brisbane Broncos,0,12,13,0.740329476301,0.736680191585,0.739976638778,0.736264102871,24.7116895228,12.3048618553,24.5911459949,12.7551581612,True,12.5,0,0,0,0,0,1,,,BlueBet Stadium,0,0,80.7256302168,9.22633450615,0,,,,,,,
20231110140,2023,1,Manly-Warringah Sea Eagles,Canterbury-Bankstown Bulldogs,1,31,6,0.661950584781,0.626374816284,0.661687216604,0.626122791555,22.3731709187,17.6878858751,22.4611610223,17.0099910888,True,4.5,0,0,0,0,0,1,,,4 Pines Park,0,0,5.67972226599,-1.21291596907,-0.00795001042137,,,,,,,
20231110150,2023,1,North Queensland Cowboys,Canberra Raiders,1,19,18,0.760132328549,0.74345984713,0.75976387971,0.74303671149,23.8607164667,14.7828523576,23.6951972382,15.0068682336,True,10.5,0,0,0,0,0,1,,,Queensland Country Bank Stadium,0,0,19.7811083327,6.27548429559,0,,,,,,,
20231110160,2023,1,Cronulla-Sutherland Sharks,South Sydney Rabbitohs,0,18,27,0.533299941514,0.514696008034,0.533241802738,0.514665400479,19.5589325692,19.49863657,19.3897202336,19.1765446649,True,-5.5,0,0,0,0,0,1,,,Ocean Protect Stadium,0,0,-19.6296027888,0.359918671916,0.0159000208427,,,,,,,
20231110170,2023,1,Dolphins,Sydney Roosters,1,28,18,0.445469278691,0.423593837448,0.445564009405,0.423750578163,19.0008346792,22.4325503169,19.3272402295,20.3868756118,True,-17.5,0,0,0,0,0,1,,,Suncorp Stadium,0,0,-66.2198011359,-4.70754922598,0.00145987988636,,,,,,,
20231110180,2023,1,Wests Tigers,Gold Coast Titans,0,10,22,0.534461065242,0.52676701078,0.534400911897,0.526711337072,19.8885193597,20.5159522213,19.8568399378,20.4944661065,True,4.5,0,0,0,0,0,1,,,Leichhardt Oval,0,0,-19.6153356806,-0.974970812241,-0.00180301752644,,,,,,,
20231110210,2023,2,Penrith Panthers,South Sydney Rabbitohs,1,16,10,0.60543161745,0.587153501959,0.605252506109,0.586975572048,21.0802005466,17.400671778,20.9602951182,17.8308514095,True,4.5,0,0,0,0,0,1,,,BlueBet Stadium,-2,0.979166666667,4.20107173547,3.81129777459,0.00795001042137,,,,,,,
20231110220,2023,2,Parramatta Eels,Cronulla-Sutherland Sharks,0,26,30,0.627342116875,0.634737397147,0.627128876962,0.634470372006,22.2264301808,16.8024306179,22.1565263411,16.7252040367,True,5.5,0,0,0,0,0,1,,,CommBank Stadium,0,1.98263888889,5.75007327202,-3.58941316836,-0.0100528230849,,,,,,,
20231110230,2023,2,Brisbane Broncos,North Queensland Cowboys,1,28,16,0.448249240069,0.391831339314,0.448339212975,0.39204967419,18.8676969376,21.4241379419,18.8001318184,21.4337240245,True,1.5,0,0,0,0,0,1,,,Suncorp Stadium,0,0.850694444444,-40.2351081376,-7.4124555645,0,,,,,,,
20231110240,2023,2,Sydney Roosters,New Zealand Warriors,1,20,12,0.729298540604,0.685700260306,0.72895579032,0.685349803317,24.1177769583,16.6106706819,23.9502975548,16.2641684517,True,12.5,0,0,0,0,0,1,,,Allianz Stadium,-2,-1.79513888889,57.2425083031,9.11508268432,-0.0140970033163,,,,,,,
20231110250,2023,2,Dolphins,Canberra Raiders,1,20,14,0.564853010257,0.551747371265,0.564740722053,0.55164030376,20.9704226083,18.9134237323,21.072742168,18.7277759752,True,-3.5,0,0,0,0,0,1,,,Kayo Stadium,2,-0.940972222222,-7.92981280261,0.535557370872,0,,,,,,,
20231110260,2023,2,Melbourne Storm,Canterbury-Bankstown Bulldogs,0,12,26,0.671617793408,0.692155531884,0.671341406223,0.691795653799,24.4092417839,15.3297484579,24.6440392348,14.330871472,True,7.5,0,0,0,0,0,1,,,AAMI Park,2,1.79166666667,40.8471735352,8.63908592169,-0.00210281266353,,,,,,,
20231110270,2023,2,Wests Tigers,Newcastle Knights,0,12,14,0.598666368067,0.627225287206,0.598498104352,0.626971722538,21.1426781426,16.0803237013,21.1613148517,17.7923042216,True,3.5,0,0,0,0,0,1,,,Leichhardt Oval,0,-1.92708333333,-8.39845697413,-0.513691795465,0.00795001042137,,,,,,,
20231110280,2023,2,St. George Illawarra Dragons,Gold Coast Titans,1,32,18,0.510809738104,0.485115939479,0.510790815257,0.485146938235,20.4984578176,19.5881403237,20.4429329801,21.0435942739,True,-1.5,0,0,0,0,0,1,,,Other,-1,0,4.70985075005,0.0913906750731,0.0108610597038,,,,,,,
20231110310,2023,3,Manly-Warringah Sea Eagles,Parramatta Eels,1,34,30,0.56366011491,0.554283699882,0.563549846358,0.554171465847,21.273383605,21.3267572624,20.7730934366,20.9689793012,True,2.5,0,0,0,0,0,1,,,4 Pines Park,3,6.125,-36.9488348376,-2.92736312821,0,,,,,,,
20231110320,2023,3,Newcastle Knights,Dolphins,0,20,36,0.486118471506,0.475267298873,0.486142766731,0.475318755714,19.0867320371,20.954578739,19.1921381142,19.6199078832,True,-5.5,0,0,0,0,0,1,,,McDonald Jones Stadium,-2,-0.982638888889,-36.1714833761,-6.18143277164,0.0119752165351,,,,,,,
20231110330,2023,3,Sydney Roosters,South Sydney Rabbitohs,1,20,18,0.552073896528,0.51269237067,0.551983369994,0.512665932255,19.9811034085,18.7817568398,19.8917562141,19.2467030525,True,-2.5,0,0,0,0,0,1,,,Allianz Stadium,0,-1.79166666667,-6.65131897689,0.168752595878,-0.00471406680891,,,,,,,
20231110340,2023,3,Gold Coast Titans,Melbourne Storm,1,38,34,0.461680758252,0.491539169767,0.461747595998,0.49155679801,19.8744295565,20.0321215612,19.761397034,21.4535985008,True,-6.5,0,0,0,0,0,1,,,Cbus Super Stadium,0,-0.944444444444,-36.4170263404,-8.91738192955,0.011531677089,,,,,,,
20231110350,2023,3,North Queensland Cowboys,New Zealand Warriors,0,12,26,0.677920019458,0.682936039847,0.677635405645,0.682589704772,23.5215015754,16.5407928042,23.5120301377,15.0255831845,True,11.5,0,0,0,0,0,1,,,Queensland Country Bank Stadium,0,0.833333333333,48.4279893795,11.576050054,0.0100528230849,,,,,,,
20231110360,2023,3,Brisbane Broncos,St. George Illawarra Dragons,1,40,18,0.633450076378,0.619082392816,0.633227626828,0.618843700396,21.4435641619,16.8705788351,21.0938815505,17.3756498966,True,11.5,0,0,0,0,0,1,,,Suncorp Stadium,1,1.96875,-5.13516288107,3.10017724791,0.00212178678125,,,,,,,
20231110370,2023,3,Canterbury-Bankstown Bulldogs,Wests Tigers,1,26,22,0.541667987101,0.58297406566,0.541595360472,0.582804337637,21.8666007707,18.5686561636,21.9703003856,17.1485753398,True,9.5,0,0,0,0,0,1,,,Belmore Sports Ground,2,0.854166666667,6.8015346799,2.64777681453,0.00406495068111,,,,,,,
20231110380,2023,3,Canberra Raiders,Cronulla-Sutherland Sharks,1,24,20,0.519001690382,0.517739342974,0.51896844884,0.517702406733,21.1905670793,20.4276255345,20.9921323445,19.6024270488,True,-2.5,0,0,0,0,0,1,,,GIO Stadium,-2,-0.9375,-1.86165834015,-3.67034057636,-0.0180028335063,,,,,,,
20231110410,2023,4,Parramatta Eels,Penrith Panthers,1,17,16,0.535743157705,0.457846955306,0.535680781423,0.45793438288,19.4327255158,20.3649696422,19.4752885009,20.6324729821,True,-7.5,0,0,0,0,0,1,,,CommBank Stadium,-3,-7,-8.13217267863,-7.15017872461,0.010211943576,,,,,,,
20231110420,2023,4,Melbourne Storm,Wests Tigers,1,24,12,0.715961661185,0.706731071058,0.715632324665,0.706351031343,25.0490037889,14.2432821152,24.7636365368,14.7438785624,True,10.5,0,0,0,0,0,1,,,AAMI Park,2,1.08680555556,48.6899261291,9.23638575546,-0.0100528230849,,,,,,,
20231110430,2023,4,Dolphins,Brisbane Broncos,0,12,18,0.521867424126,0.527260955221,0.521829181208,0.527204258174,20.4593246056,20.8923915298,20.8662605027,20.2530378174,True,-10.5,0,0,0,0,0,1,,,Suncorp Stadium,0,1.02430555556,11.8606776806,1.69209952598,-0.0282147770823,,,,,,,
20231110440,2023,4,North Queensland Cowboys,Gold Coast Titans,1,24,12,0.64058488318,0.663575959214,0.640351861417,0.663259877106,23.7842560377,18.9805261258,23.5864665627,18.1326305806,True,7.5,0,0,0,0,0,1,,,Queensland Country Bank Stadium,-2,-0.104166666667,33.7842190707,8.88336422861,0,,,,,,,
20231110450,2023,4,South Sydney Rabbitohs,Manly-Warringah Sea Eagles,1,13,12,0.727274625206,0.682474005213,0.726933826931,0.68212836413,22.9707616753,14.0380031153,22.8033981975,13.8047030132,True,4.5,0,0,0,0,0,1,,,Accor Stadium,-3,-1,33.4166062015,6.02416876553,-0.0009740104578,,,,,,,
20231110460,2023,4,New Zealand Warriors,Canterbury-Bankstown Bulldogs,1,16,14,0.522402468254,0.508006548572,0.522363292095,0.507989866498,21.1864103599,17.6286237286,20.9625889804,18.2047889882,True,1.5,0,0,0,0,0,1,,,Go Media Stadium,0,0.982638888889,-4.59948810575,-3.01942529943,0,,,,,,,
20231110470,2023,4,Newcastle Knights,Canberra Raiders,1,24,14,0.451800492139,0.458126013825,0.451884370907,0.458212868072,20.0073604925,20.8419347834,20.1130812397,23.0883507062,True,-5.5,0,0,0,0,0,1,,,McDonald Jones Stadium,0,2.01041666667,-35.8578611314,-5.35535300378,0.0118160960439,,,,,,,
20231110480,2023,4,St. George Illawarra Dragons,Cronulla-Sutherland Sharks,0,8,40,0.435886853436,0.426543034951,0.435997889305,0.426693907147,19.9171378863,21.8705870918,20.1330471281,21.7042010388,True,-6.5,0,0,0,0,0,1,,,Other,1,0.986111111111,-14.6940006315,-8.20804612566,0.00212178678125,,,,,,,
20231110510,2023,5,Sydney Roosters,Parramatta Eels,1,28,20,0.610205254097,0.597817049463,0.610018571657,0.597618433144,23.2055731142,19.0013317247,22.5681816918,18.214170139,True,5.5,0,0,0,0,0,1,,,Allianz Stadium,3,6,8.07846333668,3.09768459358,0,,,,,,,
20231110520,2023,5,Canberra Raiders,Penrith Panthers,0,12,53,0.425398241387,0.419899701119,0.425526932714,0.420063760915,18.7510987832,21.6694780455,18.6700187447,20.8495272428,True,-11.5,0,0,0,0,0,1,,,GIO Stadium,-1,-2.83680555556,-17.2896586581,-7.2133145555,0,,,,,,,
20231110530,2023,5,South Sydney Rabbitohs,Melbourne Storm,0,10,18,0.702665067649,0.678811708462,0.702350334701,0.678471618393,23.117624913,15.271683268,22.528791375,15.5445303497,True,4.5,0,0,0,0,0,1,,,Accor Stadium,0,-1.06597222222,18.0969477936,-0.54723508006,0.00323594361246,,,,,,,
20231110550,2023,5,St. George Illawarra Dragons,Dolphins,1,38,12,0.416455808812,0.424152916801,0.416599370323,0.424308546718,19.1543809918,21.8063246207,19.4674320761,21.6383094383,True,1.5,0,0,0,0,0,1,,,WIN Stadium,-3,-1.96875,-23.0436126682,-5.34736205947,-0.0280746307089,,,,,,,
20231110560,2023,5,Brisbane Broncos,Wests Tigers,1,46,12,0.760881094972,0.718101718324,0.760512122784,0.717707094458,25.0033074161,13.9542572601,25.1812391773,13.7831639326,True,16.5,0,0,0,0,0,1,,,Suncorp Stadium,8,-0.0416666666667,45.0462389034,5.4637821813,0.0223927367928,,,,,,,
20231110570,2023,5,Cronulla-Sutherland Sharks,New Zealand Warriors,0,30,32,0.756684098129,0.750539869507,0.756318124386,0.750109852857,23.9908722912,15.5169749218,23.7125892133,16.6712480197,True,12.5,0,0,0,0,0,1,,,Ocean Protect Stadium,-2,-0.09375,25.7327564799,10.1072953396,0.0140970033163,,,,,,,
20231110580,2023,5,Canterbury-Bankstown Bulldogs,North Queensland Cowboys,1,15,14,0.496441515666,0.511406398475,0.496447746652,0.511382636803,20.396034572,19.3956092593,20.3088759883,19.6943039632,True,-0.5,0,0,0,0,0,1,,,Accor Stadium,0,-0.979166666667,-24.1798513178,-7.34197342835,-0.00614699289493,,,,,,,
20231110610,2023,6,Melbourne Storm,Sydney Roosters,1,28,8,0.601056665667,0.588567427661,0.600884553978,0.588386734575,21.2944271124,17.6979862133,21.156093388,18.549318445,True,2.5,0,0,0,0,0,1,,,AAMI Park,-1,-1,-14.3702395307,0.714651839601,0,,,,,,,
20231110620,2023,6,Canterbury-Bankstown Bulldogs,South Sydney Rabbitohs,0,16,50,0.426612896346,0.430657657815,0.426739554326,0.430800306636,19.4122886015,19.8978029677,19.5490333439,20.9549788829,True,-10.5,0,0,0,0,0,1,,,Accor Stadium,2,-1.92708333333,-41.1897717811,-5.8940214191,-0.0100717972026,,,,,,,
20231110630,2023,6,North Queensland Cowboys,Dolphins,0,22,32,0.646586342548,0.641707112469,0.646344591168,0.641427836227,22.622251642,15.7211905365,22.4384229358,15.1702383686,True,11.5,0,0,0,0,0,1,,,Queensland Country Bank Stadium,-2,-1.03125,-2.18749088161,5.42266133367,0.0220470137377,,,,,,,
20231110640,2023,6,Penrith Panthers,Manly-Warringah Sea Eagles,1,44,12,0.672329501379,0.683322421181,0.672052174611,0.682975506847,23.4461431454,15.9293663622,23.240490976,15.7288279058,True,10.5,0,0,0,0,0,1,,,BlueBet Stadium,-1,0.875,26.4833043285,10.4671393376,0.0144427263714,,,,,,,
20231110650,2023,6,Brisbane Broncos,Canberra Raiders,0,14,20,0.786650735708,0.78829369195,0.786267005832,0.787836118893,26.6729770076,15.4078881339,25.7010780133,16.0002675411,True,18.5,0,0,0,0,0,1,,,Suncorp Stadium,8,-1.02430555556,9.81140660698,2.33862628243,0.0140970033163,,,,,,,
20231110660,2023,6,Gold Coast Titans,St. George Illawarra Dragons,1,20,18,0.602336083766,0.594973596304,0.602161919223,0.594780460732,22.6185505642,20.6580098695,22.6005689579,20.9938584524,True,1.5,0,0,0,0,0,1,,,Cbus Super Stadium,0,7.04166666667,7.34132554623,-1.0254998779,-0.00323594361246,,,,,,,
20231110670,2023,6,Newcastle Knights,New Zealand Warriors,1,34,24,0.536179119385,0.53277800697,0.53611598759,0.532709895853,20.6805291874,22.0747830181,20.8776685331,21.6682595642,True,-1.5,0,0,0,0,0,1,,,McDonald Jones Stadium,-3,1.04513888889,-10.3082903135,0.541870079233,0.0140970033163,,,,,,,
20231110680,2023,6,Wests Tigers,Parramatta Eels,0,22,28,0.39679582897,0.396469506566,0.396971383639,0.396679053091,20.3636426406,25.5088868761,20.3172237115,24.3249446208,True,-12.5,0,0,0,0,0,1,,,Accor Stadium,-2,-1.94097222222,-51.7267903463,-6.99621411167,0,,,,,,,
20231110710,2023,7,Dolphins,South Sydney Rabbitohs,0,14,36,0.397224121288,0.382345322489,0.397398990383,0.382581378615,18.9391726179,24.3167094525,19.1660078198,25.8798701426,True,-11.5,0,0,0,0,0,1,,,Suncorp Stadium,2,-0.163194444444,-20.7976875825,-3.74587964834,0.0100528230849,,,,,,,
20231110720,2023,7,Cronulla-Sutherland Sharks,Sydney Roosters,1,22,12,0.651946650772,0.623095387896,0.651697234709,0.62284933073,22.6127252683,18.8286753517,22.4560913226,19.2367367135,True,-2.5,0,0,0,0,0,1,,,Ocean Protect Stadium,-2,4.15625,0.747441048925,0.0529640514378,-0.00795001042137,,,,,,,
20231110730,2023,7,Manly-Warringah Sea Eagles,Melbourne Storm,1,18,8,0.373971622997,0.377122265371,0.374182863641,0.377367924835,18.2146180561,24.2269666725,18.3405064759,24.4489218346,True,-4.5,0,0,0,0,0,1,,,4 Pines Park,-1,-1.90277777778,-16.0592030994,-8.34859894823,0,,,,,,,
20231110740,2023,7,New Zealand Warriors,North Queensland Cowboys,1,22,14,0.540424143723,0.525759722791,0.540353665817,0.52570613662,21.0252275302,20.2118963052,20.8683523512,21.4275611782,True,-1.5,0,0,0,0,0,1,,,Go Media Stadium,4,-1.92708333333,-13.2612035663,-10.2540642472,-0.0107019392127,,,,,,,
20231110750,2023,7,Newcastle Knights,Penrith Panthers,0,15,16,0.303047282849,0.274737990034,0.303355389017,0.275141247058,18.1786777685,30.9265842974,18.2154714982,31.6098362267,True,-16.5,0,0,0,0,0,1,,,McDonald Jones Stadium,1,-1.03125,-62.1927052448,-14.1320570917,0.00730089429357,,,,,,,
20231110760,2023,7,Gold Coast Titans,Brisbane Broncos,0,26,43,0.319123428883,0.301784323418,0.319411828011,0.302152776162,18.9577423737,24.2967642176,18.9496151078,26.1118382084,True,-9.5,0,0,0,0,0,1,,,Cbus Super Stadium,-2,-0.854166666667,-38.1846091254,-5.24917309337,0,,,,,,,
20231110770,2023,7,Canberra Raiders,St. George Illawarra Dragons,1,20,14,0.564815825365,0.580271313431,0.564703600078,0.580106915691,21.7607238935,18.3266115515,21.626957843,19.7960850829,True,6.5,0,0,0,0,0,1,,,GIO Stadium,0,0.854166666667,-7.05655281656,3.61739680147,0.0220470137377,,,,,,,
20231110780,2023,7,Parramatta Eels,Canterbury-Bankstown Bulldogs,1,30,4,0.736524933444,0.712466992642,0.736175467698,0.712079465272,25.8253817407,16.4222458062,26.0389868361,17.4724362891,True,8.5,0,0,0,0,0,1,,,CommBank Stadium,-2,-2.99652777778,27.8783099472,5.02877129089,0.00649271595008,,,,,,,
20231110810,2023,8,South Sydney Rabbitohs,Penrith Panthers,1,20,18,0.493773656957,0.531995172298,0.493784558666,0.53192867887,19.6009807274,19.1439597949,19.308118654,19.9257628076,True,-5.5,0,0,0,0,0,1,,,Accor Stadium,-2,1.90277777778,-21.9474937012,-5.09411980945,-0.0180028335063,,,,,,,
20231110820,2023,8,Parramatta Eels,Brisbane Broncos,0,16,26,0.539128750017,0.489622248137,0.539060511751,0.489643868234,19.79204543,21.1395855897,19.7805758236,22.8515697146,True,-2.5,0,0,0,0,0,1,,,TIO Stadium,-2,-0.854166666667,-5.97081823116,0.491847671058,-0.0100528230849,,,,,,,
20231110830,2023,8,Canterbury-Bankstown Bulldogs,Cronulla-Sutherland Sharks,0,20,33,0.282664151659,0.285128971097,0.282994929105,0.285519558089,18.6979103061,28.090922262,18.614897978,28.0750185089,True,-14.5,0,0,0,0,0,1,,,Accor Stadium,-2,-1.92013888889,-47.9479706107,-8.47752309992,0,,,,,,,
20231110840,2023,8,North Queensland Cowboys,Newcastle Knights,1,18,16,0.678046335646,0.65303174057,0.677761559127,0.652733080649,24.0118413252,18.6770133185,24.0197729377,19.1836207436,True,4.5,0,0,0,0,0,1,,,Queensland Country Bank Stadium,-3,0.0208333333333,15.0280620353,7.81026693891,0.000345723055148,,,,,,,
20231110850,2023,8,Dolphins,Gold Coast Titans,1,28,26,0.617676196296,0.612486928539,0.617477811708,0.612260483191,23.2661987504,22.9292442814,23.3525637774,21.4370930995,True,1.5,0,0,0,0,0,1,,,Suncorp Stadium,0,1.98958333333,17.0930702965,4.0360216385,0.00714177380244,,,,,,,
20231110860,2023,8,Wests Tigers,Manly-Warringah Sea Eagles,0,16,22,0.426969374514,0.397960949466,0.427095435162,0.398167653645,19.7682441421,23.8406323175,19.4811546617,22.7783150422,True,-10.5,0,0,0,0,0,1,,,Campbelltown Sports Stadium,-5,4.16666666667,-34.6282039377,-3.90625853083,-0.0100717972026,,,,,,,
20231110870,2023,8,Sydney Roosters,St. George Illawarra Dragons,1,27,26,0.740425171337,0.750039253265,0.740072250493,0.749609706687,25.5613693926,16.1747514356,25.148825433,17.6981744807,True,12.5,0,0,0,0,0,1,,,Allianz Stadium,4,1.83333333333,23.1736692048,7.50855140333,-0.000822803023429,,,,,,,
20231110880,2023,8,Melbourne Storm,New Zealand Warriors,1,30,22,0.748475346558,0.737603470759,0.748115684257,0.737186396686,24.9368299431,15.5579809318,25.2488824036,17.0019753415,True,11.5,0,0,0,0,0,1,,,AAMI Park,-2,0.875,35.5971435007,10.9862003122,-0.0280936048266,,,,,,,
20231110910,2023,9,Cronulla-Sutherland Sharks,North Queensland Cowboys,1,44,6,0.784463345328,0.758082810811,0.784080610572,0.757646023687,25.5542336467,15.6324055467,25.3265818424,16.3269393037,True,10.5,0,0,0,0,0,1,,,Ocean Protect Stadium,2,0.0868055555556,28.2954693329,1.00543875886,0.00795001042137,,,,,,,
20231110920,2023,9,Parramatta Eels,Newcastle Knights,1,43,12,0.643544866026,0.653669432149,0.643307519584,0.653369700919,23.972807303,20.1425368305,24.5839207639,18.664905035,True,7.5,0,0,0,0,0,1,,,CommBank Stadium,1,1.00347222222,25.6649325575,5.5270371368,-0.00614699289493,,,,,,,
20231110930,2023,9,Brisbane Broncos,South Sydney Rabbitohs,0,6,32,0.48125409864,0.496400779808,0.481286893549,0.496408279996,19.9163898055,21.9401652712,20.0693359913,20.9629835725,True,-3.5,0,0,0,0,0,1,,,Suncorp Stadium,0,-0.986111111111,-16.4992669891,-3.37317490659,0.00795001042137,,,,,,,
20231110940,2023,9,Canberra Raiders,Dolphins,1,31,30,0.576547893162,0.57978481924,0.576415950516,0.579621383075,22.2662524936,20.1372971785,21.9748035319,20.8732516998,True,4.5,0,0,0,0,0,1,,,Other,2,7,-2.10371362934,0.0453927142777,0.0100717972026,,,,,,,
20231110950,2023,9,Manly-Warringah Sea Eagles,Gold Coast Titans,0,10,26,0.686087321535,0.669146143169,0.685792369877,0.668821117843,23.7504976012,19.0617427835,23.7472612518,18.941822147,True,4.5,0,0,0,0,0,1,,,4 Pines Park,1,-0.0868055555556,15.0889073455,2.77432991469,-0.0100528230849,,,,,,,
20231110960,2023,9,Penrith Panthers,Wests Tigers,0,8,12,0.782830099603,0.771304810592,0.782448140371,0.770857628634,27.8875246569,12.6470782747,27.3593427667,12.0141781113,True,17.5,0,0,0,0,0,1,,,Carrington Park,6,2.84375,89.1160547261,15.1322277164,-0.0100717972026,,,,,,,
20231110970,2023,9,New Zealand Warriors,Sydney Roosters,0,0,14,0.475095173633,0.495524130844,0.47513871203,0.495533457651,20.880542006,21.4658768664,20.5700270327,22.4515939584,True,-7.5,0,0,0,0,0,1,,,Go Media Stadium,0,-0.121527777778,-19.8654704446,-9.69558593295,-0.000345723055148,,,,,,,
20231110980,2023,9,St. George Illawarra Dragons,Canterbury-Bankstown Bulldogs,0,16,18,0.700454110268,0.695787427979,0.700141917851,0.695422378977,24.3869752768,17.748653249,24.4076312641,18.006119179,True,3.5,0,0,0,0,0,1,leadership_change,,WIN Stadium,0,-2.94097222222,24.5637744468,1.5101848088,0.0123337303573,28,leadership-dragons-2023-griffin-carr,effective,-3,home,dragons,1
20231111010,2023,10,Canterbury-Bankstown Bulldogs,Canberra Raiders,0,30,34,0.396878143336,0.382842685181,0.397053566285,0.38307782097,19.9382423392,21.7134929928,20.1083261418,21.2334343715,True,-4.5,0,0,0,0,0,1,,,Suncorp Stadium,-2,-1.04513888889,-30.1004796868,-3.66073778097,0,,,,,,,
20231111020,2023,10,Manly-Warringah Sea Eagles,Brisbane Broncos,0,6,32,0.392527404846,0.411629241561,0.392709761891,0.411809550663,19.4694075811,23.5874700089,19.6208432577,23.1293706031,True,-11.5,0,0,0,0,0,1,,,Suncorp Stadium,-1,-0.895833333333,-29.8367644753,-4.01541046663,0.0100717972026,,,,,,,
20231111030,2023,10,New Zealand Warriors,Penrith Panthers,0,6,18,0.317072453963,0.317272560735,0.317363450499,0.317618582661,18.8069439464,25.6968613379,18.9476695699,24.6217045296,True,-11.5,0,0,0,0,0,1,,,Suncorp Stadium,-2,-0.850694444444,-53.0414856273,-13.5847378792,-0.00406495068111,,,,,,,
20231111040,2023,10,Cronulla-Sutherland Sharks,Dolphins,0,16,36,0.833870343311,0.825342465173,0.833478620206,0.824875460976,27.0794631637,17.1734049473,26.5290218802,17.28279094,True,11.5,0,0,0,0,0,1,,,Suncorp Stadium,4,1.79861111111,29.9972402629,6.9545772505,0.0123147562396,,,,,,,
20231111050,2023,10,Melbourne Storm,South Sydney Rabbitohs,0,12,28,0.476521851503,0.485679557155,0.476562903349,0.48570938338,19.4117612129,22.5268107085,19.6245032724,20.6646917586,True,-1,0,0,0,0,0,1,,,Suncorp Stadium,0,3.04166666667,-22.7232282067,-0.0189521641233,-0.00323594361246,,,,,,,
20231111060,2023,10,Wests Tigers,St. George Illawarra Dragons,1,18,16,0.496857386037,0.514284077754,0.496862888865,0.514254327186,21.447218154,19.0342171128,21.2948211004,18.5720504287,True,-1.5,0,0,0,0,0,1,leadership_change,,Suncorp Stadium,0,0.854166666667,-34.4977997632,-3.13478448734,-0.0140970033163,28,leadership-dragons-2023-griffin-carr,effective,-2,away,dragons,1
20231111070,2023,10,Sydney Roosters,North Queensland Cowboys,0,6,20,0.680241188391,0.693232056427,0.679953598686,0.692870635747,24.5784321224,16.8360778749,24.3870036342,18.1637414313,True,12.5,0,0,0,0,0,1,,,Suncorp Stadium,4,-2.84027777778,13.7039544536,0.469933306679,-0.0150917842238,,,,,,,
20231111080,2023,10,Gold Coast Titans,Parramatta Eels,1,26,24,0.376822170622,0.342392010214,0.377029051509,0.34269830851,19.8231630296,24.8052562552,19.7400319263,25.4860288185,True,-7.5,0,0,0,0,0,1,,,Suncorp Stadium,-2,-0.979166666667,-31.0169535787,-6.30938372967,-0.00323594361246,,,,,,,
20231111110,2023,11,Melbourne Storm,Brisbane Broncos,1,24,16,0.57969023978,0.580270761993,0.579553064827,0.580106365343,21.9881472282,18.5125054332,22.1208629037,18.7774965831,True,2.5,0,0,0,0,0,1,,,AAMI Park,0,-0.986111111111,2.03160126857,2.17595015142,-0.00730089429357,,,,,,,
20231111120,2023,11,Canterbury-Bankstown Bulldogs,New Zealand Warriors,0,12,24,0.473501334336,0.4899905091,0.473547648947,0.490011362411,19.9881356998,20.5145773704,20.3195558472,21.1157471845,True,-2.5,0,0,0,0,0,1,,,Accor Stadium,0,0.875,-17.4230462425,0.798566151783,1.89741177173e-05,,,,,,,
20231111130,2023,11,Penrith Panthers,Sydney Roosters,1,48,4,0.74541334697,0.728735969409,0.745056185882,0.72832868411,24.9991704094,13.3986681333,24.0395453173,13.871851588,True,5.5,0,0,0,0,0,1,,,BlueBet Stadium,2,1.04166666667,19.2689399406,5.76208523369,-0.00277090290905,,,,,,,
20231111140,2023,11,South Sydney Rabbitohs,Wests Tigers,1,20,0,0.821522483428,0.810550433257,0.821130168143,0.81008484404,27.9700392572,14.2861157769,27.4686556726,14.1104022017,True,16.5,0,0,0,0,0,1,,,Accor Stadium,6,0.753472222222,80.3966226618,10.9367733788,-0.0100717972026,,,,,,,
20231111150,2023,11,North Queensland Cowboys,St. George Illawarra Dragons,1,42,22,0.600059970252,0.636455894812,0.599889461081,0.63618582719,22.8371141908,16.7091521446,22.9077782206,16.2602176861,True,6.5,0,0,0,0,0,1,leadership_change,,Queensland Country Bank Stadium,4,-0.0902777777778,-5.58005396882,6.28364115642,0.0175447276557,28,leadership-dragons-2023-griffin-carr,effective,-1,away,dragons,1
20231111160,2023,11,Canberra Raiders,Parramatta Eels,1,26,18,0.490447467843,0.485886777638,0.490464191043,0.485916172731,21.4918735472,22.6647721074,21.1348365104,23.3979507045,True,2.5,0,0,0,0,0,1,,,GIO Stadium,2,2.01736111111,-28.2798351249,-2.70287552696,0,,,,,,,
20231111170,2023,11,Newcastle Knights,Gold Coast Titans,1,46,26,0.582037484376,0.584391154895,0.581896415583,0.584218640292,22.505249733,21.91218349,22.4580275851,22.4373069173,True,1.5,0,0,0,0,0,1,,,McDonald Jones Stadium,-3,9.01736111111,0.97083050353,-1.72516456519,0.00212178678125,,,,,,,
20231111180,2023,11,Manly-Warringah Sea Eagles,Cronulla-Sutherland Sharks,0,14,20,0.317979571214,0.305160634318,0.318269421858,0.305524342696,19.1111001507,27.7132251609,19.247770354,27.2830356575,True,-4.5,0,0,0,0,0,1,,,4 Pines Park,-2,0.892361111111,-51.7206184069,-8.71276950488,0.0241498264012,,,,,,,
20231111210,2023,12,Brisbane Broncos,Penrith Panthers,0,4,15,0.427471187445,0.467832133612,0.427596406782,0.467898983961,18.831045177,23.7327936774,19.3850543529,22.7796441856,True,-7.5,0,0,0,0,0,1,,,Suncorp Stadium,0,1.00694444444,-11.2987840015,-9.49612878795,0,,,,,,,
20231111220,2023,12,St. George Illawarra Dragons,Sydney Roosters,1,24,22,0.545585028821,0.468483918741,0.545505647636,0.468549421827,21.0520225452,17.9718834292,21.324931523,18.6245944423,True,-6.5,1,0,1,1,1,1,leadership_change,0,Other,-4,-0.895833333333,-19.1244766185,-4.81345252344,-0.00226193315466,28,leadership-dragons-2023-griffin-carr,effective,0,home,dragons,1
20231111230,2023,12,South Sydney Rabbitohs,Parramatta Eels,0,16,36,0.797449582934,0.790908276804,0.79706169223,0.790449420211,26.1821519582,14.4854016114,25.2967527009,14.9089365792,True,8.5,0,0,0,0,0,1,,,Allianz Stadium,6,0.190972222222,32.825777353,3.57262189437,-0.00795001042137,,,,,,,
20231111240,2023,12,Cronulla-Sutherland Sharks,Newcastle Knights,1,26,6,0.831448046553,0.815269750155,0.831056043179,0.814803351242,26.9560512684,17.8776604608,26.6389670472,17.7365493308,True,8.5,0,0,0,0,0,1,,,Other,4,-0.0868055555556,44.3564863677,8.86099171324,-0.0100717972026,,,,,,,
20231111250,2023,12,Wests Tigers,North Queensland Cowboys,1,66,18,0.506164134278,0.480911043566,0.506153341469,0.480950784666,21.1698853293,21.0683988938,20.7693277595,20.3330407338,True,-2.5,0,0,0,0,0,1,,,Leichhardt Oval,-2,0.104166666667,-21.4909953186,-10.6102753011,0.00618673746235,,,,,,,
20231111260,2023,12,Dolphins,Melbourne Storm,0,16,24,0.470678583141,0.480687627592,0.470729809838,0.480727832901,19.4210620542,23.4026281006,19.1120246023,22.9020230261,True,-6.5,0,0,0,0,0,1,,,Suncorp Stadium,0,5.09722222222,-17.9027479487,-4.35225392184,0.018021807624,,,,,,,
20231111270,2023,12,Canterbury-Bankstown Bulldogs,Gold Coast Titans,1,20,18,0.507901081385,0.520560580789,0.507887248246,0.52051778258,20.6444206763,24.7985657657,20.8411821293,22.70353584,True,-1.5,0,0,0,0,0,1,leadership_change,,Accor Stadium,-2,1.83333333333,-24.4024693739,-0.762481614865,-0.0160529372887,29,leadership-titans-2023-holbrook-lenihan,effective,-3,away,titans,1
20231111280,2023,12,Canberra Raiders,Manly-Warringah Sea Eagles,0,14,42,0.706250948636,0.701860471655,0.705932161967,0.701486992017,24.4780551793,16.877030955,24.0854173538,16.651556912,True,3.5,0,0,0,0,0,1,,,GIO Stadium,6,0.854166666667,17.5562603272,2.67953604484,-0.00795001042137,,,,,,,
20231111310,2023,13,Dolphins,St. George Illawarra Dragons,1,26,12,0.755241590515,0.747015772781,0.754876683507,0.746589118865,25.9645030703,17.9129899647,25.9357721111,18.3964118567,True,6.5,0,1,1,1,1,1,leadership_change,1,Kayo Stadium,2,-1.06597222222,29.9538444693,1.88231885249,0,28,leadership-dragons-2023-griffin-carr,effective,1,away,dragons,1
20231111320,2023,13,Parramatta Eels,North Queensland Cowboys,1,24,16,0.794478650441,0.752096856565,0.794091777259,0.751665394222,26.8718394081,17.7096933254,25.936878908,18.0877715727,True,15.5,0,0,0,0,0,1,,,CommBank Stadium,-2,0.895833333333,14.0837955542,-0.0881446680037,0.00795001042137,,,,,,,
20231111330,2023,13,New Zealand Warriors,Brisbane Broncos,0,22,26,0.438162356653,0.426003484661,0.438269534711,0.426155432129,20.2856095993,20.2690916766,20.3790859719,20.0561040007,True,7.5,0,0,0,0,0,1,,,Other,0,6.07638888889,-33.107945471,-5.91541871637,0,,,,,,,
20231111340,2023,13,South Sydney Rabbitohs,Canberra Raiders,0,26,33,0.727699514109,0.759740090459,0.727358303503,0.759301895743,25.134600628,16.6564901796,25.4532415389,16.8803827088,True,2.5,0,0,0,0,0,1,,,Accor Stadium,0,1.83680555556,52.4164132334,4.81843445677,-0.0185076770526,,,,,,,
20231111350,2023,13,Newcastle Knights,Manly-Warringah Sea Eagles,1,28,18,0.658143734503,0.671916371151,0.657885619944,0.67158696815,23.8363763383,20.579265666,23.6906492259,20.9524399361,True,10.5,0,0,0,0,0,1,,,McDonald Jones Stadium,-2,1.04513888889,10.8670982878,-3.11135273473,0.0100717972026,,,,,,,
20231111410,2023,14,Wests Tigers,Canberra Raiders,0,19,20,0.649531060195,0.601559765726,0.649285082365,0.601353976607,23.0419912197,19.2521011716,22.3929562601,19.9064124366,True,-2.5,0,0,0,0,0,1,,,Campbelltown Sports Stadium,-2,7.08680555556,-15.4720166142,-3.33802504299,0.00210281266353,,,,,,,
20231111420,2023,14,New Zealand Warriors,Dolphins,1,30,8,0.524732363728,0.518964891145,0.524689125842,0.518925407839,21.5188086444,21.5190580344,21.3975291225,20.2429310084,True,8.5,0,0,0,0,0,1,,,Go Media Stadium,-4,-1.98611111111,-15.1520990724,-4.5996435965,0.00402520611368,,,,,,,
20231111430,2023,14,Gold Coast Titans,South Sydney Rabbitohs,0,28,46,0.318823077683,0.294444483903,0.319111858653,0.294822957038,19.258424543,25.653172246,19.5850593343,25.9755500509,True,-8.5,0,0,0,0,0,1,leadership_change,,Cbus Super Stadium,-2,6.23263888889,-55.7127008816,-7.28600578772,-0.00795001042137,29,leadership-titans-2023-holbrook-lenihan,effective,-2,home,titans,1
20231111440,2023,14,Cronulla-Sutherland Sharks,Brisbane Broncos,0,12,20,0.76590909455,0.753184446153,0.765536740793,0.752751988681,24.5450681549,17.6178315918,24.4393166897,17.0198892621,True,4.5,0,0,0,0,0,1,,,Ocean Protect Stadium,4,7.1875,5.7431119126,4.3239457126,0.0201246202875,,,,,,,
20231111450,2023,14,Sydney Roosters,Canterbury-Bankstown Bulldogs,1,25,24,0.661804659491,0.668532896945,0.661541491406,0.668208847072,23.6430501741,16.8552708212,23.8638169194,18.2614762613,True,10.5,0,0,0,0,0,1,,,Other,0,1.83333333333,22.9474633369,4.5835441638,0.0241895709686,,,,,,,
20231111460,2023,14,North Queensland Cowboys,Melbourne Storm,1,45,20,0.389612414066,0.375414881324,0.389799384271,0.375663655116,19.2058361889,27.3076470653,18.8563130069,27.7007855144,True,-7.5,0,0,0,0,0,1,,,Queensland Country Bank Stadium,-2,-6.01736111111,-40.2331015853,-1.26123050817,-0.0173794238139,,,,,,,
20231111470,2023,14,Penrith Panthers,St. George Illawarra Dragons,1,26,18,0.856224043846,0.834496188311,0.855838986631,0.834030028697,28.8560129581,11.4545574079,28.2693497186,11.5750636423,True,18.5,0,1,1,1,1,1,leadership_change,2,BlueBet Stadium,4,7,70.918717148,13.8997732581,-0.0109056819816,28,leadership-dragons-2023-griffin-carr,effective,2,away,dragons,1
20231111510,2023,15,Gold Coast Titans,Wests Tigers,1,28,12,0.470535677499,0.434404572418,0.470587152709,0.4345396983,20.7517824718,23.3525639251,20.9792109104,23.2054545542,True,1.5,0,0,0,0,0,1,leadership_change,,Cbus Super Stadium,-2,-0.895833333333,-12.1668053209,-0.475581539663,0.0141367478837,29,leadership-titans-2023-holbrook-lenihan,effective,-1,home,titans,1
20231111520,2023,15,Canberra Raiders,New Zealand Warriors,0,14,36,0.544326983034,0.56981819843,0.544249769165,0.569674596508,21.6547176541,20.9666395506,22.3350253835,20.9757694867,True,5.5,0,0,0,0,0,1,,,GIO Stadium,4,0.875,4.23250240383,3.49749150938,0,,,,,,,
20231111530,2023,15,Manly-Warringah Sea Eagles,Dolphins,1,58,18,0.549772449712,0.556551784772,0.549685869508,0.556434940515,21.3873548689,20.8344613262,21.459937272,20.5951327431,True,9.5,0,0,0,0,0,1,,,4 Pines Park,-2,6.03819444444,-14.3175706142,-1.42758791299,2.77555756156e-17,,,,,,,
20231111540,2023,15,St. George Illawarra Dragons,South Sydney Rabbitohs,1,36,30,0.295464189647,0.307910196712,0.295781047789,0.308269980344,19.5635028936,26.5510514657,19.3017119707,27.2015323855,True,-3.5,0,0,0,0,0,1,leadership_change,,Other,-4,-1.03125,-55.0202865849,-8.93627051681,0.000669886577509,28,leadership-dragons-2023-griffin-carr,effective,3,home,dragons,1
20231111550,2023,15,Brisbane Broncos,Newcastle Knights,1,24,20,0.816375946523,0.785814185653,0.81598397975,0.785357909833,27.0403214993,16.0966200127,26.4059522517,17.1782411669,True,12.5,0,0,0,0,0,1,,,Suncorp Stadium,2,-6.14583333333,31.4382701781,5.5336188349,0.000140146373416,,,,,,,
20231111560,2023,15,Sydney Roosters,Penrith Panthers,0,6,30,0.314201105387,0.296256863916,0.314495698382,0.296632900865,18.2304095524,27.049640454,18.3494060065,26.8235434656,True,-4.5,0,0,0,0,0,1,,,Allianz Stadium,-4,0.177083333333,-65.2649397027,-9.66271289183,0.0040441802314,,,,,,,
20231111570,2023,15,Melbourne Storm,Cronulla-Sutherland Sharks,1,54,10,0.374296644677,0.382295783437,0.374507389715,0.382531931177,20.1786419536,23.7964806781,20.2460092931,22.5911976961,True,4.5,0,0,0,0,0,1,,,AAMI Park,0,-0.854166666667,-8.34233936269,-0.923844149452,-0.0222464070688,,,,,,,
20231111580,2023,15,Canterbury-Bankstown Bulldogs,Parramatta Eels,0,12,34,0.291815018321,0.293024518085,0.292135956547,0.293404882157,19.3475646833,27.0787982366,19.3119464948,28.1410558735,True,-6.5,0,0,0,0,0,1,,,Accor Stadium,-2,-8.75,-58.7882576908,-7.78164494644,0.0161998159798,,,,,,,
20231111610,2023,16,North Queensland Cowboys,Penrith Panthers,1,27,23,0.307414479899,0.339445195523,0.307717383559,0.339756350366,18.7758573238,24.3754297378,18.6776657233,23.693284002,True,1.5,0,0,0,0,0,1,,,Queensland Country Bank Stadium,-4,6.14583333333,-69.8209318895,-4.24836919175,0.00614699289493,,,,,,,
20231111620,2023,16,Newcastle Knights,Sydney Roosters,0,16,18,0.658876020065,0.674772670641,0.65861688952,0.674438803965,24.4507376596,17.3457560442,24.0409179904,17.9545224661,True,6.5,0,0,0,0,0,1,,,McDonald Jones Stadium,2,0.0868055555556,4.444110511,-4.13208170531,-0.0140970033163,,,,,,,
20231111630,2023,16,Parramatta Eels,Manly-Warringah Sea Eagles,1,34,4,0.797065393221,0.789119110948,0.796677628551,0.788661123265,26.4666572913,19.0922974933,25.5074337949,18.2590382803,True,4.5,0,0,0,0,0,1,,,CommBank Stadium,2,-2.83333333333,36.3330024653,2.43627669195,0.0111859540338,,,,,,,
20231111640,2023,16,Wests Tigers,Melbourne Storm,0,6,28,0.46631761659,0.485613185515,0.46637641905,0.485643149826,20.2991260076,23.9926384026,19.6147720949,25.6588342421,True,-6.5,0,0,0,0,0,1,,,Campbelltown Sports Stadium,-2,2.84375,-11.349352194,-8.22566469914,0.018021807624,,,,,,,
20231111650,2023,16,Cronulla-Sutherland Sharks,Canterbury-Bankstown Bulldogs,1,48,10,0.817496060908,0.818017980104,0.817103989475,0.817551261993,27.972979739,15.8664499213,27.9882480711,16.704095269,True,18.5,0,0,0,0,0,1,,,Ocean Protect Stadium,2,0.996527777778,52.8375411447,9.48632318164,0.0241498264012,,,,,,,
20231111710,2023,17,St. George Illawarra Dragons,New Zealand Warriors,0,18,48,0.499976657446,0.481083168402,0.499976698321,0.481122551843,20.0125908557,23.5260034172,20.2051177058,22.5335177117,True,-6.5,0,0,0,0,0,1,,,WIN Stadium,-2,-0.875,-20.9246816951,-0.782872747814,0,,,,,,,
20231111720,2023,17,Dolphins,Parramatta Eels,0,20,48,0.224939880586,0.230073572172,0.225317778291,0.230519761425,19.6422010487,29.7610922837,19.4575095091,29.435886184,True,-7.5,0,0,0,0,0,1,,,Sunshine Coast Stadium,-4,7.89583333333,-32.5587016853,-4.3561080536,-0.00549787676713,,,,,,,
20231111730,2023,17,Penrith Panthers,Newcastle Knights,1,20,12,0.733207012478,0.739643073509,0.73286058017,0.739223851179,25.5848343105,15.3123674556,25.6813631545,14.6242104384,True,4.5,0,0,0,0,0,1,,,BlueBet Stadium,4,0.791666666667,61.0823362164,13.7176255388,-0.0549722596933,,,,,,,
20231111740,2023,17,Melbourne Storm,Manly-Warringah Sea Eagles,1,24,6,0.791067841656,0.770892651627,0.790682256731,0.770445764229,27.2755937746,16.1667904627,26.7209363316,16.9681725175,True,11.5,0,0,0,0,0,1,,,AAMI Park,4,-0.0868055555556,18.6267517969,7.0370395252,0.00390583018997,,,,,,,
20231111750,2023,17,Brisbane Broncos,Gold Coast Titans,0,12,18,0.812802964706,0.811186331457,0.812411436979,0.810720614135,26.6479324668,18.6477176733,26.5264036359,19.1617068269,True,12.5,0,1,1,1,1,1,leadership_change,0,Suncorp Stadium,2,-1.90277777778,42.5686457225,4.53517429473,0.0241688005189,29,leadership-titans-2023-holbrook-lenihan,effective,0,away,titans,1
20231111760,2023,17,South Sydney Rabbitohs,North Queensland Cowboys,0,6,31,0.777086811951,0.735279118263,0.776707796431,0.73486454005,25.7730437982,21.3153866624,25.6347570422,21.0655763739,True,7.5,0,0,0,0,0,1,,,Accor Stadium,-2,6.20833333333,41.5071882824,2.24445224471,0.0323054341989,,,,,,,
20231111770,2023,17,Sydney Roosters,Canberra Raiders,0,18,20,0.491033124114,0.482077463342,0.491048822484,0.482114780374,20.8150350633,22.0956754524,21.2295553129,21.6388955535,True,4.5,0,0,0,0,0,1,,,Allianz Stadium,-2,-7.875,-14.5220790726,0.663732315557,-0.0241688005189,,,,,,,
20231111810,2023,18,Cronulla-Sutherland Sharks,St. George Illawarra Dragons,1,52,16,0.835126236329,0.816171505157,0.834734690994,0.815704989006,27.7386019097,17.423705422,27.4318695515,19.1188905221,True,18.5,0,0,0,0,0,1,,,Ocean Protect Stadium,2,5.16319444444,13.8016941706,8.72705698991,0.0100717972026,,,,,,,
20231111820,2023,18,New Zealand Warriors,South Sydney Rabbitohs,0,6,28,0.687693575103,0.64519248082,0.687396634829,0.644907168117,22.2269937099,18.7834073202,21.9499143053,20.5287886206,True,4.5,0,0,0,0,0,1,,,Go Media Stadium,6,1.83680555556,-15.9685334218,-5.73490799106,0.0219086636962,,,,,,,
20231111830,2023,18,Melbourne Storm,Penrith Panthers,0,16,34,0.56597328728,0.560959584001,0.565859104744,0.560833808489,20.3393949798,18.4945974989,20.2969407521,19.1571799972,True,1.5,0,0,0,0,0,1,,,Other,0,-0.0868055555556,-13.8078553686,-4.75425907047,0,,,,,,,
20231111840,2023,18,Canberra Raiders,Gold Coast Titans,1,26,22,0.527105507506,0.543240313094,0.527058136363,0.543150652776,21.3827988804,22.1758729699,21.9468166581,21.1719113071,True,3.5,0,1,1,1,1,1,leadership_change,1,GIO Stadium,2,-0.177083333333,-0.821604725387,2.89683303704,-0.00274519647358,29,leadership-titans-2023-holbrook-lenihan,effective,1,away,titans,1
20231111850,2023,18,North Queensland Cowboys,Wests Tigers,1,74,0,0.775673024374,0.775988449632,0.775294784335,0.775538058308,26.4027518055,16.4559299118,26.077430978,15.846117467,True,16.5,0,0,0,0,0,1,,,Queensland Country Bank Stadium,4,-7.85416666667,15.1885665987,10.0404568806,-0.00683585359016,,,,,,,
20231111860,2023,18,Brisbane Broncos,Dolphins,1,24,16,0.760623746996,0.758013166669,0.760254954108,0.757576439337,25.8936983365,17.8554435285,25.9512113413,17.3551896658,True,9.5,0,0,0,0,0,1,,,Other,4,-0.958333333333,40.4957824586,3.115475635,-0.00175708960838,,,,,,,
20231111870,2023,18,Canterbury-Bankstown Bulldogs,Newcastle Knights,0,0,66,0.458673503733,0.463688321005,0.458745540619,0.463763725717,20.4873418883,25.2945701297,20.5553383321,23.5472647461,True,-2.5,0,0,0,0,0,1,,,Accor Stadium,0,6.05902777778,-23.6287348854,-1.81233694957,-0.00212178678125,,,,,,,
20231111880,2023,18,Manly-Warringah Sea Eagles,Sydney Roosters,1,18,16,0.624563623906,0.640177675027,0.624354619833,0.639901066898,23.4008957156,19.2051520131,23.5510366925,19.3403518082,True,4.5,0,0,0,0,0,1,,,4 Pines Park,0,0.944444444444,13.2764769246,-3.66853321502,0.0342423940535,,,,,,,
20231111910,2023,19,Wests Tigers,Cronulla-Sutherland Sharks,0,12,36,0.192221375696,0.213205623004,0.192612020383,0.213662420878,18.1516095834,33.6235641251,18.2556545399,32.6103943729,True,-24.5,0,0,0,0,0,1,,,CommBank Stadium,-4,-1.90277777778,-35.4456503707,-13.7221977443,-0.0100528230849,,,,,,,
20231111920,2023,19,St. George Illawarra Dragons,Canberra Raiders,0,26,36,0.391426388736,0.407161803332,0.391610491347,0.407350805681,20.8192634885,25.8438587594,20.5520842966,25.3070651907,True,-10.5,0,0,0,0,0,1,,,WIN Stadium,-6,1.79861111111,-9.76505873603,-4.47577448686,-0.00291104928247,,,,,,,
20231111930,2023,19,Parramatta Eels,New Zealand Warriors,0,10,46,0.758194389671,0.749074177479,0.75782731879,0.748645544244,24.5220587209,18.0612726158,24.2891125649,17.9801860715,True,-5.5,0,0,0,0,0,1,,,CommBank Stadium,4,6.20833333333,18.1504546697,7.25049254609,0,,,,,,,
20231111940,2023,19,South Sydney Rabbitohs,Canterbury-Bankstown Bulldogs,0,32,36,0.731136764668,0.737095080471,0.730792268176,0.736678547983,27.1195966823,15.34483227,27.1544236005,15.7896616447,True,4.5,0,0,0,0,0,1,,,Accor Stadium,2,1.75,59.9323804798,10.8415706058,-0.00614699289493,,,,,,,
20231111950,2023,19,Gold Coast Titans,Dolphins,0,21,23,0.70495647575,0.609598194151,0.704639142836,0.609377166545,25.3145736199,19.3474360717,25.0412807926,19.6383867054,True,4.5,1,0,1,1,1,1,leadership_change,2,Cbus Super Stadium,2,0.190972222222,20.4795215733,0.446130836953,0.010211943576,29,leadership-titans-2023-holbrook-lenihan,effective,2,home,titans,1
20231112010,2023,20,Newcastle Knights,Wests Tigers,1,34,18,0.805349515597,0.791552597543,0.804959406701,0.791093438096,27.4669068453,15.141331913,27.7224726127,15.6239989974,True,12.5,0,0,0,0,0,1,,,McDonald Jones Stadium,4,4.24305555556,40.878749644,5.42355038628,-0.0100528230849,,,,,,,
20231112020,2023,20,Canterbury-Bankstown Bulldogs,Brisbane Broncos,0,24,44,0.347776483108,0.347991637622,0.348026291567,0.348288573672,19.8907224236,28.5755556611,19.6736073324,28.1310407997,True,-6.5,0,0,0,0,0,1,,,Belmore Sports Ground,-6,-7,-85.6467421136,-8.77680865172,0.00438990328655,,,,,,,
20231112030,2023,20,Manly-Warringah Sea Eagles,North Queensland Cowboys,0,8,19,0.295036797396,0.31392430979,0.295354137894,0.314275322606,19.9840891781,31.5293758042,19.8358861935,30.1691275841,True,-4.5,0,0,0,0,0,1,,,4 Pines Park,-4,-0.940972222222,-22.0027667895,-8.53500707347,0,,,,,,,
20231112040,2023,20,Sydney Roosters,Melbourne Storm,0,16,30,0.320999168237,0.321221684704,0.321285171403,0.321561723752,18.323962516,25.8888120824,18.2636080566,24.739638607,True,-5.5,0,0,0,0,0,1,,,Sydney Cricket Ground,-2,-1.83680555556,-53.2604060853,-5.93198499042,1.89741177173e-05,,,,,,,
20231112050,2023,20,New Zealand Warriors,Cronulla-Sutherland Sharks,1,44,12,0.562055532526,0.567595032188,0.561947984669,0.567455887593,20.9324662296,23.206558889,20.6083514906,24.524701914,True,1.5,0,0,0,0,0,1,,,Go Media Stadium,2,-1.90277777778,-15.2968062918,-7.82572565535,-0.00795001042137,,,,,,,
20231112060,2023,20,Dolphins,Penrith Panthers,0,14,24,0.301677672274,0.289891491756,0.301987385928,0.290275972049,19.2335226748,30.8029439033,19.1305901495,29.4146518502,True,-11.5,0,0,0,0,0,1,,,Kayo Stadium,-6,-8.83680555556,-69.3505557087,-11.2689758998,0.0142309663391,,,,,,,
20231112070,2023,20,Parramatta Eels,Gold Coast Titans,1,25,24,0.796295051593,0.784214414225,0.795907544618,0.783759016176,26.3472232265,17.4896298686,26.5357663275,16.7367438541,True,11.5,0,0,0,0,0,1,leadership_change,,CommBank Stadium,4,0.940972222222,55.6025447271,5.8937724593,0.0306884702693,29,leadership-titans-2023-holbrook-lenihan,effective,3,away,titans,1
20231112110,2023,21,St. George Illawarra Dragons,Wests Tigers,1,18,14,0.713000146824,0.709224026368,0.712673960093,0.708840700261,26.5157461266,19.8876181329,27.0556835019,20.2570899584,True,4.5,0,0,0,0,0,1,,,WIN Stadium,2,7,17.9950808306,3.75148902651,0.0140970033163,,,,,,,
20231112120,2023,21,New Zealand Warriors,Canberra Raiders,1,21,20,0.793215429484,0.783473024536,0.792829018578,0.783018044025,26.2508760889,15.9294406948,26.4023948724,16.0870561366,True,6.5,0,0,0,0,0,1,,,Go Media Stadium,0,-8.83333333333,41.7859007674,-0.161177834729,-0.0212577512365,,,,,,,
20231112130,2023,21,South Sydney Rabbitohs,Brisbane Broncos,0,20,36,0.688040043775,0.668905717257,0.687742676518,0.668581074088,22.947150669,22.4244450855,23.4210925928,21.6755340287,True,-0.5,0,0,0,0,0,1,,,Sunshine Coast Stadium,-4,6.80902777778,11.3173889393,3.13442395964,-0.0144427263714,,,,,,,
20231112140,2023,21,Gold Coast Titans,Sydney Roosters,0,18,36,0.674274466065,0.662177761023,0.673994585183,0.661863952675,25.1514217931,18.5225896163,24.3794047877,19.0423584432,True,-3.5,0,0,0,0,0,1,,,Cbus Super Stadium,2,-0.944444444444,5.41438361093,-3.10677798386,0.0108610597038,,,,,,,
20231112150,2023,21,Newcastle Knights,Melbourne Storm,1,26,18,0.571050934296,0.514155549271,0.570928195675,0.514126066113,20.3656534208,21.594887678,19.8493666537,23.4298830454,True,-8.5,0,0,0,0,0,1,,,McDonald Jones Stadium,-4,0.982638888889,-11.0669856213,-8.29494591838,0.00323594361246,,,,,,,
20231112160,2023,21,North Queensland Cowboys,Parramatta Eels,1,24,16,0.741126188585,0.714763857988,0.740772659616,0.714373406387,24.9046388651,17.2769123076,24.1956783548,16.0218877476,True,7.5,0,0,0,0,0,1,,,Queensland Country Bank Stadium,2,1.03125,15.8717627862,3.38390897592,0.0100528230849,,,,,,,
20231112170,2023,21,Penrith Panthers,Canterbury-Bankstown Bulldogs,1,44,18,0.84553852438,0.847450715699,0.845149333321,0.846988183518,31.2424645115,12.9434577074,31.1833469862,13.5557095125,True,29.5,0,0,0,0,0,1,,,BlueBet Stadium,6,-1.04513888889,111.11200841,17.5795210953,0.0171990046006,,,,,,,
20231112180,2023,21,Cronulla-Sutherland Sharks,Manly-Warringah Sea Eagles,0,26,30,0.777107495645,0.744082479864,0.776728468927,0.743658719217,25.8212071522,16.6081698395,25.4475406798,17.0608053771,True,9.5,0,0,0,0,0,1,,,Ocean Protect Stadium,2,-0.9375,37.8856598078,7.08419354552,-0.0100717972026,,,,,,,
20231112210,2023,22,Brisbane Broncos,Sydney Roosters,1,32,10,0.76084585637,0.732969813738,0.760476908697,0.732557764874,25.6319214294,16.8021789791,25.5483826046,17.894363475,True,8.5,0,0,0,0,0,1,,,Other,4,0.791666666667,33.4444850198,0.934510134366,-0.0140970033163,,,,,,,
20231112220,2023,22,Wests Tigers,South Sydney Rabbitohs,0,18,32,0.320200938167,0.310348178543,0.320487963322,0.310704437152,19.6537757879,28.1179356151,19.8304742147,28.6104902857,True,-22.5,0,0,0,0,0,1,,,Other,-2,1.00694444444,-64.5979331439,-11.588639639,0,,,,,,,
20231112230,2023,22,Melbourne Storm,Parramatta Eels,1,46,16,0.641483946011,0.626729804947,0.641249606786,0.626477137056,23.7569420803,17.8393583159,23.6710535893,18.8283126899,True,6.5,0,0,0,0,0,1,,,Other,0,0.0868055555556,6.67489556163,2.49477131783,-0.00323594361246,,,,,,,
20231112240,2023,22,Canberra Raiders,Newcastle Knights,0,6,28,0.4755203304,0.483762794755,0.475563127938,0.48379660789,20.931522315,23.5022249632,21.0330527299,22.41349894,True,3.5,0,0,0,0,0,1,,,GIO Stadium,0,0.895833333333,-25.4528571643,1.90201015874,0,,,,,,,
20231112250,2023,22,St. George Illawarra Dragons,Manly-Warringah Sea Eagles,0,18,24,0.419775883804,0.440988306767,0.419913945515,0.441110140117,20.7650373489,23.0608450365,20.658245933,23.0257889358,True,-7.5,0,0,0,0,0,1,,,WIN Stadium,0,2.84375,-28.6784861869,-1.34071840599,-0.0100717972026,,,,,,,
20231112260,2023,22,Penrith Panthers,Cronulla-Sutherland Sharks,1,28,0,0.79613970197,0.773559705033,0.795752247766,0.773110946141,26.0328432875,14.1689670537,25.9144027926,14.5283696568,True,16.5,0,0,0,0,0,1,,,BlueBet Stadium,2,0.0868055555556,31.4543846024,5.70180719584,0.0105576666312,,,,,,,
20231112270,2023,22,Canterbury-Bankstown Bulldogs,Dolphins,1,23,22,0.365164144298,0.386495735648,0.365388663251,0.386724081334,22.1174898737,29.6835724942,22.3552320459,28.0188858867,True,-4.5,0,0,0,0,0,1,,,Other,0,-6.91319444444,-39.0356466517,-4.3454317509,-0.0303555379813,,,,,,,
20231112280,2023,22,Gold Coast Titans,North Queensland Cowboys,1,22,13,0.297183440038,0.281870652078,0.29749834592,0.282265310094,19.9237671942,33.3386830629,19.6403877116,31.9682605584,True,-9.5,0,0,0,0,0,1,,,Cbus Super Stadium,-8,0.190972222222,-51.0469912265,-8.26169974216,0,,,,,,,
20231112310,2023,23,Sydney Roosters,Manly-Warringah Sea Eagles,1,26,16,0.558180037519,0.557559669055,0.558079079242,0.557440779229,21.3670421293,18.9001598378,21.3274392577,19.9701749533,True,4.5,0,0,0,0,0,1,,,Sydney Cricket Ground,-4,1.90277777778,-6.28403228835,3.44493758631,-0.00829573347652,,,,,,,
20231112320,2023,23,Gold Coast Titans,New Zealand Warriors,0,18,28,0.291420829697,0.277722737302,0.291742203419,0.27812244899,19.0559918634,28.5948911196,19.1779658998,28.2013275343,True,-9.5,0,0,0,0,0,1,,,Cbus Super Stadium,-6,-8.83680555556,-61.8228114796,-2.49848977485,-0.0123209395902,,,,,,,
20231112330,2023,23,Penrith Panthers,Melbourne Storm,1,26,6,0.78293302206,0.775197781665,0.782551013143,0.774747914192,24.6248014804,15.632217724,23.9326473023,16.194589368,True,13.5,0,0,0,0,0,1,,,BlueBet Stadium,4,-0.982638888889,22.5757693199,6.09219063799,0.0301774433724,,,,,,,
20231112340,2023,23,North Queensland Cowboys,Brisbane Broncos,0,14,30,0.687497954683,0.675030216877,0.687201255797,0.67469595025,23.7101826429,19.9663717472,24.0979259435,19.3529038498,True,-1.5,0,0,0,0,0,1,,,Queensland Country Bank Stadium,0,-2.84375,22.7737002687,2.82239504,0.0100717972026,,,,,,,
20231112350,2023,23,Dolphins,Newcastle Knights,0,28,30,0.358977702182,0.337263031742,0.359211365341,0.337577750846,20.4962800164,31.7535014666,20.5149494046,29.6042506737,True,-10.5,0,0,0,0,0,1,,,Other,-6,-0.958333333333,-42.1884266177,-0.371051651698,-0.00829573347652,,,,,,,
20231112360,2023,23,South Sydney Rabbitohs,Cronulla-Sutherland Sharks,0,16,26,0.691894036642,0.676317367668,0.691591967304,0.675981108526,23.8959054616,21.2846534272,23.6539092638,21.9520281721,True,13.5,0,0,0,0,0,1,,,Other,0,1.06597222222,-6.47870964172,0.663205712297,0.00808395274957,,,,,,,
20231112370,2023,23,Parramatta Eels,St. George Illawarra Dragons,1,26,20,0.799291165652,0.818357573566,0.798902693917,0.817890823922,30.209838126,16.7393959712,30.5393788006,17.242040324,True,16.5,0,0,0,0,0,1,,,CommBank Stadium,2,0.895833333333,58.9558490158,5.9484972135,0.0241688005189,,,,,,,
20231112380,2023,23,Canberra Raiders,Wests Tigers,1,22,18,0.763920196011,0.774175237701,0.763549152055,0.773726058571,27.866904806,16.3687937842,27.8816397999,16.6025463232,True,11.5,0,0,0,0,0,1,,,GIO Stadium,6,-0.875,48.6630188246,5.95186386437,0.00323594361246,,,,,,,
20231112410,2023,24,Manly-Warringah Sea Eagles,Penrith Panthers,0,12,24,0.230595831719,0.214025759388,0.230970397456,0.214482121275,17.5088937554,31.1940110848,17.7185484726,29.7700865929,True,-16.5,0,0,0,0,0,1,,,4 Pines Park,-4,1.00694444444,-60.331850613,-14.3983829577,0.0282147770823,,,,,,,
20231112420,2023,24,Cronulla-Sutherland Sharks,Gold Coast Titans,1,36,6,0.781925144893,0.760041321676,0.781543627222,0.759602874265,26.939011668,18.1339866366,27.4845796932,18.2578493709,True,9.5,0,0,0,0,0,1,,,Ocean Protect Stadium,2,-0.982638888889,11.0352389247,7.60938617207,0,,,,,,,
20231112430,2023,24,Brisbane Broncos,Parramatta Eels,1,54,10,0.723499513885,0.725698815019,0.723162437713,0.725295045649,24.9455901772,17.3780744654,24.5346534938,17.730165518,True,10.5,0,0,0,0,0,1,,,Other,6,0.958333333333,17.9727732112,1.75032638775,0,,,,,,,
20231112440,2023,24,South Sydney Rabbitohs,St. George Illawarra Dragons,1,26,14,0.852232663058,0.840410574113,0.851845850132,0.839945705258,30.7598078008,17.2543257334,30.1844277303,17.3082871993,True,18.5,0,0,0,0,0,1,,,Other,2,0.850694444444,42.4017490623,8.32997390366,-0.0100717972026,,,,,,,
20231112450,2023,24,Wests Tigers,New Zealand Warriors,0,22,30,0.235342712337,0.231233106798,0.235714245988,0.231678444222,18.5933744945,28.8331363763,18.7620685536,30.0472476604,True,-15.5,0,0,0,0,0,1,,,Other,-8,-1.92013888889,-92.0879567627,-7.87045629293,0,,,,,,,
20231112460,2023,24,Sydney Roosters,Dolphins,1,30,14,0.604708658178,0.601487821584,0.604530699586,0.601282169891,24.8445913462,20.3628570315,25.7771478469,20.2701579733,True,9.5,0,0,0,0,0,1,,,Allianz Stadium,2,1.81944444444,9.14872917372,3.31374285583,0,,,,,,,
20231112470,2023,24,Melbourne Storm,Canberra Raiders,1,48,2,0.725041188731,0.734176657395,0.724702579882,0.733763280561,26.727592831,16.7926210004,26.7264462903,16.6536538569,True,11.5,0,0,0,0,0,1,,,AAMI Park,-2,1.83680555556,48.8321689515,5.9392590101,-0.0259528439276,,,,,,,
20231112480,2023,24,Newcastle Knights,Canterbury-Bankstown Bulldogs,1,42,6,0.835052662583,0.836012064029,0.834661106218,0.835546178204,29.6233370329,16.7016179033,29.3806523447,16.4403016311,True,9.5,0,0,0,0,0,1,,,McDonald Jones Stadium,6,-6.0625,91.672943099,4.24735659387,0.0108610597038,,,,,,,
20231112510,2023,25,North Queensland Cowboys,Cronulla-Sutherland Sharks,0,12,32,0.670170738262,0.673251019848,0.669896269592,0.672919524748,24.3212368245,20.0781180816,24.0823262397,20.211755378,True,5.5,0,0,0,0,0,1,,,Queensland Country Bank Stadium,2,6.125,26.0342296027,0.422475913962,0,,,,,,,
20231112520,2023,25,New Zealand Warriors,Manly-Warringah Sea Eagles,1,29,22,0.821372770889,0.799200088276,0.820980460925,0.798737749399,28.0913295248,16.0160781866,27.6690467402,16.8150761433,True,14.5,0,0,0,0,0,1,,,Go Media Stadium,6,-1.98611111111,48.5283167385,2.44820300318,-0.0017760637261,,,,,,,
20231112530,2023,25,Parramatta Eels,Sydney Roosters,0,12,34,0.677983605415,0.610435708061,0.677698909687,0.610213106447,24.7063621305,20.678672175,25.0781479611,20.0089959397,True,-3.5,0,0,0,0,0,1,,,CommBank Stadium,-2,0.982638888889,18.0788088095,-2.06924288928,0.0140970033163,,,,,,,
20231112540,2023,25,Wests Tigers,Dolphins,1,24,23,0.486879504811,0.494636319281,0.486902469344,0.494647495848,23.077260344,23.1635796752,23.1362549897,23.8204546257,True,6.5,0,0,0,0,0,1,,,CommBank Stadium,-2,0.00347222222222,-29.0902927229,-5.94013811507,-0.02202803962,,,,,,,
20231112550,2023,25,Gold Coast Titans,Penrith Panthers,0,14,40,0.201764668019,0.180251205649,0.202152811319,0.180718066148,17.6606976803,30.9456484855,17.6752642847,31.7372749397,True,-21.5,0,0,0,0,0,1,,,Cbus Super Stadium,-8,-0.923611111111,-70.5227682994,-15.68963277,0.0306296266829,,,,,,,
20231112560,2023,25,St. George Illawarra Dragons,Melbourne Storm,0,28,38,0.196351110576,0.196335063022,0.196740802909,0.196798894958,18.0754642371,32.97339532,17.9133430208,32.9038921239,True,-14.5,0,0,0,0,0,1,,,WIN Stadium,-4,0.958333333333,-65.5123436132,-11.4899484907,-0.0127980195585,,,,,,,
20231112570,2023,25,Newcastle Knights,South Sydney Rabbitohs,1,29,10,0.766584355811,0.734241957067,0.766211565732,0.733828508762,24.9333522364,19.1919279589,24.7006678251,19.106355146,True,-3.5,0,0,0,0,0,1,,,McDonald Jones Stadium,6,-1.04513888889,23.5519908872,-4.94982632327,0.00325491773018,,,,,,,
20231112580,2023,25,Canberra Raiders,Canterbury-Bankstown Bulldogs,1,36,24,0.697027426529,0.697416772654,0.696719232376,0.697049434972,26.7808162495,18.5690534969,27.1609846171,19.7072466021,True,7.5,0,0,0,0,0,1,,,GIO Stadium,0,0.0868055555556,44.8916001189,5.16977089087,0.0102309176938,,,,,,,
20231112610,2023,26,Penrith Panthers,Parramatta Eels,0,18,32,0.833983299347,0.815528076363,0.83359159132,0.815061642623,29.5469800305,12.4525306771,29.6339594679,12.5967827088,True,18.5,0,0,0,0,0,1,,,BlueBet Stadium,8,-0.895833333333,70.0922603941,10.443893126,-0.00420562532706,,,,,,,
20231112620,2023,26,New Zealand Warriors,St. George Illawarra Dragons,1,18,6,0.849984588084,0.839955381591,0.8495968985,0.839490391953,29.8264164079,15.8409888481,29.8085642213,16.3815498117,True,16.5,0,0,0,0,0,1,,,Go Media Stadium,8,0.982638888889,69.817877796,4.94007797499,0.0131548243692,,,,,,,
20231112630,2023,26,Dolphins,North Queensland Cowboys,0,10,34,0.400782473558,0.360607998978,0.400951625995,0.360883232007,21.7245999966,25.2587546959,21.692179094,25.55248092,True,-10.5,0,0,0,0,0,1,,,Suncorp Stadium,-4,-1.79861111111,-53.0406712233,-6.50212591222,-0.0285397296877,,,,,,,
20231112640,2023,26,Melbourne Storm,Gold Coast Titans,1,37,16,0.848523165789,0.837763642848,0.848134948912,0.837298122057,31.3564190522,15.2762749399,31.0621129927,15.3294409066,True,17.5,0,0,0,0,0,1,,,AAMI Park,4,-0.0868055555556,65.4673331588,11.1740993062,-0.00392480430769,,,,,,,
20231112650,2023,26,Sydney Roosters,Wests Tigers,1,32,8,0.812954150889,0.813258877964,0.81256260137,0.812792784029,29.8129882361,15.5663306004,29.7361784533,15.1336002859,True,14.5,0,0,0,0,0,1,,,Allianz Stadium,6,0.791666666667,39.9506845703,9.37041013685,0,,,,,,,
20231112660,2023,26,Canberra Raiders,Brisbane Broncos,0,18,29,0.234911725307,0.251026057472,0.235283542958,0.251454595306,18.8598343064,31.9846034869,19.5038133758,33.4894800704,True,-7.5,0,0,0,0,0,1,,,GIO Stadium,-6,-8.83680555556,-64.5370946642,-3.73368599991,-0.0217685173228,,,,,,,
20231112670,2023,26,Canterbury-Bankstown Bulldogs,Manly-Warringah Sea Eagles,0,24,42,0.420298617972,0.439332540846,0.420435811439,0.439457725642,22.408124755,27.5413516975,22.4386036904,26.2699712969,True,-5.5,0,0,0,0,0,1,,,Accor Stadium,-2,-1.83680555556,-58.1367531856,-3.95651541502,-0.0381274537938,,,,,,,
20231112680,2023,26,Newcastle Knights,Cronulla-Sutherland Sharks,1,32,6,0.783388850088,0.775676892075,0.783006622434,0.775226706293,25.2437512902,18.3438877925,25.4012626585,17.686536663,True,3.5,0,0,0,0,0,1,,,McDonald Jones Stadium,4,-2.76041666667,12.2340205073,-5.66692070917,-0.0158938374921,,,,,,,
20231112710,2023,27,Brisbane Broncos,Melbourne Storm,0,22,32,0.703167731559,0.683845763172,0.702852425366,0.683498065847,23.1230623676,17.2363069235,23.0073293869,17.226463273,True,4.5,0,0,0,0,0,1,,,Suncorp Stadium,2,-0.190972222222,8.48413194318,-1.66514622586,0.0241498264012,,,,,,,
20231112720,2023,27,Manly-Warringah Sea Eagles,Wests Tigers,1,54,12,0.763144081788,0.771625838224,0.76277355887,0.771178428183,28.3602025745,16.8406017863,27.9680367421,17.0865416569,True,14.5,0,0,0,0,0,1,,,4 Pines Park,2,-0.854166666667,36.851038842,5.04182314196,0.0223927367928,,,,,,,
20231112730,2023,27,South Sydney Rabbitohs,Sydney Roosters,0,12,26,0.623294253605,0.602343183236,0.623087194078,0.602135898816,22.3243485921,21.0522652566,21.9796873494,22.5108763119,True,3.5,0,0,0,0,0,1,,,Accor Stadium,-4,6.14236111111,-2.03766023858,0.221001535439,0.0280556565912,,,,,,,
20231112740,2023,27,Dolphins,New Zealand Warriors,1,34,10,0.331391868704,0.343698483592,0.331664253511,0.344002613048,20.5427470869,26.8207377741,20.3364397859,26.4359703047,True,5.5,0,0,0,0,0,1,,,Suncorp Stadium,-10,0,-61.4203256076,-1.44299733376,0.0100907713203,,,,,,,
20231112750,2023,27,Penrith Panthers,North Queensland Cowboys,1,44,12,0.794967292044,0.780850584977,0.794580244763,0.780397135477,27.4799163468,16.1114951315,26.6723117759,15.9179603258,True,11.5,0,0,0,0,0,1,,,BlueBet Stadium,4,1.00694444444,48.38182433,4.54581164458,-0.0162395605473,,,,,,,
20231112760,2023,27,St. George Illawarra Dragons,Newcastle Knights,0,12,32,0.30576285937,0.308687547667,0.306067744187,0.309046211906,19.7649757383,29.4889872646,19.7648718154,30.3310020805,True,-1.5,0,0,0,0,0,1,,,Other,-10,1.83680555556,-68.9778784731,-3.6311301107,0.0140970033163,,,,,,,
20231112770,2023,27,Gold Coast Titans,Canterbury-Bankstown Bulldogs,1,34,30,0.649277932901,0.649190750155,0.649032316871,0.64889858941,26.6342039993,21.6755520886,26.9024771627,21.4712770379,True,13.5,0,0,0,0,0,1,,,Cbus Super Stadium,0,0.958333333333,44.4961691823,1.38466722075,-0.0223529922254,,,,,,,
20231112780,2023,27,Cronulla-Sutherland Sharks,Canberra Raiders,1,24,6,0.848187981618,0.837933529972,0.847799648493,0.837468047383,29.3906315414,14.880458077,28.8593010291,14.553752762,True,10.5,0,0,0,0,0,1,,,Ocean Protect Stadium,2,-0.854166666667,57.0313893038,5.6899214166,0.0220470137377,,,,,,,
20231112810,2023,28,Brisbane Broncos,Melbourne Storm,1,26,0,0.619115858038,0.626105374256,0.618915239944,0.625853838067,21.5426519461,19.8855057206,21.2927631616,19.7534917065,True,3.5,0,0,0,0,0,1,,,Suncorp Stadium,0,0,3.37853842254,-3.18898759735,0.00323594361246,,,,,,,
20231112820,2023,28,Penrith Panthers,New Zealand Warriors,1,32,6,0.815850031393,0.814351138778,0.815458119225,0.813884871754,26.3665080291,13.4198531445,25.661225518,13.6629981043,True,18.5,0,0,0,0,0,1,,,BlueBet Stadium,0,-0.104166666667,19.0957594333,11.9238312982,0.00438990328655,,,,,,,
20231112830,2023,28,Cronulla-Sutherland Sharks,Sydney Roosters,0,12,13,0.683692114531,0.673590360545,0.683400155773,0.673258335299,23.5657714798,18.1386200843,23.9193773673,19.1940501968,True,-1.5,0,0,0,0,0,1,,,Ocean Protect Stadium,-2,-1.83680555556,9.10395269552,1.41593389225,-0.00614699289493,,,,,,,
20231112840,2023,28,Newcastle Knights,Canberra Raiders,1,30,28,0.865235212832,0.85202717075,0.864855091184,0.851566642664,30.0680716313,13.3758424987,29.819232157,14.0261558672,True,15.5,0,0,0,0,0,1,,,McDonald Jones Stadium,6,0.854166666667,72.1286109199,2.4900123392,0,,,,,,,
20231112910,2023,29,Melbourne Storm,Sydney Roosters,1,18,13,0.680146625015,0.724278942964,0.679859155967,0.723876845113,25.1875819611,16.3396431961,25.2943743148,16.5471767276,True,7.5,0,0,0,0,0,1,,,AAMI Park,-2,1,35.4892677325,2.38389723625,-0.0241895709686,,,,,,,
20231112920,2023,29,New Zealand Warriors,Newcastle Knights,1,40,10,0.518549462727,0.496567413287,0.518517010844,0.496574566261,20.3680160357,22.6618104588,20.6702678766,22.8761802207,True,5.5,0,0,0,0,0,1,,,Go Media Stadium,-4,1,-34.0110899019,-1.58519791655,0.0100717972026,,,,,,,
20231113010,2023,30,Penrith Panthers,Melbourne Storm,1,38,4,0.801777797184,0.781125141558,0.80138860214,0.780671527839,25.1993679326,13.6695457287,24.6074543663,14.9178471917,True,12.5,0,0,0,0,0,1,,,Accor Stadium,0,6.15625,22.4955169055,5.43228409179,0.0152509047149,,,,,,,
20231113020,2023,30,Brisbane Broncos,New Zealand Warriors,1,42,12,0.769432641349,0.782844215784,0.769058058066,0.782389594712,24.7207244845,15.4296572385,24.7420015282,15.1526686505,True,11.5,0,0,0,0,0,1,,,Suncorp Stadium,2,7.92708333333,35.7879425663,5.23694961285,0,,,,,,,
20231113110,2023,31,Penrith Panthers,Brisbane Broncos,1,26,24,0.73484842236,0.735096201271,0.734500478675,0.734681821609,23.6035021174,15.1823511143,23.7839496417,16.290983368,True,3.5,0,0,0,0,0,1,,,Accor Stadium,0,1,12.066278041,6.55482131232,0,,,,,,,
20241110110,2024,1,Manly-Warringah Sea Eagles,South Sydney Rabbitohs,1,36,24,0.641539145805,0.651013719062,0.64133242458,0.650750386574,21.5882471965,17.1111163001,21.7163401726,17.4095444118,True,-1.5,0,0,0,0,0,1,,,Other,0,0,-1.47428999145,0,0,,,,,,,
20241110120,2024,1,Sydney Roosters,Brisbane Broncos,1,20,10,0.542832369195,0.548757420369,0.542766550681,0.548667371963,20.3267203741,18.1514804008,20.1511977666,17.9454932751,True,-3.5,0,0,0,0,0,1,,,Other,0,0,-48.7767828477,0,0,,,,,,,
20241110130,2024,1,Newcastle Knights,Canberra Raiders,0,12,28,0.759294859204,0.758291979006,0.758970481747,0.757902274611,24.959502618,15.1023045895,24.8486003096,15.0298992985,True,8.5,0,0,0,0,0,1,,,McDonald Jones Stadium,0,0,69.6188563717,1.30509548998,0,,,,,,,
20241110140,2024,1,New Zealand Warriors,Cronulla-Sutherland Sharks,0,12,16,0.489714004523,0.51316011085,0.489729883706,0.513135662233,20.2571661026,17.4955740795,20.2743580303,17.4373299141,True,4.5,0,0,0,0,0,1,,,Go Media Stadium,0,0,2.10705172424,-5.11194503538,0,,,,,,,
20241110150,2024,1,Melbourne Storm,Penrith Panthers,1,8,0,0.435424191177,0.413661977666,0.43552279922,0.413819248491,19.0827178439,21.1760348522,19.2063684017,21.3211569807,True,-5.5,0,0,0,0,0,1,,,AAMI Park,0,0,-40.8736518409,-4.97036413237,1.89741177173e-05,,,,,,,
20241110160,2024,1,Parramatta Eels,Canterbury-Bankstown Bulldogs,1,26,8,0.759512473328,0.754655166972,0.759187959876,0.754268300185,24.8356468521,16.2089447344,24.8346062184,16.2829567691,True,8.5,0,0,0,0,0,1,,,CommBank Stadium,0,0,50.7968490012,2.08319069639,-0.00795001042137,,,,,,,
20241110170,2024,1,Gold Coast Titans,St. George Illawarra Dragons,0,4,28,0.664962577299,0.670866119046,0.664726708434,0.670573807822,22.260465439,17.1187227939,22.0190991611,16.0131107419,True,5.5,0,0,0,0,0,1,,,Cbus Super Stadium,0,0,5.714814701,0.0705542728631,-0.00390583018997,,,,,,,
20241110180,2024,1,Dolphins,North Queensland Cowboys,0,18,43,0.514503022087,0.538299404681,0.514480639026,0.538228497945,21.0138318014,19.3711616486,20.7509741304,18.6018397654,True,-4.5,0,0,0,0,0,1,,,Suncorp Stadium,0,0,-57.8125567475,-4.19949840327,0,,,,,,,
20241110210,2024,2,Brisbane Broncos,South Sydney Rabbitohs,1,28,18,0.674906384636,0.650811700147,0.674658848483,0.65054867271,23.7478210454,16.7444086884,23.7378119735,16.1364104862,True,7.5,0,0,0,0,0,1,,,Suncorp Stadium,0,-0.0833333333333,36.9758423829,1.10887096388,0.0180028335063,,,,,,,
20241110220,2024,2,Cronulla-Sutherland Sharks,Canterbury-Bankstown Bulldogs,1,25,6,0.801604733534,0.772902284961,0.8012615917,0.772502471662,25.7420730068,13.2459517771,25.4826716096,13.7470543832,True,11.5,0,0,0,0,0,1,,,Sharks Stadium,2,0.895833333333,43.438881886,6.82544562272,-0.0100717972026,,,,,,,
20241110230,2024,2,Penrith Panthers,Parramatta Eels,1,26,18,0.646471973125,0.618942313272,0.646258932486,0.618729656645,22.6197249067,15.4260988258,22.2459520184,16.2304459309,True,7.5,0,0,0,0,0,1,,,BlueBet Stadium,-2,0.892361111111,41.0927569252,9.73223022802,0.00471406680891,,,,,,,
20241110240,2024,2,Canberra Raiders,Wests Tigers,1,32,12,0.671687471468,0.653552234298,0.671443662673,0.653285085348,22.4618009005,16.3209242134,22.5323367361,15.9362356219,True,6.5,0,0,0,0,0,1,,,GIO Stadium,1,1.79166666667,38.8814302412,4.8199698772,0,,,,,,,
20241110250,2024,2,North Queensland Cowboys,Newcastle Knights,1,21,20,0.570096387971,0.603122891393,0.569989565625,0.602936690797,22.0003736976,19.5365514734,21.7742539842,19.1584304482,True,8.5,0,0,0,0,0,1,,,Queensland Country Bank Stadium,2,-2.79513888889,-6.66601755937,4.83485697399,0,,,,,,,
20241110260,2024,2,Melbourne Storm,New Zealand Warriors,1,30,26,0.556199336406,0.56429271562,0.556113284366,0.564174536654,21.7997930843,18.3826528703,21.9162905438,18.2886647485,True,6.5,0,0,0,0,0,1,,,AAMI Park,2,-0.00347222222222,6.10902157621,5.39925558625,0.0140970033163,,,,,,,
20241110270,2024,2,Manly-Warringah Sea Eagles,Sydney Roosters,1,21,14,0.512214529064,0.543369415427,0.512195674852,0.543289211174,20.3860983727,20.6478217563,20.4256250872,20.938847149,True,-1.5,0,0,0,0,0,1,,,4 Pines Park,0,0.0833333333333,-3.68585915261,-5.28352362879,0.00795001042137,,,,,,,
20241110280,2024,2,Dolphins,St. George Illawarra Dragons,1,38,0,0.47290644058,0.463625675035,0.472948196751,0.46369304362,20.889304307,21.3891640312,20.1999451267,21.0913081445,True,-1.5,0,0,0,0,0,1,,,Kayo Stadium,-2,-0.854166666667,6.92110186753,1.93355458686,0.00471406680891,,,,,,,
20241110310,2024,3,Penrith Panthers,Brisbane Broncos,1,34,12,0.700344019776,0.69244832864,0.700068832886,0.692126989755,24.0537394356,15.1287035999,23.6917977239,16.0082592433,True,10.5,0,0,0,0,0,1,,,BlueBet Stadium,0,-1.04166666667,6.92499726311,5.31685510365,0.0140970033163,,,,,,,
20241110320,2024,3,New Zealand Warriors,Canberra Raiders,1,18,10,0.500667399108,0.477657270418,0.50066636851,0.477698742319,20.2688778579,20.9167953886,20.2377616887,20.4796282158,True,7.5,0,0,0,0,0,1,,,Other,-4,-0.190972222222,6.47322331239,-0.773946645395,-0.0241688005189,,,,,,,
20241110330,2024,3,Sydney Roosters,South Sydney Rabbitohs,1,48,6,0.761167462771,0.737453647744,0.760841927389,0.737081822052,24.9085478665,15.6964023912,24.5044642581,16.3542916925,True,3.5,0,0,0,0,0,1,,,Allianz Stadium,2,-2.87847222222,22.9645612344,-0.155801238023,0.00795001042137,,,,,,,
20241110340,2024,3,Canterbury-Bankstown Bulldogs,Gold Coast Titans,1,32,0,0.543382817829,0.511930505702,0.54331616195,0.511908339603,20.1875058072,19.6556140686,20.2708519649,19.3438421873,True,2.5,0,0,0,0,0,1,,,Belmore Sports Ground,-1,-5.97569444444,-23.5754691277,2.51384195229,0,,,,,,,
20241110350,2024,3,St. George Illawarra Dragons,North Queensland Cowboys,0,24,46,0.3798880499,0.396302180008,0.380066323127,0.396489356681,18.2016641132,24.5263116517,18.2610443842,24.7188976461,True,-7.5,0,0,0,0,0,1,,,Jubilee Stadium,-2,-1.03125,-20.6820849325,-7.30194755113,-0.0081091309125,,,,,,,
20241110360,2024,3,Wests Tigers,Cronulla-Sutherland Sharks,1,32,6,0.260722034014,0.279424081985,0.261032358346,0.279778735106,18.0147674369,28.2528325807,17.8477196254,27.7018633463,True,-11.5,0,0,0,0,0,1,,,Leichhardt Oval,-3,-0.875,-43.1725662687,-9.62323128249,0,,,,,,,
20241110370,2024,3,Parramatta Eels,Manly-Warringah Sea Eagles,1,28,24,0.416414877936,0.476264411532,0.416541537463,0.47630846128,20.4937280662,23.8862089638,20.3384528911,24.1691373367,True,1.5,0,0,0,0,0,1,,,CommBank Stadium,-2,1.83680555556,-6.24470579004,1.96152852866,-0.00795001042137,,,,,,,
20241110380,2024,3,Newcastle Knights,Melbourne Storm,1,14,12,0.532350216765,0.551980125994,0.532300400704,0.551884209434,20.0646266052,18.7787486754,20.0482844827,18.9112354443,True,1.5,0,0,0,0,0,1,,,McDonald Jones Stadium,-4,0.128472222222,-16.1879545676,-5.95588112986,-0.0099316508292,,,,,,,
20241110410,2024,4,Sydney Roosters,Penrith Panthers,0,16,22,0.588482866588,0.606046022701,0.588349095411,0.605854870334,20.5715377649,17.7330929686,21.1726698801,17.9592752069,True,4.5,0,0,0,0,0,1,,,Allianz Stadium,0,-1,-21.9327309502,-3.79967624382,0,,,,,,,
20241110420,2024,4,South Sydney Rabbitohs,Canterbury-Bankstown Bulldogs,1,20,16,0.693577986635,0.683499371188,0.693309826336,0.68318973185,23.5227072393,19.1186448387,23.6692933305,19.5104964962,True,5.5,0,0,0,0,0,1,,,Accor Stadium,-2,0.791666666667,31.9819128573,2.36827042395,0.00520481394779,,,,,,,
20241110430,2024,4,Brisbane Broncos,North Queensland Cowboys,1,38,12,0.460976209631,0.479883335661,0.461036225795,0.479920685011,21.1705118937,24.3078126636,21.1784413854,24.8091763973,True,-1.5,0,0,0,0,0,1,,,Suncorp Stadium,-4,1.89583333333,12.5615233306,-1.07292160079,0,,,,,,,
20241110440,2024,4,St. George Illawarra Dragons,Manly-Warringah Sea Eagles,1,20,12,0.331012956696,0.368746569035,0.331253601652,0.368979185797,19.5256572908,26.0461711625,19.4967817022,25.0540737143,True,-7.5,0,0,0,0,0,1,,,WIN Stadium,-2,0.940972222222,-34.8784320207,-1.96991283342,0.00533875627599,,,,,,,
20241110450,2024,4,Gold Coast Titans,Dolphins,0,14,30,0.452157119458,0.4372423648,0.452230547794,0.437357782968,20.4493302804,23.8641744156,19.9717278249,23.9503347185,True,-1.5,0,0,0,0,0,1,,,Cbus Super Stadium,-2,-5.90625,-6.17085807863,-4.65632707902,-0.0140970033163,,,,,,,
20241110460,2024,4,New Zealand Warriors,Newcastle Knights,1,20,12,0.620291824415,0.651278400988,0.620113306101,0.651014669124,22.7501249343,17.3919905861,22.9975148709,16.5992673439,True,11.5,0,0,0,0,0,1,,,Go Media Stadium,0,1.92708333333,1.32026225157,0.678276089204,-0.00325491773018,,,,,,,
20241110470,2024,4,Cronulla-Sutherland Sharks,Canberra Raiders,1,36,22,0.573485750767,0.571240480344,0.57337391141,0.571109864475,21.3825757693,18.0882333605,20.9221348295,18.2442409692,True,2.5,0,0,0,0,0,1,,,Sharks Stadium,0,-0.982638888889,10.6545466235,2.88093512877,0.0140970033163,,,,,,,
20241110480,2024,4,Parramatta Eels,Wests Tigers,0,16,17,0.689218270196,0.686116484469,0.688954767372,0.685803372598,23.3559362913,19.5492717129,23.5000021288,17.8822959658,True,7.5,0,0,0,0,0,1,,,CommBank Stadium,1,-0.854166666667,38.9738168694,4.45557362815,-0.0220470137377,,,,,,,
20241110510,2024,5,Melbourne Storm,Brisbane Broncos,1,34,32,0.65569056763,0.677782594394,0.655465970092,0.677480682415,23.2060490842,16.3142756665,23.0266170406,16.8982396207,True,6.5,0,0,0,0,0,1,,,AAMI Park,1,5.03125,0.813665702693,0.707107442766,-0.00323594361246,,,,,,,
20241110520,2024,5,Canterbury-Bankstown Bulldogs,Sydney Roosters,1,30,26,0.289351725599,0.307661320924,0.289637120746,0.307982519482,18.2792589701,24.6943764877,17.9141908564,23.5145823591,True,-10.5,0,0,0,0,0,1,,,Accor Stadium,-2,-0.836805555556,-52.9492952074,-4.00430646444,-0.0180425780737,,,,,,,
20241110530,2024,5,Newcastle Knights,St. George Illawarra Dragons,1,30,10,0.716843704555,0.696668609121,0.716552472265,0.696341927845,24.733014172,15.9158250906,24.3203373755,16.4255193984,True,6.5,0,0,0,0,0,1,,,McDonald Jones Stadium,-2,-1.02430555556,35.1177516339,3.18238950549,-0.00226193315466,,,,,,,
20241110540,2024,5,South Sydney Rabbitohs,New Zealand Warriors,0,4,34,0.385811942931,0.373914055201,0.385982089819,0.374138365602,19.5176322627,24.5187369702,19.6724361649,23.9390570581,True,-1.5,0,0,0,0,0,1,leadership_change,,Accor Stadium,-2,2.08333333333,-33.1986633928,2.61385934336,0.0309856799914,30,leadership-rabbitohs-2024-demetriou-hornby,effective,-3,home,rabbitohs,1
20241110550,2024,5,Manly-Warringah Sea Eagles,Penrith Panthers,1,32,18,0.395806666293,0.445040814849,0.395962873316,0.445142141591,19.3581810271,24.6405081747,19.354959863,23.7594571117,True,-2.5,0,0,0,0,0,1,,,4 Pines Park,-2,-1.89583333333,-32.4356234051,-10.5499864678,0.00795001042137,,,,,,,
20241110560,2024,5,Dolphins,Wests Tigers,1,26,16,0.712871867997,0.703033684172,0.712584351208,0.70269916669,23.6248982443,16.7353139792,23.5347961204,18.3234059663,True,4.5,0,0,0,0,0,1,,,Suncorp Stadium,0,1.89236111111,19.1749946731,3.60336312986,-0.00795001042137,,,,,,,
20241110570,2024,5,North Queensland Cowboys,Gold Coast Titans,1,35,22,0.79892909044,0.788477586791,0.798586641483,0.788069429227,27.1415034589,15.1258340517,26.9548281948,14.9950257841,True,16.5,0,0,0,0,0,1,,,Queensland Country Bank Stadium,5,0.982638888889,60.9806526589,8.56072087649,0.00795001042137,,,,,,,
20241110580,2024,5,Canberra Raiders,Parramatta Eels,1,41,8,0.479761394161,0.475492202759,0.479792612587,0.475537681096,20.7574906303,20.914333624,20.640568547,21.3706586353,True,1.5,0,0,0,0,0,1,,,GIO Stadium,0,0.90625,-3.50814734405,-1.79920078004,0.00795001042137,,,,,,,
20241110610,2024,6,Newcastle Knights,Sydney Roosters,0,20,22,0.508457749849,0.493263753612,0.508444691861,0.493276272346,21.0295745724,18.5181350191,20.6999856176,19.9774517416,True,3.5,0,0,0,0,0,1,,,McDonald Jones Stadium,0,-0.0833333333333,-22.891707886,-2.66002404247,-0.00520481394779,,,,,,,
20241110620,2024,6,Melbourne Storm,Canterbury-Bankstown Bulldogs,1,16,14,0.756551997424,0.750765622222,0.756229366069,0.750381925955,25.8278119501,15.5796338933,25.9880664869,15.8529557094,True,17.5,0,0,0,0,0,1,,,AAMI Park,3,0.916666666667,43.8578729407,5.10374347936,0.010211943576,,,,,,,
20241110630,2024,6,Brisbane Broncos,Dolphins,1,28,14,0.572907662805,0.574720241696,0.57279667768,0.574583435067,22.05950949,22.5941620983,22.1207192644,22.2475045364,True,8.5,0,0,0,0,0,1,,,Suncorp Stadium,-3,1.94097222222,27.4564700389,4.50985557789,0.0140970033163,,,,,,,
20241110650,2024,6,Parramatta Eels,North Queensland Cowboys,1,27,20,0.443924582111,0.49202367888,0.444010447629,0.492038501466,21.0247173846,25.8462137047,21.1398324379,24.0040779281,True,-3.5,0,0,0,0,0,1,,,CommBank Stadium,-4,-0.0902777777778,-7.82257038969,-4.37112442189,-0.00795001042137,,,,,,,
20241110660,2024,6,South Sydney Rabbitohs,Cronulla-Sutherland Sharks,0,22,34,0.308043663496,0.345665043284,0.308310103065,0.345933362696,18.1395920547,24.4966796631,18.273263781,24.1966722381,True,-9.5,0,0,0,0,0,1,leadership_change,,Accor Stadium,-5,-5.86458333333,-22.1580864136,-3.726454238,0.0100717972026,30,leadership-rabbitohs-2024-demetriou-hornby,effective,-2,home,rabbitohs,1
20241110670,2024,6,Wests Tigers,St. George Illawarra Dragons,0,12,24,0.579663462253,0.551206628594,0.579542533541,0.551112119046,22.5593368,19.6599501725,22.8103328275,20.0374339331,True,1.5,0,0,0,0,0,1,,,Campbelltown Sports Stadium,1,-0.940972222222,4.8149775344,-1.20373034171,0.0140970033163,,,,,,,
20241110680,2024,6,Canberra Raiders,Gold Coast Titans,1,21,20,0.727932021941,0.717219831291,0.727630938721,0.716868857419,25.2559815932,16.5959194605,25.2972134496,18.6162958041,True,10.5,0,0,0,0,0,1,,,GIO Stadium,5,-0.0902777777778,38.927669146,6.39612398294,0.0180028335063,,,,,,,
20241110710,2024,7,Sydney Roosters,Melbourne Storm,0,12,18,0.555674815289,0.577591943437,0.555589552902,0.577450048293,20.6303829425,18.6457830705,20.5326962951,18.6447766098,True,-2.5,0,0,0,0,0,1,,,Allianz Stadium,-4,0.923611111111,0.432518850334,-1.9230016322,0.00795001042137,,,,,,,
20241110720,2024,7,St. George Illawarra Dragons,New Zealand Warriors,1,30,12,0.316654027837,0.334381108777,0.3169111022,0.334665959749,19.3557771579,28.6147705038,19.3602831529,26.8816768315,True,-8.5,0,0,0,0,0,1,,,WIN Stadium,-3,-0.961805555556,-49.1863399603,-4.27533726259,0,,,,,,,
20241110730,2024,7,Parramatta Eels,Dolphins,0,16,44,0.472750065326,0.50943054276,0.472792061548,0.509413018939,20.1682132909,24.3961579033,20.4788530324,21.998773311,True,7.5,0,0,0,0,0,1,,,TIO Stadium,-2,-0.895833333333,-17.5612762678,1.22689529493,-0.00471406680891,,,,,,,
20241110740,2024,7,Penrith Panthers,Wests Tigers,1,22,6,0.745059405066,0.714361338631,0.744744716826,0.714013564542,25.5850564524,14.5994204036,25.5394641319,14.4941756491,True,13.5,0,0,0,0,0,1,,,Carrington Park,2,7.94097222222,62.7866824014,12.5510160132,-0.0100528230849,,,,,,,
20241110750,2024,7,Gold Coast Titans,Manly-Warringah Sea Eagles,0,30,34,0.219567276691,0.239558466055,0.219903037417,0.239949788871,19.0243026964,28.9797681942,19.2188430559,29.1915820497,True,-9.5,0,0,0,0,0,1,,,Cbus Super Stadium,-5,-1.05208333333,-56.3188881756,-3.7686153318,-0.00793103630365,,,,,,,
20241110760,2024,7,Brisbane Broncos,Canberra Raiders,1,34,10,0.593473948365,0.560527824537,0.593332985021,0.560416424486,23.0384968771,19.853079438,22.9402132414,19.1939959176,True,8.5,0,0,0,0,0,1,,,Suncorp Stadium,0,1.92708333333,17.8256885145,2.89951588738,0.00795001042137,,,,,,,
20241110770,2024,7,Canterbury-Bankstown Bulldogs,Newcastle Knights,1,36,12,0.43294731565,0.439535137193,0.433049615466,0.439646423654,20.0933598838,24.457860072,20.2050799985,21.7022130225,True,-1.5,0,0,0,0,0,1,,,Accor Stadium,0,-0.923611111111,-29.1570033064,0.225120996632,0.0171548523199,,,,,,,
20241110780,2024,7,Cronulla-Sutherland Sharks,North Queensland Cowboys,1,42,6,0.590872584857,0.629192870592,0.59073536296,0.628963553221,22.7791165032,21.5670812531,22.7238075246,21.1573552894,True,3.5,0,0,0,0,0,1,,,Sharks Stadium,2,-0.0868055555556,-4.5642486388,1.67230199183,0.00795001042137,,,,,,,
20241110810,2024,8,New Zealand Warriors,Gold Coast Titans,0,24,27,0.78938379599,0.769499212407,0.789044394338,0.769101563654,26.4170666408,14.8831568433,26.0505692329,14.5467766233,True,12.5,0,0,0,0,0,1,,,Go Media Stadium,7,0.979166666667,58.7214405213,5.04203086814,0.0180028335063,,,,,,,
20241110820,2024,8,St. George Illawarra Dragons,Sydney Roosters,0,18,60,0.360160944356,0.387270537316,0.360365466616,0.387472905949,20.4463230746,23.8869685773,20.3475721518,24.2593732338,True,-5.5,0,0,0,0,0,1,,,Allianz Stadium,2,-0.923611111111,-40.8913100913,-6.83178273243,0.0140970033163,,,,,,,
20241110830,2024,8,Melbourne Storm,South Sydney Rabbitohs,1,54,20,0.757327876275,0.777744331564,0.757004745007,0.777341645051,27.1147496728,12.5832608901,27.1618967858,12.5375481333,True,15.5,0,0,0,0,0,1,leadership_change,,AAMI Park,6,-5.01041666667,48.8649943372,3.78303437755,0.00226193315466,30,leadership-rabbitohs-2024-demetriou-hornby,effective,-1,away,rabbitohs,1
20241110840,2024,8,Manly-Warringah Sea Eagles,Parramatta Eels,1,32,18,0.767744201616,0.756348795078,0.767414824061,0.75596059142,25.6701648248,16.8359066169,25.2123343721,16.6004877673,True,12.5,0,0,0,0,0,1,leadership_change,,4 Pines Park,1,-0.916666666667,21.9245842311,-1.4896923846,0.00795001042137,31,leadership-eels-2024-arthur-barrett,effective,-3,away,eels,1
20241110850,2024,8,Wests Tigers,Brisbane Broncos,0,10,34,0.328386216558,0.352746791549,0.328629939463,0.353004413988,19.2430563005,24.7159257529,19.0490239176,24.6267969465,True,-12.5,0,0,0,0,0,1,,,Campbelltown Sports Stadium,-2,0.190972222222,-56.9099641294,-8.37077439946,0,,,,,,,
20241110860,2024,8,North Queensland Cowboys,Penrith Panthers,0,20,26,0.278386453631,0.28540733353,0.278682019312,0.285755368799,19.1972451367,26.874839189,19.1561464749,26.308414833,True,-9.5,0,0,0,0,0,1,,,Queensland Country Bank Stadium,-4,-1.04513888889,-29.2429411107,-6.42265981717,0.0382468297175,,,,,,,
20241110870,2024,8,Dolphins,Newcastle Knights,0,14,18,0.610908171318,0.648425727009,0.610742568158,0.648166317056,22.6366536437,19.2218399141,22.2591701721,20.1218760475,True,6.5,0,0,0,0,0,1,,,Suncorp Stadium,4,1.77083333333,-8.09022005562,0.715180742657,0,,,,,,,
20241110880,2024,8,Canberra Raiders,Cronulla-Sutherland Sharks,0,0,40,0.368347486945,0.378919718172,0.36854127556,0.379135882761,18.8500124878,26.7831014734,19.0038040385,26.5068617545,True,-7.5,0,0,0,0,0,1,,,GIO Stadium,-4,0.854166666667,-1.84240631213,-6.8907358329,0.0100717972026,,,,,,,
20241110910,2024,9,South Sydney Rabbitohs,Penrith Panthers,0,12,42,0.208003087755,0.233022334995,0.208343411306,0.233418304199,18.7244837007,26.7333248508,18.6772758525,27.7292984083,True,-13.5,1,0,1,1,1,1,leadership_change,0,Accor Stadium,-6,1.98958333333,-69.4451591685,-10.472515722,0.0139776273926,30,leadership-rabbitohs-2024-demetriou-hornby,effective,0,home,rabbitohs,1
20241110920,2024,9,Manly-Warringah Sea Eagles,Canberra Raiders,0,24,26,0.755412465574,0.755871849757,0.75509057694,0.755484019871,26.2984812604,17.0474268158,26.254700373,16.40172012,True,13.5,0,0,0,0,0,1,,,4 Pines Park,3,1.83680555556,13.3238492668,0.362822112132,0.00795001042137,,,,,,,
20241110930,2024,9,Brisbane Broncos,Sydney Roosters,0,18,40,0.669286914094,0.63584263681,0.669045916169,0.635602734529,23.3567585315,20.5719995988,23.238622958,20.5638556543,True,8.5,0,0,0,0,0,1,,,Suncorp Stadium,4,-2.05902777778,22.6360708265,1.24030364535,0.0241498264012,,,,,,,
20241110940,2024,9,Canterbury-Bankstown Bulldogs,Wests Tigers,1,22,14,0.723719807373,0.679691762429,0.72342237382,0.679387248469,24.1738294801,14.9409826179,24.1409716882,16.0080593615,True,10.5,0,0,0,0,0,1,,,Accor Stadium,4,6.14583333333,9.71152836416,6.32430268755,-0.0121807932168,,,,,,,
20241110950,2024,9,Gold Coast Titans,Melbourne Storm,0,20,22,0.248466201428,0.249559305476,0.248785487078,0.249942730629,18.5658289342,25.8710503896,18.5260577312,26.1254346063,True,-14.5,0,0,0,0,0,1,,,Cbus Super Stadium,-6,0.159722222222,-54.2756985381,-10.1714310033,-0.000808236618935,,,,,,,
20241110960,2024,9,North Queensland Cowboys,Dolphins,0,26,28,0.495873713302,0.436153247875,0.495880084833,0.436270625252,20.5787812869,24.3299581846,20.3034992585,23.5928157939,True,7.5,0,0,0,0,0,1,,,Queensland Country Bank Stadium,-4,0.767361111111,-23.3336209751,2.94590850002,-0.00210281266353,,,,,,,
20241110970,2024,9,Newcastle Knights,New Zealand Warriors,1,14,8,0.46083750018,0.451817663609,0.460897727922,0.451906663239,21.1943986176,20.5703386419,21.0730513431,22.050057189,True,-4.5,0,0,0,0,0,1,,,McDonald Jones Stadium,-1,-2.91666666667,-12.2475080417,-0.413126191407,-0.0108610597038,,,,,,,
20241110980,2024,9,Cronulla-Sutherland Sharks,St. George Illawarra Dragons,1,20,10,0.808853097895,0.806627367767,0.808508447993,0.806212969215,26.5759640385,14.5742628731,26.2342777539,14.2976070027,True,12.5,0,0,0,0,0,1,,,Sharks Stadium,2,-3,31.4775077318,11.27912387,0.00795001042137,,,,,,,
20241111010,2024,10,Dolphins,Manly-Warringah Sea Eagles,1,30,24,0.626998818184,0.661455822332,0.626811233962,0.661176994553,23.020248652,18.2374815252,22.7984289158,18.5917316296,True,-1.5,0,0,0,0,0,1,,,Suncorp Stadium,-1,-1.06597222222,-4.50534640945,1.00970292334,-0.0111859540338,,,,,,,
20241111020,2024,10,Penrith Panthers,Canterbury-Bankstown Bulldogs,1,16,10,0.751211770874,0.745489851303,0.750892706493,0.745110674174,25.1065302229,15.1680810205,25.3064622121,14.6537313171,True,14.5,0,0,0,0,0,1,,,BlueBet Stadium,2,1.79861111111,36.7609765975,8.30063089768,0.0131548243692,,,,,,,
20241111030,2024,10,Parramatta Eels,Brisbane Broncos,0,14,30,0.297497280187,0.320904461004,0.297774655852,0.321208164657,19.9709129723,27.0943930351,20.4852526163,26.5375495654,True,-9.5,0,0,0,0,0,1,leadership_change,,CommBank Stadium,-4,7,-62.94586581,-4.54212336278,-0.018021807624,31,leadership-eels-2024-arthur-barrett,effective,-2,home,eels,1
20241111040,2024,10,Wests Tigers,Newcastle Knights,0,14,20,0.358423653016,0.339196247947,0.358630422239,0.339474124133,19.6270099829,24.365505773,19.6577472379,23.0147436524,True,-4.5,0,0,0,0,0,1,,,Other,-6,0.958333333333,-30.6068933991,-5.57162621703,0.018021807624,,,,,,,
20241111050,2024,10,St. George Illawarra Dragons,South Sydney Rabbitohs,1,28,14,0.705664094305,0.714249832632,0.705383560726,0.713902184578,25.2105748913,18.4799611554,25.2928202982,17.7432197411,True,4.5,0,1,1,1,1,1,leadership_change,1,Jubilee Stadium,2,-2.84375,18.461370086,-4.39841082521,-0.00795001042137,30,leadership-rabbitohs-2024-demetriou-hornby,effective,1,away,rabbitohs,1
20241111060,2024,10,Melbourne Storm,Cronulla-Sutherland Sharks,0,18,25,0.436385416328,0.461833783633,0.436482588987,0.461904445713,19.5144587026,22.0722731847,19.626922208,19.490377344,True,7.5,0,0,0,0,0,1,,,AAMI Park,0,0.940972222222,-9.06228532884,-2.85723244694,0.000789262501218,,,,,,,
20241111070,2024,10,Sydney Roosters,New Zealand Warriors,1,38,18,0.706448556656,0.745261152223,0.706167248327,0.744882176583,25.3705778524,15.5979908151,24.9943373769,14.6590228108,True,12.5,0,0,0,0,0,1,,,Allianz Stadium,3,1.75,29.8244194943,5.74690711387,0.00439169961854,,,,,,,
20241111080,2024,10,Gold Coast Titans,North Queensland Cowboys,1,20,18,0.419065906619,0.450083023164,0.419188695576,0.450175184774,21.1748608818,25.4168557991,21.2590781782,23.9921219591,True,-3.5,0,0,0,0,0,1,,,Cbus Super Stadium,0,0.0868055555556,-20.155731166,-7.6111987569,0.00580126983978,,,,,,,
20241111110,2024,11,Canberra Raiders,Canterbury-Bankstown Bulldogs,1,24,20,0.463987341826,0.450141277338,0.464042760562,0.450233332832,20.0998376213,24.8137769881,20.3685827668,23.8931505426,True,-2.5,0,0,0,0,0,1,,,Suncorp Stadium,0,7,-14.6717299618,-0.58289196898,0.00614699289493,,,,,,,
20241111120,2024,11,Manly-Warringah Sea Eagles,Brisbane Broncos,0,12,13,0.466781680519,0.499535812602,0.466832825588,0.499536675358,21.2700606473,23.8115709056,21.2130805676,22.3689762703,True,-11.5,0,0,0,0,0,1,,,Suncorp Stadium,-3,1.00694444444,-23.0992176901,-4.34404533633,0.0100528230849,,,,,,,
20241111130,2024,11,Gold Coast Titans,Newcastle Knights,0,24,28,0.374861769796,0.366454455778,0.375046853445,0.366690722308,19.8749731251,25.0965384103,20.1581185807,24.016943317,True,-2.5,0,0,0,0,0,1,,,Suncorp Stadium,-2,-1.04513888889,-27.2649495624,-4.12804298367,-0.00602761697122,,,,,,,
20241111140,2024,11,Cronulla-Sutherland Sharks,Sydney Roosters,1,38,30,0.588760555877,0.61994388117,0.58862638306,0.61972957907,21.4927840869,19.9697151205,20.8238029235,20.2572527605,True,-4.5,0,0,0,0,0,1,,,Suncorp Stadium,2,0.767361111111,-8.31151697198,1.79359140113,0.00795001042137,,,,,,,
20241111150,2024,11,South Sydney Rabbitohs,North Queensland Cowboys,0,22,28,0.306409974098,0.255427909086,0.30667814712,0.255806274876,20.9276705539,29.0763899299,20.6519741143,27.5599738434,True,-9.5,1,0,1,1,1,1,leadership_change,2,Suncorp Stadium,0,0.940972222222,-41.4025222049,-3.58290466375,0.0100528230849,30,leadership-rabbitohs-2024-demetriou-hornby,effective,2,home,rabbitohs,1
20241111160,2024,11,New Zealand Warriors,Penrith Panthers,1,22,20,0.29205203954,0.295995696354,0.2923348188,0.296331384834,18.3754331229,25.4899144136,18.1602231194,24.8173779383,True,-8.5,0,0,0,0,0,1,,,Suncorp Stadium,-7,-1.83333333333,-38.7560938275,-10.6212036576,0.0172135710051,,,,,,,
20241111170,2024,11,Melbourne Storm,Parramatta Eels,1,48,16,0.723397617228,0.713733943186,0.723100467563,0.713386879418,24.9399350685,16.9798120798,24.991782259,17.1662351972,True,9.5,0,0,0,0,0,1,leadership_change,,Suncorp Stadium,6,-0.982638888889,46.1348253508,5.91428276309,0.00402520611368,31,leadership-eels-2024-arthur-barrett,effective,-1,away,eels,1
20241111180,2024,11,Wests Tigers,Dolphins,0,12,24,0.285610759583,0.295503115963,0.285899707135,0.295839396248,19.1075295834,27.4334409256,19.2074333963,27.6401105598,True,-8.5,0,0,0,0,0,1,,,Suncorp Stadium,-6,-1.79861111111,-39.4061405461,-6.21114359072,-2.77555756156e-17,,,,,,,
20241111210,2024,12,Canterbury-Bankstown Bulldogs,St. George Illawarra Dragons,1,44,12,0.689919838466,0.696115283145,0.689655579439,0.69578929575,24.5562442104,17.7448423635,24.3390504964,18.6569890842,True,3.5,0,0,0,0,0,1,,,Accor Stadium,-2,-6.02083333333,22.0094926244,3.40518242823,-0.0241498264012,,,,,,,
20241111220,2024,12,North Queensland Cowboys,Wests Tigers,1,42,28,0.755610230643,0.742762866212,0.755288212387,0.742386121386,26.5742737048,15.2924509063,25.9182623428,15.304059208,True,15.5,0,0,0,0,0,1,,,Queensland Country Bank Stadium,2,0.944444444444,19.9894225113,9.00817983581,-0.00210281266353,,,,,,,
20241111230,2024,12,Manly-Warringah Sea Eagles,Melbourne Storm,1,26,20,0.444655795256,0.443378679336,0.444740559721,0.443483018346,19.8980703894,21.4201722603,19.8187084935,22.5608558456,True,-4.5,0,0,0,0,0,1,,,4 Pines Park,-4,1.83333333333,-14.7274211824,-5.80557342129,-0.0100528230849,,,,,,,
20241111240,2024,12,Canberra Raiders,Sydney Roosters,0,16,44,0.246777169618,0.252648905378,0.247097602933,0.253029705146,19.5682694954,33.5489907902,19.2739026949,31.5516023834,True,-11.5,0,0,0,0,0,1,,,GIO Stadium,0,0.979166666667,-61.1417656854,-5.72000678715,0,,,,,,,
20241111250,2024,12,Cronulla-Sutherland Sharks,Penrith Panthers,0,0,42,0.592366473438,0.642575332837,0.592227101009,0.642324904819,22.1820633271,19.4075074855,21.8563605863,17.7477823574,True,3.5,0,0,0,0,0,1,,,Sharks Stadium,2,0.847222222222,0.464002287481,-1.22905214148,0,,,,,,,
20241111260,2024,12,South Sydney Rabbitohs,Parramatta Eels,1,42,26,0.532394273899,0.475308178721,0.532344390376,0.47535399744,22.4003060926,22.4001591852,22.3534039274,22.0041493009,True,-1.5,0,1,1,1,1,1,leadership_change,0,Accor Stadium,-2,0.847222222222,-28.704132131,1.62350628018,0.0220470137377,31,leadership-eels-2024-arthur-barrett,effective,0,away,eels,2
20241111270,2024,12,Brisbane Broncos,Gold Coast Titans,0,34,36,0.792726457701,0.80332299295,0.792385888426,0.802909434354,27.0572391545,16.1197825481,26.4410168283,15.3982639329,True,16.5,0,0,0,0,0,1,,,Suncorp Stadium,4,0.788194444444,56.5221253551,7.48718729768,0.0140970033163,,,,,,,
20241111280,2024,12,New Zealand Warriors,Dolphins,1,24,20,0.365828052883,0.384075128124,0.366025169857,0.384282805297,19.420781784,25.6879763196,19.5439846336,23.299538278,True,-3.5,0,0,0,0,0,1,,,Go Media Stadium,-6,0.190972222222,-14.8235582849,-2.10753998132,-0.0403704128307,,,,,,,
20241111310,2024,13,Parramatta Eels,Cronulla-Sutherland Sharks,1,34,22,0.288815730903,0.276616063221,0.289101640166,0.276973729217,19.6551397728,29.3963205366,19.3916849784,28.2331151264,True,1.5,1,0,1,1,1,1,leadership_change,1,CommBank Stadium,-8,-0.0868055555556,-74.960276002,-6.47839327402,-0.00795001042137,31,leadership-eels-2024-arthur-barrett,effective,1,home,eels,1
20241111320,2024,13,Newcastle Knights,Canterbury-Bankstown Bulldogs,0,2,32,0.573765094865,0.555232780684,0.573652842945,0.555130957792,22.6358023722,20.0787759875,22.8552551394,21.3938020928,True,5.5,0,0,0,0,0,1,,,McDonald Jones Stadium,2,5.20138888889,6.22020344739,0.311726452056,0.018021807624,,,,,,,
20241111330,2024,13,Penrith Panthers,St. George Illawarra Dragons,0,10,22,0.776374187027,0.750584043768,0.776040316084,0.750200498889,25.4606944391,15.9709760699,25.6006109665,16.6826752711,True,8.5,0,0,0,0,0,1,,,BlueBet Stadium,4,-1.90277777778,52.425314281,9.35493492168,0,,,,,,,
20241111340,2024,13,Dolphins,Canberra Raiders,0,25,26,0.787483972911,0.761149207784,0.787145282074,0.760757361828,26.0675103032,16.8786419392,26.1105553064,16.2319629875,True,4.5,0,0,0,0,0,1,,,Kayo Stadium,2,-1.12847222222,23.0789423828,2.23780108368,-0.00649271595008,,,,,,,
20241111350,2024,13,Sydney Roosters,North Queensland Cowboys,0,16,18,0.778324044921,0.770070540725,0.777989247857,0.769672520327,26.5528737629,18.5505381713,26.7998313879,18.9616505561,True,16.5,0,0,0,0,0,1,,,Allianz Stadium,4,-0.875,55.2553769643,3.63252006657,-0.00438990328655,,,,,,,
20241111410,2024,14,St. George Illawarra Dragons,Wests Tigers,1,56,14,0.654924589901,0.642243861806,0.654700939646,0.641993947339,23.3477019685,17.3772872391,23.1393094978,17.7453641436,True,9.5,0,0,0,0,0,1,,,WIN Stadium,4,-7.97916666667,-0.275513206367,0.959778855791,-0.0274065404634,,,,,,,
20241111420,2024,14,Gold Coast Titans,South Sydney Rabbitohs,0,12,46,0.698986611627,0.678998902877,0.69871281435,0.678695330754,25.9356004303,20.7609619671,25.0497457903,20.5546804282,True,0.5,0,0,0,0,0,1,,,Cbus Super Stadium,4,-0.767361111111,29.6418957413,-4.05911203056,-0.0180028335063,,,,,,,
20241111430,2024,14,North Queensland Cowboys,New Zealand Warriors,0,12,42,0.524324642342,0.527923818898,0.524287139339,0.527872026306,21.8928406242,20.7423797953,21.7743875953,22.164610292,True,2.5,0,0,0,0,0,1,,,Queensland Country Bank Stadium,2,-6.91666666667,-8.73852545412,0.416593850214,-0.0293943849164,,,,,,,
20241111440,2024,14,Brisbane Broncos,Cronulla-Sutherland Sharks,0,12,22,0.577644849261,0.569110556414,0.577526882472,0.568983742721,22.3934667964,21.751951205,22.5501467851,21.2789144644,True,4.5,0,0,0,0,0,1,,,Suncorp Stadium,0,4.24305555556,10.1342020076,-1.04634269464,-0.0121746098661,,,,,,,
20241111450,2024,14,Melbourne Storm,Newcastle Knights,1,36,28,0.693889402351,0.710051306274,0.693620913208,0.709708469245,23.9479487223,16.6480846872,24.2456988234,15.5683414649,True,13.5,0,0,0,0,0,1,,,AAMI Park,-2,7,28.8438309403,6.41601270842,0.0113518068427,,,,,,,
20241111460,2024,14,Penrith Panthers,Manly-Warringah Sea Eagles,1,32,22,0.727497783564,0.706743306127,0.727197071238,0.706404348108,24.4851248428,17.5720833038,24.5975250592,17.3096651247,True,8.5,0,0,0,0,0,1,,,BlueBet Stadium,2,-7.89583333333,43.0723413168,7.53459743373,-0.0140970033163,,,,,,,
20241111470,2024,14,Canterbury-Bankstown Bulldogs,Parramatta Eels,1,22,18,0.719948372805,0.700403565189,0.719654303755,0.700072252911,25.8250897652,17.689127663,25.4226144604,18.0780100009,True,-2.5,0,1,1,1,1,1,leadership_change,2,Accor Stadium,4,-1.00694444444,49.9415676502,1.26182610978,0.0132887666974,31,leadership-eels-2024-arthur-barrett,effective,2,away,eels,1
20241111510,2024,15,Cronulla-Sutherland Sharks,Dolphins,0,28,30,0.626840838159,0.608972079058,0.626653465819,0.608775997725,22.8193728196,20.3850801664,22.7037635889,20.1803857537,True,8.5,0,0,0,0,0,1,,,Sharks Stadium,0,-7,1.08327876168,4.99915967454,0,,,,,,,
20241111520,2024,15,Canberra Raiders,North Queensland Cowboys,0,16,34,0.452782797245,0.518570491963,0.452855276882,0.5185360078,21.1969888661,23.2477333799,21.4560479372,22.0432968356,True,2.5,0,0,0,0,0,1,,,GIO Stadium,0,6.91319444444,-16.9380604229,-4.41580392901,0.00226193315466,,,,,,,
20241111530,2024,15,South Sydney Rabbitohs,Brisbane Broncos,1,22,12,0.393038620459,0.408589515331,0.393198715757,0.408755613352,20.9939301143,26.2297383378,21.3984723011,24.812914264,True,-4.5,0,0,0,0,0,1,,,Accor Stadium,0,0.190972222222,-68.6258792498,-2.68374445702,0.0100528230849,,,,,,,
20241111540,2024,15,Wests Tigers,Gold Coast Titans,1,18,10,0.420511098001,0.440664160133,0.420631770899,0.44077340851,21.3985613002,26.0413762941,20.7649408715,26.3931895846,True,-2.5,0,0,0,0,0,1,,,Leichhardt Oval,-4,0.791666666667,-20.3732714608,-1.77627255365,-0.0244955494564,,,,,,,
20241111550,2024,15,New Zealand Warriors,Melbourne Storm,0,24,38,0.535176532282,0.529315022859,0.535122391614,0.52926066144,21.344637329,18.7032324719,21.2852292689,18.807593108,True,2.5,0,0,0,0,0,1,,,Go Media Stadium,0,0.854166666667,-22.8683470969,-4.68109576685,0.00535773039371,,,,,,,
20241111560,2024,15,Parramatta Eels,Sydney Roosters,0,18,28,0.259506751305,0.253443719757,0.259818012764,0.25382383035,19.3629170253,28.009044959,19.035287935,29.4011751889,True,-7.5,0,0,0,0,0,1,leadership_change,,CommBank Stadium,-4,-7.99652777778,-81.0572100749,-6.15355505141,-0.0264369170242,31,leadership-eels-2024-arthur-barrett,effective,3,home,eels,1
20241111570,2024,15,Manly-Warringah Sea Eagles,St. George Illawarra Dragons,1,30,14,0.605146483169,0.631366198696,0.604988934938,0.631133401867,23.8894264591,21.8624497135,23.8657261151,21.038062038,True,5.5,0,0,0,0,0,1,,,4 Pines Park,-4,-1.83680555556,31.7100397736,1.58708790872,-0.0120339352202,,,,,,,
20241111580,2024,15,Newcastle Knights,Penrith Panthers,0,18,26,0.250678928099,0.244468918838,0.250996677601,0.24485648037,18.6683567093,29.7221601324,18.6008471201,29.4602155992,True,-11.5,0,0,0,0,0,1,,,McDonald Jones Stadium,0,0.0868055555556,-49.0275665494,-10.2984496724,0.0185014937019,,,,,,,
20241111610,2024,16,Dolphins,Melbourne Storm,0,24,30,0.563357784022,0.578216660107,0.563260995087,0.578073660524,22.3639997912,20.7810862291,22.1026105279,21.2498648015,True,-6.5,0,0,0,0,0,1,,,Suncorp Stadium,0,1.98611111111,-19.5202614117,-4.91907224331,0.0162457438979,,,,,,,
20241111620,2024,16,Gold Coast Titans,New Zealand Warriors,1,66,6,0.302831919319,0.321036404282,0.303103839012,0.321339928335,21.0529609219,26.7156883384,20.7185064482,28.6234037629,True,-4.5,0,0,0,0,0,1,,,Cbus Super Stadium,-2,0.1875,-49.6058498537,-3.07561021899,-0.0181619539974,,,,,,,
20241111630,2024,16,Sydney Roosters,Canterbury-Bankstown Bulldogs,1,26,8,0.720831054573,0.723503091346,0.720536190005,0.72314529884,24.2137233964,17.4965808491,23.750997497,18.3166002013,True,7.5,0,0,0,0,0,1,,,Other,0,-5.14930555556,22.612616271,5.22385010153,0.03213958139,,,,,,,
20241111640,2024,16,South Sydney Rabbitohs,Manly-Warringah Sea Eagles,1,14,0,0.517521023872,0.530280966525,0.517493989975,0.530224822501,22.459880924,22.7172548506,22.6808641237,22.9291920038,True,7.5,0,0,0,0,0,1,,,Accor Stadium,2,1.75,-36.8513990407,2.77579632994,0.0139776273926,,,,,,,
20241111650,2024,16,Wests Tigers,Canberra Raiders,1,48,24,0.371247620127,0.365686303852,0.37143755071,0.365923788649,20.47854114,24.6103782881,20.18719431,26.0509377239,True,-5.5,0,0,0,0,0,1,,,Campbelltown Sports Stadium,-4,-0.875,-37.5932670612,-4.5484834913,-0.0222274329511,,,,,,,
20241111710,2024,17,Canterbury-Bankstown Bulldogs,Cronulla-Sutherland Sharks,1,15,14,0.496343141114,0.522096162739,0.496348787842,0.52205514731,21.3270263113,21.5639018815,21.1449391858,22.6612146753,True,-3.5,0,0,0,0,0,1,,,Accor Stadium,2,-8.90277777778,0.31828727556,-5.66819494966,-0.00390583018997,,,,,,,
20241111720,2024,17,New Zealand Warriors,Brisbane Broncos,1,32,16,0.510496893264,0.515165711101,0.510480688692,0.515137540775,22.5385525136,22.8953966177,22.5343880079,22.2604650841,True,3.5,0,0,0,0,0,1,,,Go Media Stadium,2,-7.79166666667,-8.60640622296,-4.29070251407,-0.00795001042137,,,,,,,
20241111730,2024,17,Newcastle Knights,Parramatta Eels,1,34,26,0.660783384128,0.657959036014,0.660552550305,0.657685336635,24.8822330856,21.5765285609,25.0179051639,21.346351932,True,-1.5,0,0,0,0,0,1,,,McDonald Jones Stadium,2,-0.854166666667,16.3955640304,-1.8942869033,-0.0202439962112,,,,,,,
20241111740,2024,17,Melbourne Storm,Canberra Raiders,1,16,6,0.713962700122,0.727793615791,0.713674153358,0.727431341506,26.5846690633,17.4717511531,26.579317032,17.9125008868,True,9.5,0,0,0,0,0,1,,,AAMI Park,4,1.83680555556,53.7168083555,7.2634375859,-0.0220470137377,,,,,,,
20241111750,2024,17,St. George Illawarra Dragons,Dolphins,1,26,6,0.414153048616,0.440331138722,0.414282998823,0.440440988499,21.306068832,23.7673302411,21.2585005788,23.6145123496,True,0.5,0,0,0,0,0,1,,,Jubilee Stadium,2,5.25,-10.4116495713,-3.19487992478,0.018021807624,,,,,,,
20241111760,2024,17,Penrith Panthers,North Queensland Cowboys,0,6,16,0.770141237623,0.758165058641,0.769810548483,0.75777545118,26.0158865635,17.4814987892,26.4242319789,17.7120046729,True,12.5,0,0,0,0,0,1,,,BlueBet Stadium,-2,-1.92013888889,53.6767719723,8.30871758244,-0.0565953862789,,,,,,,
20241111770,2024,17,Sydney Roosters,Wests Tigers,1,40,6,0.822926813637,0.80919758978,0.822580851992,0.808782632938,28.2336251599,14.2648240657,28.217828879,14.4848988295,True,14.5,0,0,0,0,0,1,,,Allianz Stadium,2,0.940972222222,88.1608204256,10.2240004498,0.00323594361246,,,,,,,
20241111810,2024,18,Parramatta Eels,South Sydney Rabbitohs,0,16,32,0.497359208832,0.485945077846,0.497363286671,0.485971187136,22.3613785589,22.5944088993,22.1119368856,22.7255429038,True,-3.5,0,0,0,0,0,1,,,CommBank Stadium,-6,-6.91319444444,-7.96089159367,-2.04370713106,-0.00795001042137,,,,,,,
20241111820,2024,18,Cronulla-Sutherland Sharks,Gold Coast Titans,0,16,20,0.757431454312,0.759963038847,0.757108256663,0.759572072479,26.4952499153,19.6086533122,26.3053092495,20.0568570114,True,9.5,0,0,0,0,0,1,,,Other,-2,-6.20833333333,53.0204972124,8.37247752419,0.00224295903695,,,,,,,
20241111830,2024,18,Brisbane Broncos,Penrith Panthers,0,6,14,0.308580375467,0.290590815385,0.308846242472,0.290932905488,19.2271075104,25.7657481258,19.0243397669,26.2699405268,True,-3.5,0,0,0,0,0,1,,,Suncorp Stadium,-4,0.961805555556,-27.5627263849,-5.90305629415,0.00555053700294,,,,,,,
20241111840,2024,18,Canterbury-Bankstown Bulldogs,New Zealand Warriors,1,13,12,0.758746795213,0.792919727921,0.758422761918,0.792509682662,26.5043226871,16.8937465902,26.7864326495,17.4681843701,True,5.5,0,0,0,0,0,1,,,Accor Stadium,2,0.875,32.1240569668,2.15452395014,0.00614699289493,,,,,,,
20241111850,2024,18,Wests Tigers,Melbourne Storm,0,28,40,0.246785990266,0.245409238969,0.247106417643,0.24579605439,19.4726023267,27.7957540031,19.2097168391,27.7876154242,True,-11.5,0,0,0,0,0,1,,,Leichhardt Oval,-4,-0.944444444444,-66.0879479992,-10.8716363921,-0.00681687947244,,,,,,,
20241111860,2024,18,North Queensland Cowboys,Manly-Warringah Sea Eagles,0,20,21,0.60486506651,0.586447781381,0.604707914018,0.586290318825,22.5376347752,20.6391113632,22.0089991353,20.439410477,True,1.5,0,0,0,0,0,1,,,Queensland Country Bank Stadium,4,-7.85416666667,-22.9659626082,4.04905682878,0,,,,,,,
20241111870,2024,18,Sydney Roosters,St. George Illawarra Dragons,1,42,12,0.786363511676,0.785018233402,0.786025255891,0.784611700779,26.290540569,15.3255629876,25.9825823592,15.1129656713,True,12.5,0,0,0,0,0,1,,,Allianz Stadium,2,-0.177083333333,53.6869000105,7.9684396788,0.00402520611368,,,,,,,
20241111880,2024,18,Canberra Raiders,Newcastle Knights,0,12,16,0.406312041844,0.410411222092,0.406453312286,0.41057415794,20.2121134567,26.2020366365,20.2933862012,25.6547155913,True,-3.5,0,0,0,0,0,1,,,GIO Stadium,-2,-0.0868055555556,-26.0134165162,-1.31025063463,-0.00388505974027,,,,,,,
20241111910,2024,19,Dolphins,South Sydney Rabbitohs,1,36,28,0.652751023219,0.662837689926,0.652530074024,0.662556852795,25.5178794043,19.6466572291,24.9528798739,19.8220365392,True,1.5,0,0,0,0,0,1,,,Kayo Stadium,-8,4.24305555556,15.0888515642,-1.92343670935,0,,,,,,,
20241111920,2024,19,Cronulla-Sutherland Sharks,Wests Tigers,1,58,6,0.803970768563,0.791419344387,0.803627074611,0.791009911391,27.693123486,16.7566465972,27.7364332323,16.9310569866,True,8.5,0,0,0,0,0,1,,,Sharks Stadium,-2,0.979166666667,55.1573188686,10.7341912852,0.0100717972026,,,,,,,
20241111930,2024,19,Gold Coast Titans,Parramatta Eels,1,24,16,0.782026588185,0.797812577592,0.781690125488,0.797400718555,29.0333278152,17.5789906652,28.7347045886,18.4083293621,True,9.5,0,0,0,0,0,1,,,Cbus Super Stadium,4,-0.923611111111,18.6423271141,-1.37944887164,-0.0222733608691,,,,,,,
20241111940,2024,19,Brisbane Broncos,St. George Illawarra Dragons,0,26,30,0.471828264946,0.476850206253,0.47187167588,0.476893171998,21.4013968878,21.978521864,21.3235377724,21.9697161224,True,6.5,0,0,0,0,0,1,,,Suncorp Stadium,-6,1.75,-1.55527144348,5.3357864126,0.00614699289493,,,,,,,
20241111950,2024,19,Manly-Warringah Sea Eagles,Newcastle Knights,1,44,6,0.661820806701,0.671931027235,0.661588715963,0.671637220323,24.007359005,19.2304123167,24.1078464492,18.7756703977,True,8.5,0,0,0,0,0,1,,,4 Pines Park,2,0.854166666667,15.448372553,0.293189199089,-0.0100717972026,,,,,,,
20241112010,2024,20,Canberra Raiders,New Zealand Warriors,1,20,18,0.54488261666,0.568549683373,0.54481368089,0.568423872486,22.789279651,22.090798802,22.6264350561,22.3508566618,True,2.5,0,0,0,0,0,1,,,GIO Stadium,-2,-1.04513888889,-22.3844476083,-1.22311834607,0,,,,,,,
20241112020,2024,20,South Sydney Rabbitohs,Wests Tigers,1,42,28,0.804628668691,0.79717064772,0.804284831436,0.796759010512,29.2899568413,17.6635387397,29.7558885342,17.6214828999,True,9.5,0,0,0,0,0,1,,,Other,4,1.00694444444,37.5609984849,8.63280432221,-0.0140970033163,,,,,,,
20241112030,2024,20,Newcastle Knights,Brisbane Broncos,0,14,30,0.553563190375,0.61183834196,0.5534811108,0.611637460099,23.010455916,22.1858203275,23.2962915411,20.2086600006,True,-6.5,0,0,0,0,0,1,,,McDonald Jones Stadium,4,-0.854166666667,-8.14294048551,-5.20644678396,0.0173934619459,,,,,,,
20241112040,2024,20,Melbourne Storm,Sydney Roosters,1,24,8,0.432110898502,0.415596344349,0.432214442695,0.415750231019,19.9504464138,24.5176896123,19.5012706027,24.6065806608,True,-2.5,0,0,0,0,0,1,,,AAMI Park,2,0.854166666667,-23.7731253435,-1.44772197856,-0.0121935839839,,,,,,,
20241112050,2024,20,Penrith Panthers,Dolphins,1,28,26,0.708428578889,0.696716441482,0.708145330906,0.696389700317,24.1992762398,18.4681119729,24.1899871525,18.7851103358,True,9.5,0,0,0,0,0,1,,,BlueBet Stadium,2,5.99305555556,31.5447575486,5.4012150211,-0.0140970033163,,,,,,,
20241112060,2024,20,Manly-Warringah Sea Eagles,Gold Coast Titans,1,38,8,0.69327453962,0.717076425791,0.693006700247,0.71672561101,25.6383681564,18.4727749242,25.2827356715,19.4096956919,True,7.5,0,0,0,0,0,1,,,4 Pines Park,0,-0.940972222222,11.4330543182,2.97195440487,-0.0220470137377,,,,,,,
20241112070,2024,20,North Queensland Cowboys,Canterbury-Bankstown Bulldogs,1,20,18,0.5972321839,0.583036219401,0.597085843545,0.582884730822,21.2181939756,20.9048527061,20.9683829921,19.9383334515,True,3.5,0,0,0,0,0,1,,,Queensland Country Bank Stadium,-2,-0.190972222222,-9.21381755988,0.747256062559,-0.0335994819709,,,,,,,
20241112110,2024,21,New Zealand Warriors,Wests Tigers,1,28,16,0.787311412119,0.763806390755,0.786972787522,0.763412623743,27.7461371419,18.4557102848,27.9137125237,18.1930774368,True,12.5,0,0,0,0,0,1,,,Go Media Stadium,0,0.791666666667,48.8823728456,6.40205390912,0.0159000208427,,,,,,,
20241112120,2024,21,Parramatta Eels,Melbourne Storm,0,14,32,0.177651284019,0.195868767466,0.177997235628,0.196282544083,18.1730142419,32.568446567,18.5360307075,31.9177707174,True,-18.5,0,0,0,0,0,1,,,CommBank Stadium,-10,7.08680555556,-59.3339701766,-7.45130501776,0.00683585359016,,,,,,,
20241112130,2024,21,Brisbane Broncos,Canterbury-Bankstown Bulldogs,0,16,41,0.63301505475,0.6087810631,0.632819463403,0.608585302672,21.7109327583,18.6301524212,21.8700979767,19.0040368036,True,12.5,0,0,0,0,0,1,,,Suncorp Stadium,-4,1.03125,-12.7716004374,4.01139025846,0.00681687947244,,,,,,,
20241112140,2024,21,North Queensland Cowboys,Cronulla-Sutherland Sharks,1,30,22,0.449214291534,0.451858626959,0.449292175668,0.451947551866,21.2097802715,22.4659394146,21.2852692943,21.8398373674,True,3.5,0,0,0,0,0,1,,,Queensland Country Bank Stadium,2,-8.92708333333,-7.03794259674,-3.90423045291,-0.00390583018997,,,,,,,
20241112150,2024,21,Sydney Roosters,Manly-Warringah Sea Eagles,1,34,30,0.700818080973,0.733642979839,0.700542411184,0.733274830966,24.8161786302,17.7295075637,24.6316568945,17.9550691728,True,7.5,0,0,0,0,0,1,,,Allianz Stadium,0,0.854166666667,37.8997478379,6.02397367683,-0.00714177380244,,,,,,,
20241112160,2024,21,St. George Illawarra Dragons,Penrith Panthers,0,10,46,0.297095689391,0.301487863525,0.297373469354,0.301816842138,19.5128335621,27.0988424333,19.5216414639,26.0130350918,True,-12.5,0,0,0,0,0,1,,,WIN Stadium,-2,7.76736111111,-35.4508516055,-11.4159938318,-0.0180028335063,,,,,,,
20241112170,2024,21,Dolphins,Gold Coast Titans,0,14,21,0.601142986293,0.600536017408,0.600991087554,0.600354221433,24.5184468569,21.0004908052,24.2795896615,22.2614503247,True,6.5,0,0,0,0,0,1,,,Suncorp Stadium,-2,0.0868055555556,3.92641090522,3.99767573534,0.00471406680891,,,,,,,
20241112180,2024,21,Canberra Raiders,South Sydney Rabbitohs,1,32,12,0.527106327229,0.522885333714,0.527064551457,0.522842857425,22.7590674369,23.2301523045,22.7854582723,24.9638161559,True,4.5,0,0,0,0,0,1,,,GIO Stadium,-6,0.791666666667,-27.0231887643,-3.1119943703,0,,,,,,,
20241112210,2024,22,Wests Tigers,North Queensland Cowboys,0,30,48,0.213581260729,0.225448323675,0.213919538232,0.225849143224,20.0445456537,31.5638767058,20.0503321663,32.0689968792,True,-10.5,0,0,0,0,0,1,,,Leichhardt Oval,-8,0.895833333333,-61.9005380393,-9.66728417119,0.00582822364012,,,,,,,
20241112220,2024,22,New Zealand Warriors,Parramatta Eels,0,20,30,0.728891051316,0.718822862822,0.728589153368,0.718470121018,27.8847617042,18.9562259075,27.6674142378,18.9265366419,True,14.5,0,0,0,0,0,1,,,Go Media Stadium,4,0,20.8228915483,2.32840711538,-0.00795001042137,,,,,,,
20241112230,2024,22,Dolphins,Sydney Roosters,0,34,40,0.264543022491,0.24620688815,0.264850332967,0.246593064236,19.8274346845,29.941869479,19.2704399274,30.9434721894,True,-11.5,0,0,0,0,0,1,,,HBF Park,-6,-0.854166666667,-47.3629373809,-5.89477752865,-0.0198066608104,,,,,,,
20241112240,2024,22,Gold Coast Titans,Brisbane Broncos,1,46,18,0.631426676241,0.636494795096,0.631233187036,0.636253864665,24.1116487099,18.9991592856,24.0149268023,18.2393177915,True,-5.5,0,0,0,0,0,1,,,Cbus Super Stadium,6,-1.04513888889,-15.9437129569,-6.51336155368,-0.0141367478837,,,,,,,
20241112250,2024,22,Melbourne Storm,St. George Illawarra Dragons,0,16,18,0.788690130697,0.806212958944,0.788350984646,0.80579865824,27.7558776614,15.4629217412,27.6350286415,16.1099436962,True,20.5,0,0,0,0,0,1,,,AAMI Park,6,1.75,40.343341354,9.07679268123,0.00180301752644,,,,,,,
20241112260,2024,22,Cronulla-Sutherland Sharks,South Sydney Rabbitohs,1,20,6,0.751252892957,0.740674401614,0.750933800277,0.740299563129,27.1952411587,16.7595851763,27.2815130013,16.7633559123,True,13.5,0,0,0,0,0,1,,,Sharks Stadium,-4,1.03125,32.0075843202,4.77935529298,0.0100528230849,,,,,,,
20241112270,2024,22,Penrith Panthers,Newcastle Knights,1,22,14,0.775518661756,0.75622549397,0.775185207686,0.755837386736,27.8844061049,15.8405177404,27.5356393166,15.9621304863,True,18.5,0,0,0,0,0,1,,,BlueBet Stadium,4,-7.85416666667,50.640459505,11.1423232368,0.00212178678125,,,,,,,
20241112280,2024,22,Canterbury-Bankstown Bulldogs,Canberra Raiders,1,22,18,0.710181909328,0.711660904888,0.709896962896,0.711316208456,25.4281079795,17.4274066893,25.5569618712,17.757124128,True,8.5,0,0,0,0,0,1,,,Belmore Sports Ground,2,1.13541666667,38.1759538723,2.52179049951,0.00520481394779,,,,,,,
20241112310,2024,23,South Sydney Rabbitohs,Melbourne Storm,0,16,28,0.249192435689,0.249475001123,0.249511221225,0.24985849671,19.3837012974,26.9920662702,19.336460892,28.17919421,True,-15.5,0,0,0,0,0,1,,,Accor Stadium,-4,-0.0868055555556,-54.4526410092,-5.11419469447,0,,,,,,,
20241112320,2024,23,Gold Coast Titans,Cronulla-Sutherland Sharks,0,0,44,0.406241362047,0.416225442778,0.406382733889,0.416378226778,21.4200183971,22.4001039385,20.9997120429,23.1972173289,True,5.5,0,0,0,0,0,1,,,Cbus Super Stadium,4,0.190972222222,-30.0824967128,-8.10038395243,0.000808236618935,,,,,,,
20241112330,2024,23,Parramatta Eels,Penrith Panthers,0,34,36,0.196975596142,0.202024777345,0.197319076138,0.202436691805,18.4759871799,28.8069132142,18.58525314,30.7288394237,True,-16.5,0,0,0,0,0,1,,,CommBank Stadium,-6,1.75,-74.0747574273,-11.5665494815,0.018021807624,,,,,,,
20241112340,2024,23,Canberra Raiders,Manly-Warringah Sea Eagles,0,24,46,0.254388658843,0.264407301623,0.254703751084,0.264777346773,19.9748989095,29.0889191509,20.1494930279,29.3500520789,True,-3.5,0,0,0,0,0,1,,,GIO Stadium,-2,-7.85416666667,-51.3396389372,-3.18724472126,0,,,,,,,
20241112350,2024,23,North Queensland Cowboys,Brisbane Broncos,0,18,42,0.785069136124,0.792070983202,0.784731397419,0.791661281095,29.0897800523,17.8983663003,29.1474171002,17.163501904,True,7.5,0,0,0,0,0,1,,,Queensland Country Bank Stadium,6,1.79861111111,17.6247347854,1.01347448095,-0.0134478871885,,,,,,,
20241112360,2024,23,St. George Illawarra Dragons,Canterbury-Bankstown Bulldogs,0,10,28,0.40605653671,0.382646478544,0.406198173653,0.382856517415,20.6682062642,24.7669217526,20.4537350257,23.111170487,True,-2.5,0,0,0,0,0,1,,,Jubilee Stadium,-2,0.940972222222,-35.1702822751,-4.48017757553,-0.0159000208427,,,,,,,
20241112370,2024,23,Dolphins,New Zealand Warriors,1,34,32,0.587486699268,0.585298344111,0.587354370321,0.585142890992,24.4998969098,20.5561355008,24.2009055737,19.6326107076,True,6.5,0,0,0,0,0,1,,,Suncorp Stadium,-2,0.0833333333333,9.15585892349,1.6863411319,0.0201246202875,,,,,,,
20241112380,2024,23,Newcastle Knights,Wests Tigers,1,34,18,0.750306313163,0.737378198364,0.749987875127,0.737006444298,27.6326057522,18.8606045161,27.8742143758,18.1910055403,True,10.5,0,0,0,0,0,1,,,McDonald Jones Stadium,4,-2.75694444444,29.9344506465,6.82285677434,-0.0100528230849,,,,,,,
20241112410,2024,24,Penrith Panthers,Melbourne Storm,0,22,24,0.598732545733,0.611898083197,0.598584068394,0.611697101577,22.545169787,15.5383000689,22.0083070281,16.255392356,True,5.5,0,0,0,0,0,1,,,BlueBet Stadium,2,-1.00694444444,4.87810089496,2.6861907088,-0.0193415618315,,,,,,,
20241112420,2024,24,Manly-Warringah Sea Eagles,New Zealand Warriors,1,24,10,0.805539465785,0.822352101646,0.80519543754,0.821935641342,29.998754275,15.7253418042,29.151551164,15.8065516711,True,14.5,0,0,0,0,0,1,,,4 Pines Park,6,0.958333333333,51.1509537363,3.01222567946,0.00390583018997,,,,,,,
20241112430,2024,24,Sydney Roosters,Parramatta Eels,1,38,14,0.846999874417,0.842537968743,0.846657111484,0.842123952313,31.0105325191,15.3659796599,30.4644654207,15.3987058662,True,17.5,0,0,0,0,0,1,,,Allianz Stadium,6,7.08333333333,76.6428272487,8.5700554188,0.00402520611368,,,,,,,
20241112440,2024,24,Canterbury-Bankstown Bulldogs,Dolphins,1,30,10,0.770464283897,0.772491083604,0.770133421688,0.772091525551,26.8169488686,18.6971768736,26.004443583,18.5512521208,True,6.5,0,0,0,0,0,1,,,Other,4,0.767361111111,16.6298462298,2.0664967377,0.00795001042137,,,,,,,
20241112450,2024,24,North Queensland Cowboys,Canberra Raiders,1,42,4,0.699307412733,0.694506743996,0.699033286125,0.694182785043,26.9969796256,17.933171146,27.1625048133,18.7897449269,True,5.5,0,0,0,0,0,1,,,Queensland Country Bank Stadium,2,-0.104166666667,27.1400985762,4.01140428961,0.00795001042137,,,,,,,
20241112460,2024,24,Wests Tigers,South Sydney Rabbitohs,1,18,16,0.436576260631,0.391465217966,0.436673148131,0.391660564466,22.1896082677,26.1291837953,22.029597791,26.5698173912,True,-6.5,0,0,0,0,0,1,,,Campbelltown Sports Stadium,-2,-2.84375,-41.8485759469,-7.8664697238,-0.0100528230849,,,,,,,
20241112470,2024,24,St. George Illawarra Dragons,Gold Coast Titans,1,32,16,0.610357468343,0.621105223571,0.610192631098,0.620889018157,23.989983998,22.1978693618,23.8991017869,22.5715626901,True,4.5,0,0,0,0,0,1,,,WIN Stadium,-2,-1.06597222222,-12.7895967121,0.0276700317247,-0.0223927367928,,,,,,,
20241112480,2024,24,Cronulla-Sutherland Sharks,Newcastle Knights,1,19,18,0.728788285714,0.721467687864,0.728486474779,0.721112071389,26.781058379,16.1182572962,27.2023096883,15.1313106667,True,8.5,0,0,0,0,0,1,,,Sharks Stadium,2,1.92013888889,48.3762449263,6.28058999306,-0.0241688005189,,,,,,,
20241112510,2024,25,Wests Tigers,Manly-Warringah Sea Eagles,1,34,26,0.167648677034,0.169525583864,0.167994245887,0.169941783965,18.7081550623,35.356711793,18.6772127733,35.2782710424,True,-17.5,0,0,0,0,0,1,,,Leichhardt Oval,-6,-1.06597222222,-100.940686968,-9.58503722615,0.0140970033163,,,,,,,
20241112520,2024,25,New Zealand Warriors,Canterbury-Bankstown Bulldogs,0,18,34,0.293824821889,0.298693215789,0.294105860627,0.299025634038,19.3637264082,25.5527243696,19.4445586038,26.0412895994,True,-4.5,0,0,0,0,0,1,,,Go Media Stadium,-6,0.875,-39.2627518785,-3.66840376608,-0.0009740104578,,,,,,,
20241112530,2024,25,Brisbane Broncos,Parramatta Eels,1,30,24,0.651784420145,0.631026387827,0.651564678258,0.630794133764,25.9376311921,22.1997339103,25.6102827029,22.5110258026,True,9.5,0,0,0,0,0,1,,,Suncorp Stadium,2,6.10416666667,1.28110859883,5.32707115456,0.0100717972026,,,,,,,
20241112540,2024,25,Canberra Raiders,Penrith Panthers,1,22,18,0.250339684165,0.234605540412,0.250657671568,0.235000422626,19.2846141484,29.1364905393,19.3667294036,30.0942582518,True,-10.5,0,0,0,0,0,1,,,GIO Stadium,-4,-1.90277777778,-53.0090301006,-11.1686664994,-0.00795001042137,,,,,,,
20241112550,2024,25,Melbourne Storm,Dolphins,1,48,6,0.812757119121,0.806764408518,0.812411886602,0.806349978085,28.6548400876,15.692096185,28.469258116,15.1290043167,True,16.5,0,0,0,0,0,1,,,AAMI Park,6,1.79861111111,33.5978565638,5.76445751115,-0.00427052736284,,,,,,,
20241112560,2024,25,South Sydney Rabbitohs,Newcastle Knights,0,16,36,0.531434238384,0.555421625578,0.53138582528,0.555319460299,24.0788263975,21.5242447974,24.1603618633,23.3629264173,True,-7.5,0,0,0,0,0,1,,,Accor Stadium,0,0.854166666667,3.09518911025,0.551198968432,-0.0100528230849,,,,,,,
20241112570,2024,25,Gold Coast Titans,Sydney Roosters,0,22,48,0.256982004002,0.245848503173,0.257295178756,0.246234967241,20.3615370361,30.0908595581,19.668583545,33.3208485258,True,-14.5,0,0,0,0,0,1,,,Cbus Super Stadium,-4,-1.75,-61.7972029316,-10.6655138048,0.00371922762596,,,,,,,
20241112580,2024,25,St. George Illawarra Dragons,Cronulla-Sutherland Sharks,0,10,38,0.290608051836,0.29350014989,0.290892235271,0.2938388194,20.4965292427,29.2529412962,19.9948759133,27.9238800086,True,-2.5,0,0,0,0,0,1,,,WIN Stadium,-2,0.0868055555556,-56.0394092537,-9.9479763234,-0.0159189949605,,,,,,,
20241112610,2024,26,North Queensland Cowboys,Melbourne Storm,1,38,30,0.414370286894,0.414657715464,0.414499921521,0.414813245463,21.7666929725,23.8663715488,21.8255919685,23.827652544,True,11.5,0,0,0,0,0,1,,,Queensland Country Bank Stadium,0,7,-36.7324554086,-2.01482209614,-0.018021807624,,,,,,,
20241112620,2024,26,Canterbury-Bankstown Bulldogs,Manly-Warringah Sea Eagles,0,22,34,0.604085501986,0.619299154948,0.603929446848,0.619085911643,22.4933890046,20.5414336707,21.9949840791,19.8836151111,True,3.5,0,0,0,0,0,1,,,Accor Stadium,4,-1.00694444444,-9.85907903677,0.456217414872,0.0133139448603,,,,,,,
20241112630,2024,26,Penrith Panthers,South Sydney Rabbitohs,1,34,12,0.831790481415,0.821188557932,0.831444859254,0.820772136521,30.308049755,13.7646706014,30.0588351797,14.0564530532,True,17.5,0,0,0,0,0,1,,,BlueBet Stadium,6,0.190972222222,54.1085924102,9.09041614052,-0.00392480430769,,,,,,,
20241112640,2024,26,Parramatta Eels,St. George Illawarra Dragons,1,44,40,0.538821163032,0.563065151589,0.538761455973,0.562949180003,22.5611286694,22.5444108658,23.0530979589,22.3718822553,True,-3.5,0,0,0,0,0,1,,,CommBank Stadium,-2,1.83680555556,-16.6994444516,1.20466045574,0.00323594361246,,,,,,,
20241112650,2024,26,Dolphins,Brisbane Broncos,1,40,6,0.5467416277,0.569379446494,0.546669869472,0.569252152274,24.140906583,23.6764533836,24.4508429777,22.9196910208,True,-6.5,0,0,0,0,0,1,,,Suncorp Stadium,-4,-0.895833333333,-0.860187207,-3.84902056196,-0.02697938972,,,,,,,
20241112660,2024,26,Cronulla-Sutherland Sharks,New Zealand Warriors,0,28,30,0.824290540487,0.815751296519,0.823944570532,0.815335302168,29.5321041605,14.5179842465,29.3555583833,14.2172806732,True,15.5,0,0,0,0,0,1,,,Sharks Stadium,6,-1.83680555556,52.2542635351,7.8739436072,0.00584719775784,,,,,,,
20241112670,2024,26,Newcastle Knights,Gold Coast Titans,1,36,14,0.70010053157,0.673395038368,0.699825593194,0.673099185506,27.1712468151,19.2352402515,26.710803323,20.1533854458,True,10.5,0,0,0,0,0,1,,,McDonald Jones Stadium,0,0.767361111111,5.39342326334,3.4917641841,0.0241498264012,,,,,,,
20241112680,2024,26,Sydney Roosters,Canberra Raiders,0,12,14,0.857168177689,0.848666072508,0.856829057135,0.848254036678,31.2175431991,14.6045620992,30.9610994028,14.6752202197,True,20.5,0,0,0,0,0,1,,,Allianz Stadium,4,-0.958333333333,86.8371744259,8.84680335782,0.0259528439276,,,,,,,
20241112710,2024,27,Brisbane Broncos,Melbourne Storm,0,12,50,0.183067232733,0.187471130195,0.183412904828,0.187886684551,18.1130220794,33.8205362413,18.1351568056,34.0514489588,True,-16.5,0,0,0,0,0,1,,,Suncorp Stadium,-2,-1.90277777778,-53.4495867265,-4.91607368538,0.0152766111504,,,,,,,
20241112720,2024,27,Wests Tigers,Parramatta Eels,0,26,60,0.449622811974,0.451058015582,0.449700078196,0.451148400475,23.1735937408,27.9879836345,23.0270649126,29.4903074642,True,-2.5,0,0,0,0,0,1,,,Campbelltown Sports Stadium,0,8.79861111111,-32.6487162845,-5.00597589483,-0.00649271595008,,,,,,,
20241112730,2024,27,South Sydney Rabbitohs,Sydney Roosters,0,28,36,0.22695868453,0.226169954316,0.227290895621,0.226570337089,19.8194823056,31.9180470099,19.6962389951,30.4665761797,True,-13.5,0,0,0,0,0,1,,,Accor Stadium,-8,1.83680555556,-87.3210975988,-6.81658257819,0.0241498264012,,,,,,,
20241112740,2024,27,St. George Illawarra Dragons,Canberra Raiders,0,24,26,0.716987738042,0.735939964279,0.716696372825,0.735569584679,26.3474139584,20.9052890004,26.3954521678,20.0435364056,True,3.5,0,0,0,0,0,1,,,Jubilee Stadium,0,1.04513888889,11.3898607635,-0.783997795971,0.00584719775784,,,,,,,
20241112750,2024,27,Canterbury-Bankstown Bulldogs,North Queensland Cowboys,0,6,44,0.660008079799,0.659569036214,0.659778188315,0.659292967868,24.762663181,21.4628502537,24.7872599719,20.9282708967,True,-0.5,0,0,0,0,0,1,,,Accor Stadium,0,-0.923611111111,19.8159785524,0.0958815516807,-0.0060086428535,,,,,,,
20241112760,2024,27,Penrith Panthers,Gold Coast Titans,1,18,12,0.833479103431,0.826650629229,0.833133653505,0.82623418942,30.2979130359,15.1096757767,29.2225928256,14.5706545561,True,19.5,0,0,0,0,0,1,,,BlueBet Stadium,4,1.75,47.9243469219,13.3634540388,0.0180028335063,,,,,,,
20241112770,2024,27,Manly-Warringah Sea Eagles,Cronulla-Sutherland Sharks,0,20,40,0.38921987392,0.38028936057,0.389385299072,0.380503279808,21.1236317628,25.0572251567,20.726729458,23.9368405721,True,1.5,0,0,0,0,0,1,,,4 Pines Park,-2,1.06597222222,-17.599364826,-5.30341545332,0.0140970033163,,,,,,,
20241112780,2024,27,Newcastle Knights,Dolphins,1,14,6,0.730557052314,0.732295167173,0.730253753545,0.731928347409,27.3428029065,19.5515369675,27.1332370428,19.8041435724,True,1.5,0,0,0,0,0,1,,,McDonald Jones Stadium,2,-0.854166666667,13.9156538842,0.216283609439,0.00795001042137,,,,,,,
20241112810,2024,28,Penrith Panthers,Sydney Roosters,1,30,10,0.629925155438,0.623815359866,0.629733661312,0.623594732549,22.751380956,16.5408606469,21.9433619588,17.3110990178,True,9.5,0,0,0,0,0,1,,,BlueBet Stadium,-2,-0.982638888889,-19.7294917819,3.88549166509,-0.0162187900975,,,,,,,
20241112820,2024,28,Melbourne Storm,Cronulla-Sutherland Sharks,1,37,10,0.651343129774,0.664095443469,0.65112394031,0.663812786103,23.919737326,17.9011376489,23.9816302721,16.8459781309,True,10.5,0,0,0,0,0,1,,,AAMI Park,0,2.75694444444,4.98651759685,0.770748150974,0.0144427263714,,,,,,,
20241112830,2024,28,North Queensland Cowboys,Newcastle Knights,1,28,16,0.724624258944,0.740784159877,0.724326032028,0.740409220273,26.3906947099,17.6561933592,26.641775805,16.4652977012,True,8.5,0,0,0,0,0,1,,,Queensland Country Bank Stadium,0,0.940972222222,17.9456833439,3.4121921482,0.010211943576,,,,,,,
20241112840,2024,28,Canterbury-Bankstown Bulldogs,Manly-Warringah Sea Eagles,0,22,24,0.605188499823,0.585621203372,0.605030892525,0.585465185487,21.8348895567,23.4782019923,21.5717598637,22.9300811948,True,-1.5,0,0,0,0,0,1,,,Accor Stadium,0,0.854166666667,-6.69095185303,0.442528345827,0,,,,,,,
20241112910,2024,29,Cronulla-Sutherland Sharks,North Queensland Cowboys,1,26,18,0.646885844342,0.629265325945,0.64667227769,0.629035892267,24.9815775345,20.051898863,24.1755243627,20.2607064354,True,4.5,0,0,0,0,0,1,,,Allianz Stadium,-2,0.15625,8.60502063931,2.35289716436,-0.00714177380244,,,,,,,
20241112920,2024,29,Sydney Roosters,Manly-Warringah Sea Eagles,1,40,16,0.745328557424,0.736688826371,0.745013671894,0.736317728957,26.1557169882,19.2278370588,25.2891535191,19.2238718096,True,5.5,0,0,0,0,0,1,,,Allianz Stadium,0,1.84375,18.7395078681,5.04120505589,-0.0141367478837,,,,,,,
20241113010,2024,30,Melbourne Storm,Sydney Roosters,1,48,18,0.774931087728,0.77446237294,0.77459792366,0.774061607149,26.4819314431,15.6441753675,25.8280410742,14.7453031184,True,10.5,0,0,0,0,0,1,,,AAMI Park,2,7.15625,19.9444176122,1.69904138445,0,,,,,,,
20241113020,2024,30,Penrith Panthers,Cronulla-Sutherland Sharks,1,26,6,0.639637110665,0.616463697267,0.639432850311,0.616255128502,22.6022208939,16.1206412563,22.1569220581,16.6040977137,True,12.5,0,0,0,0,0,1,,,Accor Stadium,0,7,-10.7963682684,3.19952189642,0.0144427263714,,,,,,,
20241113110,2024,31,Melbourne Storm,Penrith Panthers,0,6,14,0.631197236496,0.656017332132,0.631004051655,0.655746507119,23.4451229872,16.6500167602,23.212213625,15.8390603293,True,1.5,0,0,0,0,0,1,,,Accor Stadium,0,1,29.0452503812,-1.66685801312,0.00730089429357,,,,,,,
20251110110,2025,1,Canberra Raiders,New Zealand Warriors,1,30,8,0.557020217172,0.567336909916,0.556942174906,0.567225623792,21.6893143316,21.2649640876,21.2804544619,21.1008708629,True,-2.5,0,0,0,0,0,1,,,Other,0,0,1.60558491417,-2.22466120967,0.0081250065433,,,,,,,
20251110120,2025,1,Penrith Panthers,Cronulla-Sutherland Sharks,1,28,22,0.608327802728,0.625827409614,0.608182955098,0.625625890693,22.0327277754,16.979994193,21.9632148614,17.0540071606,True,2.5,0,0,0,0,0,1,,,Other,0,0,4.83009894705,-4.02776155128,-0.00535103788921,,,,,,,
20251110130,2025,1,Sydney Roosters,Brisbane Broncos,0,14,50,0.652714329374,0.661258503589,0.652516825121,0.66100779954,23.280355089,17.8209962395,23.2275441919,17.6268137813,True,,0,0,0,0,0,1,,,Allianz Stadium,0,0,62.7621577496,2.24694414296,-0.0140970033163,,,,,,,
20251110140,2025,1,Wests Tigers,Newcastle Knights,0,8,10,0.474508242158,0.472099624484,0.474543376567,0.472146203094,20.0829709463,22.4824050419,19.9060101669,20.8761907789,True,,0,0,0,0,0,1,,,Campbelltown Sports Stadium,0,0,-48.1828885903,-3.11686380947,-0.00795001042137,,,,,,,
20251110150,2025,1,South Sydney Rabbitohs,Dolphins,1,16,14,0.502373604501,0.496066488007,0.502370327423,0.496073068218,20.3001803744,20.4415611149,20.3533674161,20.7986326606,True,,0,0,0,0,0,1,,,CommBank Stadium,0,0,-30.6301213687,-0.289652991918,0.0201246202875,,,,,,,
20251110160,2025,1,St. George Illawarra Dragons,Canterbury-Bankstown Bulldogs,0,20,28,0.570866300016,0.572872965557,0.570769771082,0.572752783856,21.7685194977,21.5500945877,21.3615579846,20.1610947394,True,-3.5,0,0,0,0,0,1,,,Jubilee Stadium,0,0,-26.1522421236,-3.71205567116,0.0181619539974,,,,,,,
20251110170,2025,1,Manly-Warringah Sea Eagles,North Queensland Cowboys,1,42,12,0.609867973167,0.60002545457,0.609721204475,0.599862609059,21.6624846655,20.4112895595,21.4451593573,21.7560444391,True,8.5,0,0,0,0,0,1,,,4 Pines Park,0,0,-14.7522206051,-2.11925339304,0,,,,,,,
20251110180,2025,1,Melbourne Storm,Parramatta Eels,1,56,18,0.773220778867,0.770092043402,0.772923686708,0.769733801329,25.2517115821,14.711914028,24.9247574198,15.4631761874,True,20.5,0,0,0,0,0,1,,,AAMI Park,0,0,95.8459878033,8.13266653846,0.0100717972026,,,,,,,
20251110210,2025,2,Newcastle Knights,Dolphins,1,26,12,0.7126128818,0.6701707233,0.71235604384,0.669908507061,22.8068830376,15.2251099133,22.7119324142,17.7734420559,True,4.5,0,0,0,0,0,1,,,McDonald Jones Stadium,2,0.0833333333333,4.4882006759,0.223960926501,0,,,,,,,
20251110220,2025,2,New Zealand Warriors,Manly-Warringah Sea Eagles,1,36,16,0.417685532876,0.38372412202,0.417797120202,0.383911569603,20.1345121455,25.4523558878,19.7471327196,26.4046305052,True,-10.5,0,0,0,0,0,1,,,Go Media Stadium,-2,7.14930555556,-12.9470118647,-0.108476661948,0.0100528230849,,,,,,,
20251110230,2025,2,Penrith Panthers,Sydney Roosters,0,32,38,0.770885226654,0.747429119818,0.770589221795,0.747086325013,26.2629693413,15.0956657048,25.8891680328,14.9022270636,True,24.5,0,0,0,0,0,1,,,CommBank Stadium,2,4.97916666667,9.40305804187,6.85111761994,0.00402520611368,,,,,,,
20251110240,2025,2,St. George Illawarra Dragons,South Sydney Rabbitohs,0,24,25,0.61970043175,0.589775923994,0.61954154277,0.589628976383,23.0385492921,18.913703767,22.8898775448,18.5551188508,True,8.5,0,0,0,0,0,1,,,WIN Stadium,-2,-0.895833333333,5.75886680382,-1.74906854378,-0.0131548243692,,,,,,,
20251110250,2025,2,North Queensland Cowboys,Cronulla-Sutherland Sharks,0,12,36,0.434450403969,0.469880203687,0.434539866876,0.469930470252,21.5279828042,21.8899193255,21.873224996,23.1945793701,True,-9.5,0,0,0,0,0,1,,,Queensland Country Bank Stadium,0,-6.96180555556,2.76255743914,-5.64435290779,0.0100717972026,,,,,,,
20251110260,2025,2,Canberra Raiders,Brisbane Broncos,1,32,22,0.536296948738,0.519345783937,0.536247011086,0.519313452064,21.8605257768,21.984762359,21.5638131694,20.358536342,True,-13.5,0,0,0,0,0,1,,,GIO Stadium,0,5.16666666667,7.71237404766,-3.30762704548,-0.00795001042137,,,,,,,
20251110270,2025,2,Parramatta Eels,Wests Tigers,0,6,32,0.552278704972,0.541256730502,0.552207052278,0.541188023887,22.4318806937,22.1284172466,22.0028295312,21.3564908078,True,-4.5,0,0,0,0,0,1,,,CommBank Stadium,0,-1.92013888889,24.0949815585,2.23505589862,0,,,,,,,
20251110280,2025,2,Canterbury-Bankstown Bulldogs,Gold Coast Titans,1,40,24,0.67607723286,0.678466840003,0.675854716753,0.678194259449,23.4163143315,19.367081136,23.2172496804,17.9974531862,True,8.5,0,0,0,0,0,1,,,Belmore Sports Ground,1,1.03125,37.1413009855,6.42585202723,-0.0220470137377,,,,,,,
20251110310,2025,3,Melbourne Storm,Penrith Panthers,1,30,24,0.651426816506,0.668229958899,0.651230750897,0.667970217031,24.0018507733,16.7209015609,24.1107717214,17.0284236653,True,8.5,0,0,0,0,0,1,,,AAMI Park,1,5.16319444444,7.24317395045,-0.206294962093,0.0132697925796,,,,,,,
20251110320,2025,3,New Zealand Warriors,Sydney Roosters,1,14,6,0.592093941581,0.59658934636,0.591969681329,0.596431799955,23.0241317751,20.6904649773,22.7165560464,22.1610776162,True,0.5,0,0,0,0,0,1,,,Go Media Stadium,0,0,-11.6633685682,-2.33121914012,0.0201435944052,,,,,,,
20251110330,2025,3,Brisbane Broncos,North Queensland Cowboys,1,26,16,0.686938573104,0.655895990567,0.686705196354,0.655652392461,24.6894563299,20.5133377086,24.3859424207,20.6141231699,True,18.5,0,0,0,0,0,1,,,Suncorp Stadium,2,-0.128472222222,-0.202130095737,0.491918163879,0,,,,,,,
20251110340,2025,3,Cronulla-Sutherland Sharks,South Sydney Rabbitohs,1,27,12,0.731435441954,0.717117278308,0.731163622435,0.716801487043,24.9841736751,14.9137963344,25.375762043,16.2547533122,True,16.5,0,0,0,0,0,1,,,Ocean Protect Stadium,-2,-0.0625,26.8215267591,6.70649204004,0.00520481394779,,,,,,,
20251110350,2025,3,Dolphins,Wests Tigers,0,18,30,0.601948286357,0.577993157935,0.601811457248,0.577864802633,22.3353614782,19.1304165094,22.2912961084,18.4134077085,True,3.5,0,0,0,0,0,1,,,Kayo Stadium,-2,2.83680555556,21.6803227243,2.76695441508,-0.0241895709686,,,,,,,
20251110360,2025,3,Gold Coast Titans,Newcastle Knights,1,26,6,0.422800092959,0.428087117417,0.422904980692,0.428205760618,19.6910743298,20.8640216927,19.9347278582,23.3731719366,True,1.5,0,0,0,0,0,1,,,Cbus Super Stadium,-3,-2.92708333333,-13.4800516469,-3.84931960575,0.0140970033163,,,,,,,
20251110370,2025,3,Parramatta Eels,Canterbury-Bankstown Bulldogs,0,8,16,0.357577114853,0.396571008073,0.357762957766,0.396739070512,20.1995232345,25.8261176018,20.0384836903,25.6548693435,True,-8.5,0,0,0,0,0,1,,,CommBank Stadium,-4,0.0902777777778,-23.8486555004,-5.83496824777,-0.0202647666609,,,,,,,
20251110380,2025,3,Manly-Warringah Sea Eagles,Canberra Raiders,1,40,12,0.616348877663,0.615890107924,0.616194091441,0.615703235012,21.9162964721,19.0693113305,22.2290309227,20.1829468617,True,3.5,0,0,0,0,0,1,,,4 Pines Park,-2,0.982638888889,19.5996247762,1.09881057374,-0.00210281266353,,,,,,,
20251110410,2025,4,South Sydney Rabbitohs,Penrith Panthers,1,28,18,0.4938015234,0.483915849724,0.493810080478,0.483942738828,21.2881361382,24.9152118277,21.6753858133,24.3671582991,True,-10.5,0,0,0,0,0,1,,,Accor Stadium,2,-1.79166666667,-32.8416922578,-6.74181092935,0.0100717972026,,,,,,,
20251110420,2025,4,Sydney Roosters,Gold Coast Titans,0,12,30,0.623869742747,0.612788861052,0.62370579312,0.612606625198,23.3965123756,19.8469369231,23.2496972277,21.0395361178,True,5.5,0,0,0,0,0,1,,,Allianz Stadium,-1,0.940972222222,21.0301087836,5.37080569342,0,,,,,,,
20251110430,2025,4,Dolphins,Brisbane Broncos,0,12,20,0.448699757184,0.443112779794,0.448770087992,0.443207126648,20.8861694986,19.9981472363,20.7991318888,19.9777974595,True,-12.5,0,0,0,0,0,1,,,Suncorp Stadium,-4,-0.895833333333,-9.60960961329,-2.42763508266,-0.0100717972026,,,,,,,
20251110440,2025,4,St. George Illawarra Dragons,Melbourne Storm,1,14,8,0.409695609073,0.369608037527,0.409817564507,0.369816169463,19.7787578591,24.5790419872,19.5916263833,26.5051064172,True,-9.5,0,0,0,0,0,1,,,Jubilee Stadium,-4,5.20833333333,-57.8441012979,-9.17983014556,0.00212178678125,,,,,,,
20251110450,2025,4,North Queensland Cowboys,Canberra Raiders,1,30,20,0.550796095552,0.56389474149,0.550726446266,0.563789014818,21.623167034,19.7666616164,21.9857493443,19.781268267,True,0.5,0,0,0,0,0,1,,,Queensland Country Bank Stadium,-4,1.96875,-11.9423727886,3.64194427365,0.00795001042137,,,,,,,
20251110460,2025,4,Cronulla-Sutherland Sharks,Canterbury-Bankstown Bulldogs,0,6,20,0.704956645768,0.701821070191,0.704706458438,0.701521311304,24.2584419394,16.2413755631,24.8402878667,16.6822163284,True,11.5,0,0,0,0,0,1,,,Ocean Protect Stadium,-2,1.04513888889,11.7995922567,3.56189663496,0,,,,,,,
20251110470,2025,4,Manly-Warringah Sea Eagles,Parramatta Eels,1,26,12,0.79354982538,0.787494408899,0.793245103328,0.787127462405,27.4678628765,16.2766903185,27.1555884217,16.5595064305,True,17.5,0,0,0,0,0,1,,,4 Pines Park,4,-0.0902777777778,38.6374282987,4.62937826097,0.0241688005189,,,,,,,
20251110480,2025,4,Wests Tigers,New Zealand Warriors,0,24,26,0.60341906711,0.593855847646,0.603280380777,0.593702539161,21.0524908481,18.9572946052,21.4888124877,18.8341583238,True,3.5,0,0,0,0,0,1,,,Campbelltown Sports Stadium,0,-0.854166666667,-10.9203221367,-3.63635697929,-0.00437092916883,,,,,,,
20251110510,2025,5,Canberra Raiders,Cronulla-Sutherland Sharks,1,24,20,0.42155846034,0.423132341375,0.421664978772,0.423258904618,20.8301361379,25.7235624818,21.1992576314,28.0137386346,True,-3.5,0,0,0,0,0,1,,,GIO Stadium,0,0.128472222222,-31.7896538418,-7.92374628191,0.00226193315466,,,,,,,
20251110520,2025,5,Penrith Panthers,North Queensland Cowboys,0,18,22,0.716941276954,0.707521005231,0.716680817379,0.707215098367,25.8598748745,18.8898719924,25.9597585503,19.8871978752,True,13.5,0,0,0,0,0,1,,,CommBank Stadium,0,1.85416666667,30.3394532626,3.40948137729,0.00614699289493,,,,,,,
20251110530,2025,5,South Sydney Rabbitohs,Sydney Roosters,1,20,14,0.648138052489,0.617436196889,0.647945688356,0.61724702371,23.2923065935,20.0427410372,23.2379103307,20.1063408255,True,2.5,0,0,0,0,0,1,,,Accor Stadium,4,0.916666666667,-13.7393685976,-2.82698202786,0.0100528230849,,,,,,,
20251110540,2025,5,Parramatta Eels,St. George Illawarra Dragons,1,23,22,0.460669219074,0.44891179729,0.460723297466,0.448996669559,19.7635606103,21.8682195336,19.7743367134,22.5563842078,True,-5.5,0,0,0,0,0,1,,,CommBank Stadium,-3,-1.04513888889,-16.6215398439,-2.09441404234,-0.0141367478837,,,,,,,
20251110550,2025,5,Gold Coast Titans,Dolphins,0,10,36,0.601505963618,0.580497996535,0.601369694032,0.580365662628,23.2648946711,19.6531078221,23.4030396854,19.4491609814,True,5.5,0,0,0,0,0,1,,,Cbus Super Stadium,5,0.0416666666667,8.4729601905,-2.01109140474,0.00392480430769,,,,,,,
20251110560,2025,5,Brisbane Broncos,Wests Tigers,1,46,24,0.726701918339,0.675942297348,0.726433675074,0.675672833544,24.4439259784,19.005108908,23.9493336901,20.2409325941,True,16.5,0,0,0,0,0,1,,,Suncorp Stadium,2,1.96875,10.8590851682,6.46096842355,0.0140970033163,,,,,,,
20251110570,2025,5,Manly-Warringah Sea Eagles,Melbourne Storm,0,24,48,0.46750377686,0.498696477507,0.467548516719,0.498698658196,20.0438360031,22.729396174,19.9090707385,22.4393205697,True,-7.5,0,0,0,0,0,1,,,4 Pines Park,1,-1.04513888889,-25.1707899775,-5.91433029417,0.00924458646597,,,,,,,
20251110580,2025,5,Canterbury-Bankstown Bulldogs,Newcastle Knights,1,20,0,0.501793925758,0.54212750995,0.501791448988,0.542057366839,21.5934798527,18.3865796633,21.9604017395,17.4480967619,True,6.5,0,0,0,0,0,1,,,Accor Stadium,3,-7.04166666667,6.39866309823,3.23320715861,-0.0201246202875,,,,,,,
20251110610,2025,6,Dolphins,Penrith Panthers,1,30,12,0.51072342405,0.460759817382,0.51070862324,0.460825194172,22.2931950507,20.7391198499,22.792213644,22.204039594,True,-8.5,0,0,0,0,0,1,,,Suncorp Stadium,0,-0.9375,-31.2143018758,-5.23473903329,0.00795001042137,,,,,,,
20251110620,2025,6,St. George Illawarra Dragons,Gold Coast Titans,1,38,16,0.698471678417,0.656699441927,0.698227359597,0.656454770864,23.7375655246,17.3739021115,23.9632821476,18.1081998227,True,5.5,0,0,0,0,0,1,,,WIN Stadium,-2,0.0625,-5.47811131079,1.03766066974,0.00614699289493,,,,,,,
20251110630,2025,6,Brisbane Broncos,Sydney Roosters,0,16,26,0.678918794207,0.654405791535,0.67869338684,0.654164191103,25.172155204,18.8049160961,25.3494070936,19.4826741028,True,14.5,0,0,0,0,0,1,,,Suncorp Stadium,6,-0.940972222222,14.8303598249,0.68034762897,0.00795001042137,,,,,,,
20251110640,2025,6,Cronulla-Sutherland Sharks,Manly-Warringah Sea Eagles,1,24,18,0.694999690151,0.665556372541,0.694758598769,0.665300069353,24.3601654432,20.1391978574,23.8245084509,19.3611445844,True,5.5,0,0,0,0,0,1,,,Other,-2,2.83680555556,-3.43399491173,5.3390850896,0.0100528230849,,,,,,,
20251110650,2025,6,South Sydney Rabbitohs,North Queensland Cowboys,0,16,24,0.672834164348,0.656891584957,0.672614989878,0.656646657727,24.1411157221,21.7675234246,23.6779074417,20.2597460166,True,-1.5,0,0,0,0,0,1,,,Other,4,-0.0833333333333,-2.2307647181,-2.92933536421,0.0140970033163,,,,,,,
20251110660,2025,6,Parramatta Eels,Canberra Raiders,0,12,50,0.450385647277,0.466401865981,0.450453697931,0.466457904311,20.6779025352,23.5380843131,21.0814889403,21.3973738405,True,-7.5,0,0,0,0,0,1,,,TIO Stadium,-4,-1.79166666667,-19.8336502084,-1.62405790361,-0.0280746307089,,,,,,,
20251110670,2025,6,Melbourne Storm,New Zealand Warriors,1,42,14,0.724417862651,0.730933473359,0.724151392101,0.730604541476,24.6787713534,16.6662229987,24.5745114327,18.1329429902,True,16.5,0,0,0,0,0,1,,,AAMI Park,0,-6.90972222222,37.0392220868,5.81223359137,0,,,,,,,
20251110680,2025,6,Newcastle Knights,Wests Tigers,0,4,20,0.620424178176,0.625547917384,0.62026440725,0.625346805792,22.8789156711,17.6580333899,23.0939910531,17.6850565899,True,1.5,0,0,0,0,0,1,,,McDonald Jones Stadium,1,-0.986111111111,2.40091641398,1.44575900959,-0.00795001042137,,,,,,,
20251110710,2025,7,Manly-Warringah Sea Eagles,St. George Illawarra Dragons,0,18,20,0.635258829499,0.623832714985,0.635081313817,0.62363410907,23.3033125058,20.6819887352,23.3721374007,22.1065321977,True,4.5,0,0,0,0,0,1,,,4 Pines Park,0,-0.791666666667,19.5114567324,1.80907742728,-0.00614699289493,,,,,,,
20251110720,2025,7,Canterbury-Bankstown Bulldogs,South Sydney Rabbitohs,1,32,0,0.761682733642,0.745840933819,0.761391409985,0.745499382245,25.6105090295,15.3721009649,25.2983951339,15.4239075209,True,10.5,0,0,0,0,0,1,,,Accor Stadium,4,5.88541666667,24.5066032842,2.48999109768,-0.00536393443892,,,,,,,
20251110730,2025,7,Dolphins,Melbourne Storm,1,42,22,0.417741731543,0.363751010048,0.417853245511,0.363967515677,20.1469095048,26.9982890101,20.5091758857,26.2387478503,True,-12.5,0,0,0,0,0,1,,,Suncorp Stadium,-4,2.75694444444,-51.4399390636,-6.96774808293,0.00520481394779,,,,,,,
20251110740,2025,7,New Zealand Warriors,Brisbane Broncos,1,20,18,0.415843141135,0.444548897067,0.415957130138,0.444640902149,21.1651849174,22.3608622073,21.5003153965,23.4564537545,True,-8.5,0,0,0,0,0,1,,,Go Media Stadium,0,-1.75,-11.7064931803,-4.69819270728,0.0159000208427,,,,,,,
20251110750,2025,7,Sydney Roosters,Penrith Panthers,0,12,40,0.535037209165,0.490270880782,0.534988993081,0.490287152799,21.9684267211,23.8516059777,22.5798420835,24.861490973,True,-4.5,0,0,0,0,0,1,,,Allianz Stadium,4,-1.00694444444,-21.3596430385,-3.68945420087,-0.00614699289493,,,,,,,
20251110760,2025,7,Gold Coast Titans,Canberra Raiders,0,20,30,0.385213996947,0.380095533756,0.385366859716,0.380288363035,20.8533096333,25.941889374,21.0383849909,26.1401236921,True,-6.5,0,0,0,0,0,1,,,Cbus Super Stadium,-2,1.04513888889,-6.64605992554,-3.75445836686,-0.0262526390647,,,,,,,
20251110770,2025,7,Newcastle Knights,Cronulla-Sutherland Sharks,0,14,34,0.436370039263,0.450784901912,0.436456940594,0.450866703728,20.5377108867,21.8765636384,20.7763550305,22.6112978871,True,-8.5,0,0,0,0,0,1,,,McDonald Jones Stadium,-2,-1.12847222222,-25.6978583066,-7.11175734606,0,,,,,,,
20251110780,2025,7,Wests Tigers,Parramatta Eels,0,22,38,0.663289622351,0.678653881455,0.663080532299,0.678381071302,24.8942212653,18.2604441533,24.0961413666,18.3432407675,True,2.5,0,0,0,0,0,1,,,CommBank Stadium,4,-0.875,10.9744882191,-0.283591003222,-0.0100717972026,,,,,,,
20251110810,2025,8,Brisbane Broncos,Canterbury-Bankstown Bulldogs,1,42,18,0.347788087149,0.343476834132,0.347985030718,0.343721270038,19.0898691831,25.4905766528,19.3650750114,25.1664449153,True,-3.5,0,0,0,0,0,1,,,Suncorp Stadium,-4,-1.14236111111,-19.5697710235,-0.213810341306,-0.0140970033163,,,,,,,
20251110820,2025,8,Sydney Roosters,St. George Illawarra Dragons,1,46,18,0.475202519844,0.452252256912,0.475236700538,0.452331650141,20.3911566139,23.8417578613,20.4314275445,23.7165822652,True,1.5,0,0,0,0,0,1,,,Allianz Stadium,-4,-1.98958333333,-6.63302224765,2.18942812665,0.00795001042137,,,,,,,
20251110830,2025,8,New Zealand Warriors,Newcastle Knights,1,26,12,0.568077648042,0.568439834696,0.56798481993,0.568326771745,23.3764546781,18.6963780158,24.0294247209,17.7252805469,True,6.5,0,0,0,0,0,1,,,Other,6,0.857638888889,13.2718042453,1.70398185537,0.0100528230849,,,,,,,
20251110840,2025,8,Melbourne Storm,South Sydney Rabbitohs,1,24,16,0.743644010827,0.739906090128,0.743363598732,0.739569359891,25.6925872606,16.0775035447,26.0104164844,16.1076492581,True,15.5,0,0,0,0,0,1,,,AAMI Park,2,-0.163194444444,62.9929106494,7.15430147618,0.00923791242366,,,,,,,
20251110850,2025,8,North Queensland Cowboys,Gold Coast Titans,1,50,18,0.719045296705,0.750617078284,0.718783113798,0.750271849081,26.2103279687,17.8920117979,26.4774584703,17.6640854332,True,9.5,0,0,0,0,0,1,,,Queensland Country Bank Stadium,2,7.9375,20.0739076648,6.44469141897,-0.0202837407787,,,,,,,
20251110860,2025,8,Penrith Panthers,Manly-Warringah Sea Eagles,0,10,26,0.643651850441,0.61377086748,0.643464595902,0.613587160019,24.0562632301,20.7963951546,23.6681461161,20.599495698,True,5.5,0,0,0,0,0,1,,,CommBank Stadium,-2,-1.98958333333,-9.97114578767,5.84556948886,0.0205897192664,,,,,,,
20251110870,2025,8,Canberra Raiders,Dolphins,1,40,28,0.636769965108,0.625766711737,0.636590679215,0.625565281253,24.1380436105,22.3910035375,24.1047646796,23.4653021102,True,6.5,0,0,0,0,0,1,,,GIO Stadium,0,-1.75,4.44207109795,-0.0766693321207,0.0241688005189,,,,,,,
20251110880,2025,8,Wests Tigers,Cronulla-Sutherland Sharks,1,20,18,0.401041808478,0.381878217808,0.401174846511,0.382068408514,20.9763856982,23.9267733155,21.0155611113,25.5901848549,True,-6.5,0,0,0,0,0,1,,,Leichhardt Oval,-2,-0.996527777778,-24.5993058877,-8.86950783618,0.010211943576,,,,,,,
20251110910,2025,9,Cronulla-Sutherland Sharks,Parramatta Eels,1,28,18,0.772610901828,0.783851431062,0.772314089573,0.783486063257,28.3740307915,15.625263218,27.8624046278,16.0272555202,True,6.5,0,0,0,0,0,1,,,Suncorp Stadium,0,-6.00347222222,63.5843032035,8.557060287,-0.00111415683122,,,,,,,
20251110920,2025,9,Sydney Roosters,Dolphins,1,36,26,0.406748092352,0.392602009227,0.406873840448,0.39277611364,21.6968250238,26.1487541018,21.8416269579,27.2915151174,True,-0.5,0,0,0,0,0,1,,,Suncorp Stadium,-2,1.91666666667,-34.8805542648,2.11573931809,0.0241688005189,,,,,,,
20251110930,2025,9,South Sydney Rabbitohs,Newcastle Knights,0,4,30,0.500711992416,0.490098259653,0.500711009402,0.490114820231,21.8775051507,22.6452358038,22.638529345,22.1957717092,True,-3.5,0,0,0,0,0,1,,,Suncorp Stadium,4,-0.00347222222222,6.07230922676,-0.0828081508636,-0.0100528230849,,,,,,,
20251110940,2025,9,New Zealand Warriors,North Queensland Cowboys,1,30,26,0.438127580427,0.479503849568,0.438212131895,0.479538099822,21.6439362329,22.7863473661,22.0843312333,22.5982318485,True,-2.5,0,0,0,0,0,1,,,Suncorp Stadium,0,0.892361111111,-6.72920307047,-2.58320478936,-0.0132887666974,,,,,,,
20251110950,2025,9,Wests Tigers,St. George Illawarra Dragons,1,34,28,0.588924205397,0.550933338718,0.588804032008,0.550848720126,21.8403033453,21.9818226949,21.9110078007,21.7659404215,True,1.5,0,0,0,0,0,1,,,Suncorp Stadium,-2,-2.00347222222,-22.9493767788,-1.00895814379,-0.0100528230849,,,,,,,
20251110960,2025,9,Gold Coast Titans,Canterbury-Bankstown Bulldogs,0,18,38,0.248286638211,0.25176250294,0.248572205042,0.2521059228,18.8245951462,29.5260097163,19.0468678449,29.379597321,True,-10.5,0,0,0,0,0,1,,,Suncorp Stadium,-6,-1.90277777778,-58.3664878452,-7.61034257178,-0.0180028335063,,,,,,,
20251110970,2025,9,Penrith Panthers,Brisbane Broncos,1,32,8,0.498867976466,0.490820696943,0.498869539394,0.490836049814,22.3287349225,24.1829239814,22.6701738462,23.9827415674,True,-7.5,0,0,0,0,0,1,,,Suncorp Stadium,-4,-1.98958333333,8.50890314829,1.44955594733,-0.0220470137377,,,,,,,
20251110980,2025,9,Melbourne Storm,Canberra Raiders,0,18,20,0.652128987721,0.662095331928,0.651932136782,0.661843530885,24.2900500736,21.0596094435,24.513073009,20.3460311064,True,5.5,0,0,0,0,0,1,,,Suncorp Stadium,-2,1.74305555556,30.317204695,6.49245618924,0,,,,,,,
20251111010,2025,10,Parramatta Eels,Dolphins,0,16,20,0.43941874424,0.406930145507,0.439501566681,0.407082231838,21.1778657586,22.7401674221,20.8465152089,24.3761606014,True,1.5,0,0,0,0,0,1,,,CommBank Stadium,-2,0.0868055555556,-43.610855655,0,0,,,,,,,
20251111020,2025,10,Newcastle Knights,Gold Coast Titans,0,20,24,0.737495539582,0.730285947835,0.737219338731,0.72995760173,26.3323142176,17.0687076239,26.6870245462,15.9109218874,True,6.5,0,0,0,0,0,1,,,McDonald Jones Stadium,2,0.951388888889,5.28607537689,3.61343420047,0,,,,,,,
20251111030,2025,10,South Sydney Rabbitohs,Brisbane Broncos,1,22,14,0.276910569991,0.257797793074,0.27717599565,0.25813642114,20.1583976112,29.7046691264,20.5540675584,29.2337560098,True,-10.5,0,0,0,0,0,1,,,Accor Stadium,-2,1.04513888889,-33.3932510827,-4.78374976076,0.00795001042137,,,,,,,
20251111040,2025,10,Canberra Raiders,Canterbury-Bankstown Bulldogs,0,20,32,0.572974077891,0.54111997234,0.572874759869,0.541051491408,22.0565862138,21.4039543549,21.6921059895,22.9682412601,True,2.5,0,0,0,0,0,1,,,GIO Stadium,2,-0.190972222222,-5.82427712573,-2.87249280328,-2.77555756156e-17,,,,,,,
20251111050,2025,10,St. George Illawarra Dragons,New Zealand Warriors,0,14,15,0.552011586552,0.55301618666,0.551940294622,0.552928159012,22.47238521,22.4262451498,21.9220119552,23.2349773176,True,-1.5,0,0,0,0,0,1,,,WIN Stadium,-4,-0.09375,-9.51007840082,-1.20767890255,0.0100717972026,,,,,,,
20251111070,2025,10,Melbourne Storm,Wests Tigers,1,64,0,0.750218186145,0.753350809757,0.749933541751,0.75300355897,25.8978038118,16.9838302071,25.6616887808,17.5222225195,True,15.5,0,0,0,0,0,1,,,AAMI Park,0,-0.944444444444,52.6654308189,9.35288308992,-0.00683585359016,,,,,,,
20251111080,2025,10,Manly-Warringah Sea Eagles,Cronulla-Sutherland Sharks,0,14,30,0.538755146103,0.520560411419,0.538701852772,0.520526054023,21.869413421,22.4958789371,22.0327892906,22.9891522931,True,2.5,0,0,0,0,0,1,,,4 Pines Park,-2,5.93402777778,-8.65794665558,-5.43978677956,-0.00212178678125,,,,,,,
20251111110,2025,11,Newcastle Knights,Parramatta Eels,0,6,28,0.721310340227,0.718070910149,0.721046329725,0.717754169653,25.8636610639,18.4512362041,25.5514861067,18.3134174643,True,-0.5,0,0,0,0,0,1,,,McDonald Jones Stadium,-2,-0.923611111111,14.7715650759,0.856488819755,-0.0100528230849,,,,,,,
20251111120,2025,11,Canterbury-Bankstown Bulldogs,Sydney Roosters,1,24,20,0.725065022239,0.729951925213,0.724798046339,0.729623882466,25.0239085643,16.6038239843,25.3034062788,18.1924446926,True,6.5,0,0,0,0,0,1,,,Accor Stadium,2,-7.78819444444,28.4518197625,0.235805198374,0,,,,,,,
20251111130,2025,11,Dolphins,New Zealand Warriors,0,12,16,0.552014836647,0.568672996068,0.551943540326,0.568559557778,23.1296050252,22.2365520689,23.1195311735,20.1236698597,True,-1.5,0,0,0,0,0,1,,,Suncorp Stadium,-2,1.90277777778,4.54378918196,0.199327981174,0.0201246202875,,,,,,,
20251111140,2025,11,North Queensland Cowboys,Manly-Warringah Sea Eagles,0,6,24,0.64438577292,0.611921562374,0.644197677791,0.611740628732,23.7783616249,23.0276283438,23.8524780426,23.6315143477,True,1.5,0,0,0,0,0,1,,,Queensland Country Bank Stadium,5,0.854166666667,-5.44110772235,1.86991201892,0,,,,,,,
20251111150,2025,11,Cronulla-Sutherland Sharks,Melbourne Storm,1,31,26,0.485864630587,0.491530744661,0.485884136266,0.491544910412,20.2715814605,21.9114710625,20.9699737146,20.9443314839,True,-6.5,0,0,0,0,0,1,,,Ocean Protect Stadium,2,-0.0868055555556,-18.6133682004,-1.85929081827,0.0154357316415,,,,,,,
20251111160,2025,11,Brisbane Broncos,St. George Illawarra Dragons,0,26,30,0.702377228143,0.671831604327,0.702129349731,0.671567285315,25.2793716676,20.2847519224,25.2652211239,21.0959983816,True,11.5,0,0,0,0,0,1,,,Suncorp Stadium,-2,0.895833333333,18.7613322107,4.9983182842,0.00795001042137,,,,,,,
20251111170,2025,11,Canberra Raiders,Gold Coast Titans,1,40,24,0.724166044554,0.743759284202,0.723899771294,0.743419392404,27.0790432065,17.9204177338,26.9515268933,18.1270138706,True,11.5,0,0,0,0,0,1,,,GIO Stadium,6,-0.875,57.1577687714,4.58004493999,0.0262985669828,,,,,,,
20251111180,2025,11,Wests Tigers,South Sydney Rabbitohs,0,12,22,0.619166124937,0.623797065408,0.619007887979,0.62359851168,23.6629523274,20.7591413842,24.2712839766,20.4796218264,True,0.5,0,0,0,0,0,1,,,Campbelltown Sports Stadium,4,-1.75,17.3531396025,-2.38277863242,0.00323594361246,,,,,,,
20251111210,2025,12,Canterbury-Bankstown Bulldogs,Dolphins,0,8,44,0.663206503742,0.677647805008,0.6629975031,0.677376231996,24.7189201998,18.1772193113,25.1696139469,18.5952049446,True,5.5,0,0,0,0,0,1,,,Accor Stadium,4,0.791666666667,25.5289767127,2.4465467941,-2.77555756156e-17,,,,,,,
20251111220,2025,12,Parramatta Eels,Manly-Warringah Sea Eagles,1,30,10,0.482803698833,0.479706186255,0.482827422291,0.479740099139,21.6031921763,21.4022627218,21.5542247113,23.4113848944,True,-6.5,0,0,0,0,0,1,,,CommBank Stadium,0,0.979166666667,-37.5897810659,-3.22091760021,0.00291104928247,,,,,,,
20251111230,2025,12,Penrith Panthers,Newcastle Knights,0,6,25,0.602582656744,0.606411058081,0.602445025968,0.606238451783,23.8348312632,18.5536826397,24.4453540214,17.9336659699,True,5.5,0,0,0,0,0,1,,,Carrington Park,3,5.93402777778,36.1523010405,4.76235963837,-0.00311656768875,,,,,,,
20251111240,2025,12,Sydney Roosters,Cronulla-Sutherland Sharks,1,42,16,0.395396180536,0.398051142619,0.395536359222,0.398216940295,20.4873350849,27.8224885896,21.0018061695,27.5837128911,True,-10.5,0,0,0,0,0,1,,,Other,-2,0.982638888889,-20.7515194322,-3.93070451873,-0.018021807624,,,,,,,
20251111250,2025,12,New Zealand Warriors,Canberra Raiders,0,10,16,0.58741610109,0.568087628563,0.587297879269,0.567975132778,22.1617943142,20.668873764,22.3745049145,20.5323799623,True,1.5,0,0,0,0,0,1,,,Go Media Stadium,2,1.04513888889,-13.3545904246,-0.736875324936,-0.0139776273926,,,,,,,
20251111310,2025,13,St. George Illawarra Dragons,Newcastle Knights,1,20,6,0.631112824883,0.617269261717,0.630940202555,0.617080336531,24.9482609785,20.0627780022,25.3878152601,18.3255917515,True,8.5,0,0,0,0,0,1,,,Jubilee Stadium,0,6.14583333333,18.6551384953,-0.998589802704,-0.0159000208427,,,,,,,
20251111320,2025,13,Gold Coast Titans,Melbourne Storm,0,16,28,0.272495568254,0.2445025867,0.272764427154,0.24485138153,19.9514677603,32.770343133,20.1426110366,32.8330803591,True,-12.5,0,0,0,0,0,1,,,Cbus Super Stadium,-2,-0.854166666667,-91.0671069036,-12.7594655428,-0.000345723055148,,,,,,,
20251111330,2025,13,North Queensland Cowboys,Wests Tigers,1,32,28,0.768817238925,0.765606120429,0.76852223133,0.765250582453,26.8894676957,18.2285602881,26.9104884254,17.0069272642,True,9.5,0,0,0,0,0,1,,,Queensland Country Bank Stadium,1,1.03125,45.5936787827,4.80043770233,0,,,,,,,
20251111340,2025,13,Manly-Warringah Sea Eagles,Brisbane Broncos,1,34,6,0.643396561048,0.642323838727,0.643209599327,0.642098786966,24.0506386478,18.6652221358,24.3830333153,19.6726326442,True,-2.5,0,0,0,0,0,1,,,4 Pines Park,2,-5.25,18.0167918657,-2.98605607732,-0.0180028335063,,,,,,,
20251111350,2025,13,South Sydney Rabbitohs,New Zealand Warriors,0,30,36,0.373768280532,0.388518158815,0.373935075227,0.388698431344,20.1839038112,23.8910153793,20.4664575607,23.5130559344,True,-2.5,0,0,0,0,0,1,,,Accor Stadium,-4,6.99305555556,-26.1908330308,-0.680061643537,0,,,,,,,
20251111360,2025,13,Penrith Panthers,Parramatta Eels,1,18,10,0.709490844276,0.685229981412,0.709236681133,0.68494921691,25.4684632182,18.8545623905,25.7688168582,18.7905416934,True,4.5,0,0,0,0,0,1,,,CommBank Stadium,-1,-0.895833333333,33.9254980508,8.37901134429,0.00471406680891,,,,,,,
20251111370,2025,13,Sydney Roosters,Canberra Raiders,0,24,26,0.583505296382,0.576904272803,0.583392156006,0.57677765122,22.9421438204,21.8747526881,23.3598070514,22.4497055342,True,4.5,0,0,0,0,0,1,,,Allianz Stadium,-2,0.9375,-12.5558521072,3.49995327572,-0.00408392479882,,,,,,,
20251111410,2025,14,Newcastle Knights,Manly-Warringah Sea Eagles,1,26,22,0.470582723381,0.499880862969,0.470623244871,0.499881062277,21.0679594038,19.856054505,20.6566121865,20.7361824718,True,-7.5,0,0,0,0,0,1,,,McDonald Jones Stadium,-2,0.982638888889,-22.6874294663,0,0,,,,,,,
20251111420,2025,14,Melbourne Storm,North Queensland Cowboys,1,38,14,0.809456398707,0.795800533232,0.809148183481,0.795430494276,26.600730617,16.3308317968,27.097315071,16.2799394375,True,14.5,0,0,0,0,0,1,,,AAMI Park,1,0.104166666667,50.0807790898,6.45167637105,-0.00111415683122,,,,,,,
20251111430,2025,14,Dolphins,St. George Illawarra Dragons,1,56,6,0.632597623723,0.619428368259,0.632423242863,0.61923624263,23.1752045962,19.8902282825,24.2758911101,20.119362556,True,6.5,0,0,0,0,0,1,,,Suncorp Stadium,0,8.00694444444,11.5897045471,2.23853895549,0.00245213365424,,,,,,,
20251111440,2025,14,Cronulla-Sutherland Sharks,New Zealand Warriors,0,10,40,0.669248787576,0.663739880777,0.669033358248,0.66348593344,25.0610765775,19.7610475221,25.2695408907,20.269442337,True,7.5,0,0,0,0,0,1,,,Ocean Protect Stadium,-2,7.76736111111,26.6493985336,5.10266579906,0.0181619539974,,,,,,,
20251111450,2025,14,Brisbane Broncos,Gold Coast Titans,1,44,14,0.748119112443,0.750408225707,0.747835788366,0.750063153468,27.2382302073,19.3193926143,27.2404017699,19.8735817488,True,11.5,0,0,0,0,0,1,,,Suncorp Stadium,0,-0.190972222222,31.0267064751,7.21360783841,0.00310200128426,,,,,,,
20251111460,2025,14,Canberra Raiders,South Sydney Rabbitohs,1,36,12,0.731561708367,0.755714060203,0.731289795279,0.75536511168,26.1246844105,17.8911570967,26.1256976061,16.6077348196,True,8.5,0,0,0,0,0,1,,,GIO Stadium,4,-0.177083333333,37.2267925086,0.451708976831,0.0183485565614,,,,,,,
20251111470,2025,14,Wests Tigers,Penrith Panthers,0,14,18,0.357243039052,0.348775885106,0.357429266193,0.349013187717,21.3879843786,29.3755674116,21.6078243638,30.4031550708,True,-10.5,0,0,0,0,0,1,,,CommBank Stadium,-1,0.940972222222,-40.7932839891,-10.2771646932,0.0233795380177,,,,,,,
20251111480,2025,14,Canterbury-Bankstown Bulldogs,Parramatta Eels,1,30,12,0.687758584071,0.680684733221,0.687524408743,0.680409441965,25.7527939984,18.6233081188,25.6577630404,18.1482156529,True,7.5,0,0,0,0,0,1,,,Accor Stadium,2,9.84375,35.2666959969,4.15070215434,0.0089576403714,,,,,,,
20251111510,2025,15,Cronulla-Sutherland Sharks,St. George Illawarra Dragons,1,30,18,0.679064886397,0.675863460976,0.678839331321,0.675594095033,25.0845185204,18.555768928,25.6159825623,19.5754978634,True,12.5,0,0,0,0,0,1,,,Ocean Protect Stadium,2,-0.895833333333,19.2933837238,7.75975452576,0.00681687947244,,,,,,,
20251111520,2025,15,Gold Coast Titans,Manly-Warringah Sea Eagles,1,28,8,0.290256087837,0.311734703522,0.290510469721,0.312019060378,20.5166881194,29.1442400456,20.7948592116,29.9559466105,True,-12.5,0,0,0,0,0,1,,,Cbus Super Stadium,-2,-1.98958333333,-48.1663349682,-5.30392198175,-0.000140146373416,,,,,,,
20251111530,2025,15,Newcastle Knights,Sydney Roosters,0,8,12,0.469830719433,0.479097588235,0.469872271814,0.47913251581,21.4500416169,22.8550352655,21.7612474384,23.4934679754,True,-11.5,0,0,0,0,0,1,,,McDonald Jones Stadium,-2,-4.06597222222,-40.1435559617,-4.55581224837,0.00438990328655,,,,,,,
20251111540,2025,15,North Queensland Cowboys,Dolphins,0,4,58,0.341531890929,0.317032090546,0.341735750686,0.317310145037,20.4410388459,32.239347664,20.8447530429,31.9771511338,True,-5.5,0,0,0,0,0,1,,,Queensland Country Bank Stadium,-3,0.0833333333333,-21.5222781247,-0.811202170155,-0.0140970033163,,,,,,,
20251111550,2025,15,South Sydney Rabbitohs,Canterbury-Bankstown Bulldogs,0,18,24,0.280932593452,0.29253962131,0.281194794338,0.292845463847,19.5013111958,26.8277908528,19.8873157587,25.820942367,True,-8.5,0,0,0,0,0,1,,,Accor Stadium,-4,1.08333333333,-30.2265169245,-2.72106576154,0,,,,,,,
20251111610,2025,16,Wests Tigers,Canberra Raiders,0,12,16,0.235442995608,0.212026451827,0.235735848249,0.212393596023,19.6129129659,29.8184444276,20.1549494452,29.9116830642,True,-10.5,0,0,0,0,0,1,,,Campbelltown Sports Stadium,-6,-0.0868055555556,-54.9697142043,-4.80247281707,-0.00795001042137,,,,,,,
20251111620,2025,16,New Zealand Warriors,Penrith Panthers,0,18,28,0.622083381794,0.605712622282,0.621921594466,0.605541077902,23.6398911467,18.8081835401,23.8029364106,19.2559555517,True,13.5,0,0,0,0,0,1,,,Go Media Stadium,1,0.940972222222,-1.9392354228,-2.35195313691,0.00795001042137,,,,,,,
20251111630,2025,16,Dolphins,Newcastle Knights,0,20,26,0.748055123057,0.738491160325,0.74777183969,0.738155619723,26.303572103,14.5183242064,27.2270301032,15.2408916994,True,11.5,0,0,0,0,0,1,,,HBF Park,4,-0.0868055555556,57.5263051929,4.09935674724,-0.00796898453909,,,,,,,
20251111640,2025,16,South Sydney Rabbitohs,Melbourne Storm,0,24,25,0.191314554886,0.18653535798,0.191622654581,0.186909486882,18.616978916,32.7048732363,18.8598974052,33.387165945,True,-13.5,0,0,0,0,0,1,,,Accor Stadium,-2,-8.92013888889,-75.4320851511,-9.14175654404,0.0238248531012,,,,,,,
20251111650,2025,16,Brisbane Broncos,Cronulla-Sutherland Sharks,1,34,28,0.515764378823,0.51699585907,0.515742628063,0.516967448074,22.7840570796,23.6198643231,22.7947412669,24.0315977908,True,4.5,0,0,0,0,0,1,,,Suncorp Stadium,-4,5.01041666667,-15.6976717913,-2.91014223009,0.0140970033163,,,,,,,
20251111660,2025,16,Sydney Roosters,North Queensland Cowboys,1,42,8,0.732124838423,0.708025304906,0.731852509203,0.707718863852,26.0578591527,18.0357707071,26.2430919217,19.2374054939,True,7.5,0,0,0,0,0,1,,,Allianz Stadium,3,0.0868055555556,21.9541785458,3.0030390614,0.0496126746922,,,,,,,
20251111670,2025,16,Parramatta Eels,Gold Coast Titans,1,36,20,0.633159988844,0.658802895802,0.632984943707,0.658555429471,24.1202506486,19.8963056897,24.558423787,20.8671128607,True,-2.5,0,0,0,0,0,1,,,CommBank Stadium,0,4.16666666667,34.7406627475,1.73248651685,-0.0173726914962,,,,,,,
20251111710,2025,17,Penrith Panthers,Canterbury-Bankstown Bulldogs,1,8,6,0.594058946674,0.547569978357,0.593932163299,0.547490877109,22.2984974009,20.3177873183,22.0918176137,20.6914241423,True,-1.5,0,0,0,0,0,1,,,CommBank Stadium,-1,-6.03819444444,-13.2377222119,4.02787112652,-0.00795001042137,,,,,,,
20251111720,2025,17,Manly-Warringah Sea Eagles,Wests Tigers,1,28,10,0.785367799728,0.77331003843,0.785065741588,0.772949969568,28.010863419,17.1888226662,27.9613478887,17.5748103814,True,9.5,0,0,0,0,0,1,,,4 Pines Park,4,7,44.3970173314,4.64452019414,0.0040441802314,,,,,,,
20251111730,2025,17,Newcastle Knights,Canberra Raiders,0,18,22,0.434755002338,0.438614360027,0.434844059142,0.438716021302,21.1461940964,21.9203548428,21.6045790549,21.3878155767,True,-6.5,0,0,0,0,0,1,,,McDonald Jones Stadium,-4,-0.8125,-41.5124381892,-2.58449801517,0,,,,,,,
20251111740,2025,17,Brisbane Broncos,New Zealand Warriors,1,26,12,0.509925728746,0.478435702208,0.509912028339,0.478471733084,22.0177912956,24.5567923406,21.9158289726,26.8626824452,True,5.5,0,0,0,0,0,1,,,Suncorp Stadium,-2,-0.875,-21.6297732812,2.27768739486,0,,,,,,,
20251111750,2025,17,St. George Illawarra Dragons,Parramatta Eels,1,34,20,0.605374955651,0.596906378904,0.605233807406,0.59674834225,23.6470152007,20.7191741928,23.813949048,20.9759799259,True,3.5,0,0,0,0,0,1,,,WIN Stadium,-2,9.93402777778,-8.99338987194,0.453838334301,-0.0180028335063,,,,,,,
20251111760,2025,17,Dolphins,South Sydney Rabbitohs,1,50,28,0.756798947466,0.7475949976,0.756510357301,0.747252074107,27.2230731126,17.4460015348,27.9252801559,18.3039157028,True,3.5,0,0,0,0,0,1,,,Suncorp Stadium,4,0.170138888889,84.4150753157,2.21983976708,-0.0241895709686,,,,,,,
20251111770,2025,17,Melbourne Storm,Cronulla-Sutherland Sharks,1,30,6,0.809681944665,0.800794953022,0.809373696709,0.800423405515,27.1655398591,15.0093091937,27.1321006974,16.2331902898,True,10.5,0,0,0,0,0,1,,,AAMI Park,4,0.767361111111,51.4846127518,2.89682137553,-0.00471406680891,,,,,,,
20251111780,2025,17,Gold Coast Titans,North Queensland Cowboys,0,24,30,0.536495289442,0.535169792547,0.536445080851,0.535111149794,24.0105835063,22.973614932,23.7900602221,22.29591509,True,-3.5,0,0,0,0,0,1,,,Cbus Super Stadium,0,-0.0902777777778,-4.51357269244,-5.24060895464,0.00695522951386,,,,,,,
20251111810,2025,18,Canterbury-Bankstown Bulldogs,Brisbane Broncos,0,18,22,0.728955271818,0.728498952601,0.728685309546,0.728172238785,25.5129697436,18.1683995738,25.3712655622,17.8578067007,True,7.5,0,0,0,0,0,1,,,Accor Stadium,0,1.79861111111,15.792219217,-1.83705403601,0.000418361283139,,,,,,,
20251111820,2025,18,Canberra Raiders,St. George Illawarra Dragons,1,28,24,0.725677091849,0.753485502264,0.725409640231,0.753138153466,25.7459711361,16.5447827835,25.903560328,17.0007457197,True,13.5,0,0,0,0,0,1,,,GIO Stadium,4,0.895833333333,47.4235863146,3.85144595524,0.0241688005189,,,,,,,
20251111830,2025,18,North Queensland Cowboys,Melbourne Storm,0,20,26,0.216178222824,0.216323476362,0.216479714743,0.21668876504,19.7963571577,30.4292660601,20.3212759074,31.947676754,True,-7.5,0,0,0,0,0,1,,,Queensland Country Bank Stadium,-4,-0.0868055555556,-82.8505002157,-9.56099391841,0.00795001042137,,,,,,,
20251111840,2025,18,Sydney Roosters,Wests Tigers,0,28,30,0.730518826748,0.743234294646,0.730247689345,0.742894826818,27.3410564975,17.6097063509,27.4188360528,18.3652722346,True,12.5,0,0,0,0,0,1,,,Allianz Stadium,6,5.07986111111,44.8978908715,7.80010792183,0.0040441802314,,,,,,,
20251111850,2025,18,Manly-Warringah Sea Eagles,South Sydney Rabbitohs,1,30,12,0.769548342346,0.773826339575,0.769252978504,0.77346598655,28.4787068477,17.7433671218,28.6958334569,18.6488136133,True,10.5,0,0,0,0,0,1,,,4 Pines Park,4,1.07638888889,14.581995161,1.95037334726,0.0275846350722,,,,,,,
20251111910,2025,19,Cronulla-Sutherland Sharks,Dolphins,1,24,12,0.397501597315,0.361998203682,0.397639121672,0.362217189993,22.6358245804,27.1519305107,22.66809592,27.3802055843,True,5.5,0,0,0,0,0,1,,,Ocean Protect Stadium,-6,-0.756944444444,-49.1605171595,2.92305863183,0.0147668898938,,,,,,,
20251111920,2025,19,Newcastle Knights,Melbourne Storm,0,14,32,0.398581305431,0.38415104597,0.39871746457,0.384337857548,20.9401976878,24.4518153549,21.310575311,25.561102375,True,-10.5,0,0,0,0,0,1,,,McDonald Jones Stadium,-6,7.98263888889,-58.4069550061,-7.60285917761,0.0434913882327,,,,,,,
20251111930,2025,19,St. George Illawarra Dragons,Sydney Roosters,0,24,31,0.419508804314,0.402831285318,0.419618008711,0.402989727437,21.9320685811,26.1538210017,22.0064794442,28.5631170006,True,-5.5,0,0,0,0,0,1,,,Jubilee Stadium,-2,0.854166666667,-43.8747683864,-6.90166587645,0.00795001042137,,,,,,,
20251111940,2025,19,North Queensland Cowboys,Canterbury-Bankstown Bulldogs,0,8,12,0.348330414067,0.351552741835,0.348526751397,0.351786257782,20.0675151628,25.5468632647,20.9565870208,26.1859218346,True,-5.5,0,0,0,0,0,1,,,Queensland Country Bank Stadium,-2,-0.982638888889,-46.0090042859,-1.86581739957,0.0242085450863,,,,,,,
20251111950,2025,19,New Zealand Warriors,Wests Tigers,1,34,14,0.636509917874,0.6584587926,0.636330936098,0.658211782175,25.0558847789,19.5170953998,25.4706476461,18.9869075833,True,7.5,0,0,0,0,0,1,,,Go Media Stadium,2,7.95833333333,46.070305528,2.96023096005,0,,,,,,,
20251111960,2025,19,Parramatta Eels,Penrith Panthers,0,10,32,0.476348205081,0.470568214941,0.476380811397,0.470617338666,21.0819485433,25.5081279017,21.3391993631,25.2006602951,True,-9.5,0,0,0,0,0,1,,,CommBank Stadium,-4,-1.90277777778,-17.968212263,-6.33739750138,-0.0108420855861,,,,,,,
20251111970,2025,19,Gold Coast Titans,Brisbane Broncos,0,14,26,0.408550983484,0.39004312671,0.408674413876,0.390221101879,22.3329249119,30.0287065539,21.8711396945,28.4326661589,True,-11.5,0,0,0,0,0,1,,,Cbus Super Stadium,-6,5.16319444444,-40.5686471421,-7.90012991248,0.00291104928247,,,,,,,
20251112010,2025,20,Dolphins,North Queensland Cowboys,1,43,24,0.804162565613,0.779944416129,0.803855256394,0.779580887481,28.9867695248,16.3481454193,28.8238522142,16.3034999851,True,6.5,0,0,0,0,0,1,,,Suncorp Stadium,4,0.982638888889,78.7637122153,2.08089778938,-0.0100528230849,,,,,,,
20251112020,2025,20,Cronulla-Sutherland Sharks,Sydney Roosters,1,31,18,0.454935906016,0.473842845885,0.45499778716,0.473886525235,21.8003156819,23.2530608305,22.0737660744,24.5645875163,True,1.5,0,0,0,0,0,1,,,Ocean Protect Stadium,-2,0.895833333333,-23.9003156467,0.519052296633,-0.0132887666974,,,,,,,
20251112030,2025,20,Penrith Panthers,South Sydney Rabbitohs,1,30,10,0.742463715701,0.749801418243,0.742184093342,0.749456804068,27.1895927754,16.3642904817,27.578906376,15.7079945071,True,12.5,0,0,0,0,0,1,,,CommBank Stadium,10,-7,30.4904558295,7.26205838569,0.00402520611368,,,,,,,
20251112040,2025,20,Canberra Raiders,Parramatta Eels,1,40,16,0.805459100265,0.819162359575,0.805151544917,0.818787680431,29.4011827203,15.6877117188,29.7363947436,15.7611843714,True,14.5,0,0,0,0,0,1,,,GIO Stadium,8,7.94097222222,37.5202123591,4.41553407941,0,,,,,,,
20251112050,2025,20,Canterbury-Bankstown Bulldogs,St. George Illawarra Dragons,1,20,18,0.778047570595,0.774428580214,0.777748364813,0.774067898873,27.6254265417,15.4993822716,27.8943410298,16.1075813196,True,11.5,0,0,0,0,0,1,,,Accor Stadium,4,-0.0868055555556,26.5037355009,5.0908915096,0.00390583018997,,,,,,,
20251112060,2025,20,Melbourne Storm,Manly-Warringah Sea Eagles,0,16,18,0.773207411482,0.783417974247,0.772910325427,0.783052803089,26.1039785759,14.8180641809,26.2200666612,15.0864650974,True,10.5,0,0,0,0,0,1,,,AAMI Park,4,-5.95486111111,45.5857356693,7.07720361058,-0.0180028335063,,,,,,,
20251112070,2025,20,Wests Tigers,Gold Coast Titans,1,21,20,0.598583380344,0.590630544141,0.598450818951,0.590482260678,25.7503156695,23.0001008361,25.6953546173,23.9316641415,True,2.5,0,0,0,0,0,1,,,Leichhardt Oval,0,0.09375,10.0668124298,3.09190755494,-0.00795001042137,,,,,,,
20251112080,2025,20,Newcastle Knights,New Zealand Warriors,0,15,20,0.5622483331,0.569755442673,0.562163278667,0.569640263206,22.7925707414,22.4309317067,22.7415736568,22.8579171255,True,-6.5,0,0,0,0,0,1,,,McDonald Jones Stadium,-2,1.04166666667,-9.16222592138,-1.56015582554,-0.0140970033163,,,,,,,
20251112110,2025,21,Sydney Roosters,Melbourne Storm,0,30,34,0.417043123747,0.37679283945,0.417155549216,0.37699052898,21.8422173574,26.0935893267,21.1709390592,26.8542907246,True,-3.5,0,0,0,0,0,1,,,Allianz Stadium,-2,1.06597222222,-31.9152151278,-3.62664206143,0.000345723055148,,,,,,,
20251112120,2025,21,North Queensland Cowboys,St. George Illawarra Dragons,1,38,32,0.511259308155,0.509248905611,0.511243768189,0.509233436379,23.3822317819,24.8076272247,23.8164818382,24.4537158377,True,3.5,0,0,0,0,0,1,,,Queensland Country Bank Stadium,0,1.90277777778,-9.51729372184,0.519336519792,0.00795001042137,,,,,,,
20251112130,2025,21,Brisbane Broncos,Parramatta Eels,0,20,22,0.819179364841,0.815640402497,0.818870187785,0.815266017396,29.9896463053,15.2532089956,29.8717128597,15.940942149,True,14.5,0,0,0,0,0,1,,,Suncorp Stadium,8,5.86458333333,32.5940851192,6.31884532684,0,,,,,,,
20251112140,2025,21,New Zealand Warriors,Gold Coast Titans,0,16,24,0.759595283418,0.755282958444,0.759305107443,0.75493431614,27.9624434012,16.2117914947,28.0913166183,16.3975339107,True,12.5,0,0,0,0,0,1,,,Go Media Stadium,4,-0.0868055555556,48.0307132242,5.23229103061,0.0140970033163,,,,,,,
20251112150,2025,21,Penrith Panthers,Wests Tigers,1,36,2,0.854309204705,0.836833751912,0.854004984385,0.836459963179,30.6779933716,13.7901951616,30.6697025891,13.7037397888,True,13.5,0,0,0,0,0,1,,,CommBank Stadium,6,1.75,50.1258856949,8.55159145994,-0.0100717972026,,,,,,,
20251112160,2025,21,South Sydney Rabbitohs,Cronulla-Sutherland Sharks,0,12,14,0.285487332736,0.326602836898,0.285745772806,0.326869125387,20.5439226938,27.3627655374,20.5111146721,26.9733796898,True,-15.5,0,0,0,0,0,1,,,Other,-6,-0.0833333333333,-30.9495009986,-7.06943848233,0.00210281266353,,,,,,,
20251112170,2025,21,Canberra Raiders,Newcastle Knights,1,44,18,0.752045329333,0.747528117921,0.751759559746,0.747185246287,26.6498822688,15.8057850041,27.5579384352,16.1980855961,True,15.5,0,0,0,0,0,1,,,GIO Stadium,8,1.04513888889,26.3401538638,2.17709146879,0.0183485565614,,,,,,,
20251112180,2025,21,Canterbury-Bankstown Bulldogs,Manly-Warringah Sea Eagles,1,42,4,0.679322261004,0.667930285928,0.67909644593,0.667670927768,23.2343218823,18.3420661566,23.66938477,18.4473158579,True,3.5,0,0,0,0,0,1,,,Allianz Stadium,0,0.0868055555556,1.92991087432,1.1039302262,0.0100717972026,,,,,,,
20251112210,2025,22,Parramatta Eels,Melbourne Storm,0,10,16,0.217414761544,0.224176419584,0.217715786515,0.224537848342,19.1665338108,30.6154343798,19.0058923587,32.4279170201,True,-10.5,0,0,0,0,0,1,,,CommBank Stadium,-4,-1.00694444444,-74.5217868764,-11.0191530579,0,,,,,,,
20251112220,2025,22,New Zealand Warriors,Dolphins,0,18,20,0.308096956142,0.319722490877,0.30833512006,0.31999728637,20.0269348148,29.420427633,20.4027498116,29.7507804386,True,-4.5,0,0,0,0,0,1,,,Go Media Stadium,-2,-8.88194444444,-30.8816824325,-1.89026092782,-0.0144427263714,,,,,,,
20251112230,2025,22,Brisbane Broncos,South Sydney Rabbitohs,1,60,14,0.836831635461,0.806547726015,0.836523199899,0.806174780146,29.7931313414,15.8540541824,29.7822717244,16.7261953225,True,18.5,0,0,0,0,0,1,,,Suncorp Stadium,8,0.982638888889,39.5868591996,4.0719711067,-0.00369845717625,,,,,,,
20251112240,2025,22,Gold Coast Titans,Penrith Panthers,0,26,30,0.192737014456,0.192261596067,0.193044886209,0.192634784898,19.9214913217,31.1933789525,20.4060191006,35.1804865255,True,-14.5,0,0,0,0,0,1,,,Cbus Super Stadium,-8,0.0208333333333,-59.5310229546,-11.6268525403,0.00795001042137,,,,,,,
20251112250,2025,22,St. George Illawarra Dragons,Canberra Raiders,1,18,12,0.223836323281,0.22183702354,0.224134725741,0.222199664347,19.9809341522,30.0237195847,20.2478960868,31.2831222344,True,-7.5,0,0,0,0,0,1,,,WIN Stadium,-8,1.83333333333,-38.2384312727,-4.58752942992,0,,,,,,,
20251112260,2025,22,Manly-Warringah Sea Eagles,Sydney Roosters,0,4,20,0.554347900696,0.53802729974,0.554273456241,0.537963927799,24.0511489015,20.6254225129,23.8959222273,21.5743661351,True,1.5,0,0,0,0,0,1,,,4 Pines Park,2,-2.84375,0.930028755209,-4.09277200146,0.0259718180454,,,,,,,
20251112270,2025,22,Wests Tigers,Canterbury-Bankstown Bulldogs,1,28,14,0.208806667927,0.214234739115,0.209110680969,0.214600952853,18.8665694217,30.5485862025,19.1840622329,30.053026575,True,-10.5,0,0,0,0,0,1,,,CommBank Stadium,-2,0.940972222222,-40.3289932022,-5.25504213613,-0.0180028335063,,,,,,,
20251112280,2025,22,Cronulla-Sutherland Sharks,North Queensland Cowboys,1,32,12,0.767953315272,0.742513616161,0.767658733798,0.742174733842,28.8554910189,16.1060760356,28.3755449865,16.6259697371,True,8.5,0,0,0,0,0,1,,,Ocean Protect Stadium,2,-1.06597222222,38.5351037057,6.27401897387,0.0108610597038,,,,,,,
20251112310,2025,23,Melbourne Storm,Brisbane Broncos,1,22,2,0.638263419833,0.652950208255,0.63808239157,0.652710568552,24.0200891676,17.6606082659,24.6790029391,16.1254396841,True,4.5,0,0,0,0,0,1,,,AAMI Park,0,1.00694444444,38.9271001468,4.73342143645,-0.0144427263714,,,,,,,
20251112320,2025,23,Newcastle Knights,Penrith Panthers,0,12,48,0.236449644538,0.262026861342,0.236741968501,0.262361962596,19.3443861836,29.3969157385,20.0649079607,28.0821828842,True,-12.5,0,0,0,0,0,1,leadership_change,,McDonald Jones Stadium,-8,6.04166666667,-39.1688206712,-9.15750931927,0,39,leadership-knights-2025-obrien-planned-departure,announcement,-3,home,knights,1
20251112330,2025,23,Canberra Raiders,Manly-Warringah Sea Eagles,1,28,12,0.737336508858,0.745838414463,0.737060420094,0.745496864877,26.0342366553,14.8234583977,26.3562052858,14.3846197463,True,7.5,0,0,0,0,0,1,,,GIO Stadium,2,0.0868055555556,36.49354337,2.00776088997,0.00795001042137,,,,,,,
20251112340,2025,23,St. George Illawarra Dragons,Cronulla-Sutherland Sharks,1,22,14,0.337923129593,0.358392732091,0.338130912451,0.358616783362,20.7664330467,26.3927978485,20.9360399146,24.8219293781,True,-8.5,0,0,0,0,0,1,,,Jubilee Stadium,-6,0.940972222222,-26.2913127079,-7.83682380791,-0.00681687947244,,,,,,,
20251112350,2025,23,Dolphins,Sydney Roosters,0,12,64,0.69062200435,0.707867678273,0.69038506475,0.707561404016,25.9948708898,18.2995287658,26.1464505873,18.3461461964,True,-1.5,0,0,0,0,0,1,,,Suncorp Stadium,2,0.982638888889,29.6335752278,-3.17257564905,0,,,,,,,
20251112360,2025,23,Canterbury-Bankstown Bulldogs,New Zealand Warriors,1,32,14,0.739549622686,0.731215353824,0.739271988306,0.730886167892,26.1853189272,15.9744374033,26.4346471794,15.9750905898,True,8.5,0,0,0,0,0,1,,,Accor Stadium,2,-1.75,22.3374101399,1.83107939739,0.0178585609248,,,,,,,
20251112370,2025,23,Gold Coast Titans,South Sydney Rabbitohs,0,18,20,0.721041301629,0.739569416177,0.720777506694,0.739232967621,27.1749844199,19.3486497809,26.282285851,20.856997487,True,4.5,0,0,0,0,0,1,,,Cbus Super Stadium,2,-0.791666666667,-2.5586030136,-0.944756059447,0.00390583018997,,,,,,,
20251112380,2025,23,Parramatta Eels,North Queensland Cowboys,1,19,18,0.563851456328,0.547612661528,0.563764259162,0.547533490168,24.438829925,22.6648423251,24.0744702419,22.4316077354,True,4.5,0,0,0,0,0,1,,,CommBank Stadium,0,2.84375,-1.59941427614,-2.38987028492,0.0210667992347,,,,,,,
20251112410,2025,24,Penrith Panthers,Melbourne Storm,0,18,22,0.6676581398,0.649670993514,0.667444388751,0.649435804769,22.7200717398,16.8602862231,21.9828858878,17.1405905795,True,5.5,0,0,0,0,0,1,,,CommBank Stadium,2,-0.923611111111,-13.0038134058,0.830344845233,0.00829573347652,,,,,,,
20251112420,2025,24,New Zealand Warriors,St. George Illawarra Dragons,1,14,10,0.592116081605,0.583259709286,0.59199179288,0.583123004689,24.9751428403,20.4894079921,25.1782761069,21.196383322,True,4.5,0,0,0,0,0,1,,,Go Media Stadium,0,-0.190972222222,14.6649371208,1.61914219396,0.00520481394779,,,,,,,
20251112430,2025,24,Sydney Roosters,Canterbury-Bankstown Bulldogs,1,32,12,0.576489776904,0.579622370461,0.576385823022,0.579491425832,22.972184594,20.7991269677,23.4632714061,18.4756499461,True,-1.5,0,0,0,0,0,1,,,Allianz Stadium,-2,0.0868055555556,6.96297168984,3.2618497603,-0.010695206895,,,,,,,
20251112440,2025,24,Cronulla-Sutherland Sharks,Gold Coast Titans,1,54,22,0.740776711482,0.753063485576,0.740498233406,0.75271644437,29.0638316297,17.3528648099,28.5564747335,17.5251225403,True,9.5,0,0,0,0,0,1,,,Ocean Protect Stadium,6,0.958333333333,39.6244449632,7.65315436762,0.0108610597038,,,,,,,
20251112450,2025,24,Brisbane Broncos,Dolphins,1,38,28,0.615240646701,0.562745956674,0.61508722373,0.562642090011,23.1075673069,22.4440727675,22.7401138298,21.8683425641,True,2.5,0,0,0,0,0,1,,,Suncorp Stadium,0,1.90277777778,-18.3989706393,2.05341677221,0.0201246202875,,,,,,,
20251112460,2025,24,South Sydney Rabbitohs,Parramatta Eels,1,20,16,0.405563649159,0.394616787722,0.405690916198,0.394787830767,22.9466288975,24.000085719,23.2118118035,24.5438598516,True,-6.5,0,0,0,0,0,1,,,Allianz Stadium,-2,0.0868055555556,-22.7698980793,0.603992298045,0.00471406680891,,,,,,,
20251112470,2025,24,Wests Tigers,Manly-Warringah Sea Eagles,1,26,12,0.483248370445,0.497825454287,0.483271481378,0.4978290921,23.1115026915,24.0078571004,23.200101789,23.168054976,True,-3.5,0,0,0,0,0,1,,,Allianz Stadium,2,5.25,-32.4856060404,-1.92683427598,0,,,,,,,
20251112480,2025,24,North Queensland Cowboys,Newcastle Knights,1,38,4,0.690577484647,0.665658127124,0.690340587734,0.665401692433,25.8511300545,19.0872583405,25.6946244539,19.4214084424,True,9.5,0,0,0,0,0,1,leadership_change,,Queensland Country Bank Stadium,2,-1.92013888889,-11.9133419672,0.972781006043,-0.00714177380244,39,leadership-knights-2025-obrien-planned-departure,announcement,-2,away,knights,1
20251112510,2025,25,South Sydney Rabbitohs,St. George Illawarra Dragons,1,40,0,0.3908788173,0.369773240819,0.391024655252,0.369981134721,21.5368355706,24.6866653829,22.1734460209,24.8068571501,True,1.5,0,0,0,0,0,1,,,Accor Stadium,0,-0.982638888889,-36.0588223309,0.462248264212,0.0111859540338,,,,,,,
20251112520,2025,25,Penrith Panthers,Canberra Raiders,0,16,20,0.731537524164,0.696211732747,0.73126562899,0.695918217023,25.4909249379,16.4358561433,25.3251357969,17.4829306569,True,4.5,0,0,0,0,0,1,,,Other,0,-5.99305555556,13.4652174098,5.84674576738,-0.0100717972026,,,,,,,
20251112530,2025,25,Melbourne Storm,Canterbury-Bankstown Bulldogs,1,20,14,0.678390146083,0.695266352596,0.678165273984,0.694973907438,24.2054782537,14.5141390706,24.1436061457,14.410359159,True,5.5,0,0,0,0,0,1,,,AAMI Park,2,1.00694444444,27.833254293,4.37307420324,-0.000688860695226,,,,,,,
20251112540,2025,25,Manly-Warringah Sea Eagles,Dolphins,1,58,30,0.401074900631,0.397904216711,0.401207896594,0.398070239475,22.3904459845,24.74693078,22.3610051938,23.4717294922,True,-1.5,0,0,0,0,0,1,,,4 Pines Park,-2,-0.854166666667,-27.5172028861,-1.24181971881,0.0144427263714,,,,,,,
20251112550,2025,25,Gold Coast Titans,New Zealand Warriors,0,18,32,0.49959490066,0.518793899693,0.499595459961,0.518762488401,22.7904546955,23.8591837944,22.9577641266,23.6577793105,True,-2.5,0,0,0,0,0,1,,,Cbus Super Stadium,-2,-0.791666666667,-26.1755423707,-4.74422401107,0.00795001042137,,,,,,,
20251112560,2025,25,Parramatta Eels,Sydney Roosters,1,30,10,0.233963441564,0.22569552664,0.234257057801,0.2260561406,20.7575134284,31.8499056579,21.1465025208,31.3676032741,True,-9.5,0,0,0,0,0,1,,,CommBank Stadium,-2,-0.982638888889,-65.0660279257,-8.81089211964,0.0159000208427,,,,,,,
20251112570,2025,25,Newcastle Knights,Brisbane Broncos,0,12,46,0.286860807289,0.280248014251,0.287118091042,0.28056641316,20.0730485188,33.9285018706,20.360508817,31.5120739562,True,-12.5,0,0,0,0,0,1,leadership_change,,McDonald Jones Stadium,-6,-0.940972222222,-42.7304197283,-5.90759454004,-0.0152576370327,39,leadership-knights-2025-obrien-planned-departure,announcement,-1,home,knights,1
20251112580,2025,25,Wests Tigers,North Queensland Cowboys,0,28,34,0.630141819511,0.622412016327,0.629970350819,0.622215493552,24.3770423045,21.3021785415,24.8736098801,22.8444804618,True,3.5,0,0,0,0,0,1,,,Leichhardt Oval,2,0.0868055555556,-2.2828581735,-0.655472910765,-0.0100528230849,,,,,,,
20251112610,2025,26,Canterbury-Bankstown Bulldogs,Penrith Panthers,1,28,4,0.662922084712,0.634976506233,0.662713390218,0.63476180889,23.5997962062,18.7042422757,23.5769550506,18.8270736984,True,20.5,0,0,0,0,0,1,,,Accor Stadium,-2,-0.0833333333333,-24.6194525658,1.84868920266,0,,,,,,,
20251112620,2025,26,New Zealand Warriors,Parramatta Eels,0,22,26,0.648616866465,0.640557753611,0.648423961072,0.640335171395,25.5723929173,17.749258545,26.610128726,17.7640599917,True,4.5,0,0,0,0,0,1,,,Go Media Stadium,-2,0.0868055555556,23.6719073981,3.09647468358,0.00210281266353,,,,,,,
20251112630,2025,26,Melbourne Storm,Sydney Roosters,0,10,40,0.584413598812,0.607846272141,0.584299275638,0.607671488211,24.2449173842,17.7768914813,24.0984967503,17.5954838197,True,1.5,0,0,0,0,0,1,,,AAMI Park,4,0.982638888889,-2.08346084036,0.633461599379,0.00486698325483,,,,,,,
20251112640,2025,26,Canberra Raiders,Wests Tigers,1,24,10,0.840494173354,0.84327793916,0.840186320758,0.842905516512,30.4096289171,13.6194605459,30.0359480491,13.1011224815,True,14.5,0,0,0,0,0,1,,,GIO Stadium,2,1.92013888889,50.5248312442,3.96863492467,-0.0144427263714,,,,,,,
20251112650,2025,26,St. George Illawarra Dragons,Manly-Warringah Sea Eagles,0,24,40,0.651517987141,0.613452142339,0.651321819465,0.613268912179,25.8957149445,24.1510917638,25.5467467318,23.680470717,True,-1.5,0,0,0,0,0,1,,,Jubilee Stadium,2,1.79861111111,14.8792358774,-3.41461812478,0,,,,,,,
20251112660,2025,26,North Queensland Cowboys,Brisbane Broncos,0,30,38,0.368012491513,0.41263110603,0.368186150592,0.412774281665,21.8831097566,27.4625539888,22.1740381338,27.0176487714,True,-4.5,0,0,0,0,0,1,,,Queensland Country Bank Stadium,0,-0.0868055555556,-31.802776798,-3.88636633382,-0.0144427263714,,,,,,,
20251112670,2025,26,Cronulla-Sutherland Sharks,Newcastle Knights,1,40,16,0.788641973501,0.787774792761,0.788338781546,0.787407730293,29.710804734,16.9339672776,29.7466015945,15.0748061157,True,20.5,0,0,0,0,0,1,leadership_change,,Ocean Protect Stadium,8,7.95833333333,51.1125561669,8.27981135344,0.0131548243692,39,leadership-knights-2025-obrien-planned-departure,announcement,0,away,knights,1
20251112680,2025,26,Dolphins,Gold Coast Titans,1,36,30,0.697474380285,0.692142799056,0.697230982511,0.691853927964,28.4349293443,22.6882810635,28.0858673853,23.7249838776,True,8.5,0,0,0,0,0,1,,,Suncorp Stadium,2,0.104166666667,48.8734465784,4.13387248394,0.0100528230849,,,,,,,
20251112710,2025,27,Brisbane Broncos,Melbourne Storm,1,30,14,0.526702647966,0.49513862431,0.526665850837,0.49514675653,21.6864124141,22.0447413073,21.8173222876,23.58162734,True,-5.5,0,0,0,0,0,1,,,Suncorp Stadium,0,-0.982638888889,-18.5567581775,-4.72504581294,0.00795001042137,,,,,,,
20251112720,2025,27,Manly-Warringah Sea Eagles,New Zealand Warriors,1,27,26,0.602450224874,0.59276043723,0.602312761378,0.592608832448,23.3430796975,22.5087681473,23.425659089,23.0264716556,True,5.5,0,0,0,0,0,1,,,4 Pines Park,0,-0.895833333333,-7.1137346227,0.14912704559,-0.0100717972026,,,,,,,
20251112730,2025,27,Sydney Roosters,South Sydney Rabbitohs,1,36,6,0.826988864152,0.818319326771,0.826679604746,0.817944704293,29.8009490688,16.9951244007,29.396657816,15.4436204652,True,13.5,0,0,0,0,0,1,,,Allianz Stadium,2,-8.00694444444,70.9143414752,6.97289661589,-0.00795001042137,,,,,,,
20251112740,2025,27,St. George Illawarra Dragons,Penrith Panthers,0,20,40,0.233185878113,0.250694407421,0.233479889194,0.251038645091,20.5178725582,32.6799966528,21.1852240465,30.494491933,True,-15.5,0,0,0,0,0,1,,,WIN Stadium,0,-1.90277777778,-60.2146752332,-10.5133823488,1.89741177173e-05,,,,,,,
20251112750,2025,27,Gold Coast Titans,Wests Tigers,1,36,28,0.594619507662,0.578150693937,0.594492006007,0.578022088014,24.8900338568,24.4837012365,24.8170058063,25.63167965,True,-1.5,0,0,0,0,0,1,,,Cbus Super Stadium,-4,-1.04513888889,-16.7506818682,-1.51564148725,-0.0100528230849,,,,,,,
20251112760,2025,27,Canterbury-Bankstown Bulldogs,Cronulla-Sutherland Sharks,0,6,24,0.562914731867,0.567932442534,0.562828786288,0.567820196721,22.8030251864,19.6522724248,22.3975121598,19.287231832,True,6.5,0,0,0,0,0,1,,,Accor Stadium,-4,2.75694444444,-4.79591328448,-2.48501505609,0.0121746098661,,,,,,,
20251112770,2025,27,Dolphins,Canberra Raiders,1,62,24,0.510510797503,0.436259285842,0.510496289993,0.436364763258,23.047367388,27.1039994455,22.299609785,27.6599761382,True,13.5,0,0,0,0,0,1,,,Kayo Stadium,-4,-1.04513888889,-35.7420235514,-1.36491682263,0.0144427263714,,,,,,,
20251112780,2025,27,Parramatta Eels,Newcastle Knights,1,66,10,0.767384673247,0.779247093429,0.767090375288,0.778883908673,29.5845106845,17.1940729528,29.2504425568,15.7775125196,True,13.5,0,1,1,1,1,1,leadership_change,1,CommBank Stadium,6,1.75,42.748020494,2.09699527461,0.0140970033163,39,leadership-knights-2025-obrien-planned-departure,announcement,1,away,knights,1
20251112810,2025,28,Melbourne Storm,Canterbury-Bankstown Bulldogs,1,26,18,0.553874530903,0.606137202208,0.553800724671,0.605965012117,22.9087797075,17.0144575525,23.458301505,15.4554005087,True,6.5,0,0,0,0,0,1,,,AAMI Park,2,1.98958333333,5.66860433396,4.57498386588,0.0139361071878,,,,,,,
20251112820,2025,28,New Zealand Warriors,Penrith Panthers,0,8,24,0.345604323596,0.391604335721,0.345803697572,0.391779951621,20.7740231413,22.8623350762,22.0657098779,23.5432550233,True,-9.5,0,0,0,0,0,1,,,Go Media Stadium,0,0.875,-23.4258204403,-6.5576229648,0.00471406680891,,,,,,,
20251112830,2025,28,Cronulla-Sutherland Sharks,Sydney Roosters,1,20,10,0.539560157925,0.529651747394,0.539505766785,0.529602258253,23.054282942,21.4043694337,23.1543695742,22.3912773323,True,-2.5,0,0,0,0,0,1,,,Ocean Protect Stadium,0,-0.982638888889,-26.7261199679,-1.43591040856,-0.00212178678125,,,,,,,
20251112840,2025,28,Canberra Raiders,Brisbane Broncos,0,28,29,0.638842826063,0.595186649837,0.63866112375,0.595031275691,24.5926593958,20.8120371734,23.7931439147,19.2219373065,True,2.5,0,0,0,0,0,1,,,GIO Stadium,-2,-2.75694444444,3.71445822582,-2.02642489768,0,,,,,,,
20251112910,2025,29,Canberra Raiders,Cronulla-Sutherland Sharks,0,12,32,0.608400892036,0.575336539771,0.608255953108,0.575212418662,22.8324598476,20.6431529474,22.5462546952,20.8379326574,True,1.5,0,0,0,0,0,1,,,GIO Stadium,-2,-0.84375,-19.0285732939,-3.47953431611,-0.00437092916883,,,,,,,
20251112920,2025,29,Canterbury-Bankstown Bulldogs,Penrith Panthers,0,26,46,0.431619360958,0.460316839155,0.431712591751,0.460382947786,21.231933366,21.0000594933,22.0250962682,21.085154751,True,-7.5,0,0,0,0,0,1,,,Accor Stadium,-2,0.927083333333,-8.29643523724,-5.89259193133,-0.00568807726671,,,,,,,
20251113010,2025,30,Melbourne Storm,Cronulla-Sutherland Sharks,1,22,14,0.683256339954,0.631441826238,0.683026586778,0.631232183938,23.3600614926,17.6955267002,22.8204691001,19.2135673948,True,8.5,0,0,0,0,0,1,,,AAMI Park,-4,8,-12.3350558882,1.88441206284,-0.00795001042137,,,,,,,
20251113020,2025,30,Brisbane Broncos,Penrith Panthers,1,16,14,0.556927801447,0.572077256478,0.556849883454,0.571958349745,23.7526001433,21.7598351669,24.4288451847,23.4393791158,True,-2.5,0,0,0,0,0,1,,,Suncorp Stadium,4,7,4.53978803621,-3.99688543034,0,,,,,,,
20251113110,2025,31,Melbourne Storm,Brisbane Broncos,0,22,26,0.562435463631,0.569929735688,0.562350158893,0.569814276066,22.6564975765,18.2549364376,22.810071181,17.6041280697,True,2.5,0,0,0,0,0,1,,,Accor Stadium,-4,1.84375,-6.14055506429,0,0,,,,,,,
20261110110,2026,1,Newcastle Knights,North Queensland Cowboys,1,28,18,0.547391052361,0.533601795559,0.547332710967,0.533551076518,22.1465489921,21.3227347908,21.1758053832,20.9661442243,True,-4.5,0,0,0,0,0,1,leadership_change,,Other,0,0,-43.7890188207,-1.62974440336,-0.0070698070911,39,leadership-knights-2025-obrien-planned-departure,announcement,2,home,knights,1
20261110120,2026,1,Canterbury-Bankstown Bulldogs,St. George Illawarra Dragons,1,15,14,0.715899107756,0.716833899621,0.715666249596,0.716548380223,24.1469351622,17.3738494001,23.8621677786,17.6976316552,True,8.5,0,0,0,0,0,1,,,Other,0,0,46.1650771961,3.47815110724,-0.0153077007436,,,,,,,
20261110130,2026,1,Melbourne Storm,Parramatta Eels,1,52,4,0.654834548365,0.670662702857,0.654655271302,0.67042484194,22.5964415185,16.9775154724,22.8412317489,16.8530942825,True,7.5,0,0,0,0,0,1,,,AAMI Park,0,0,37.6560407063,0,0,,,,,,,
20261110140,2026,1,New Zealand Warriors,Sydney Roosters,1,42,18,0.410458636656,0.410115079425,0.410567149838,0.410248217695,19.3203392419,18.9872323019,19.2703088891,20.2060263662,True,-5.5,0,0,0,0,0,1,,,Go Media Stadium,0,0,-56.3082639026,0,0,,,,,,,
20261110150,2026,1,Brisbane Broncos,Penrith Panthers,0,0,26,0.578955617185,0.613029746214,0.578859462969,0.612864500791,21.4030153171,17.6319715803,21.1889175283,17.3630236255,True,2.5,0,0,0,0,0,1,,,Suncorp Stadium,0,0,-3.55695052588,0,0,,,,,,,
20261110160,2026,1,Cronulla-Sutherland Sharks,Gold Coast Titans,1,50,10,0.692955791661,0.711007020418,0.692741260271,0.710726877317,23.5013226469,15.7777654081,23.6881844288,15.0923044384,True,11.5,0,0,0,0,0,1,,,Ocean Protect Stadium,0,0,83.3103912838,0,0,,,,,,,
20261110170,2026,1,Manly-Warringah Sea Eagles,Canberra Raiders,0,28,29,0.593343130396,0.600196588226,0.59323022682,0.600048979122,21.0069032217,18.0056882407,21.0007346335,17.8642573156,True,0.5,0,0,0,0,0,1,leadership_change,,4 Pines Park,0,0,-13.1975534438,0,0,32,leadership-sea-eagles-2026-seibold-foran,effective,-3,home,sea_eagles,1
20261110180,2026,1,Dolphins,South Sydney Rabbitohs,0,30,40,0.65580947709,0.652126151803,0.655629233186,0.651910294156,23.2301343578,19.4022467807,22.6770446279,18.6889641781,True,2.5,0,0,0,0,0,1,,,Suncorp Stadium,0,0,10.8099670862,0,0,,,,,,,
20261110210,2026,2,Brisbane Broncos,Parramatta Eels,0,32,40,0.674254737335,0.691260834307,0.674056818164,0.691000340511,24.6598846814,17.2403099494,24.4538543628,19.1351177442,True,13.5,0,0,0,0,0,1,,,Suncorp Stadium,0,-0.958333333333,11.2536768235,2.25841864569,-0.115314815211,,,,,,,
20261110220,2026,2,New Zealand Warriors,Canberra Raiders,1,40,6,0.524833996199,0.54531866631,0.524803290292,0.54525043089,21.8549029574,19.508029285,21.5797397464,19.1002960326,True,1.5,0,0,0,0,0,1,,,Go Media Stadium,0,0.982638888889,-6.18538417458,-0.414062758562,-0.0113611607157,,,,,,,
20261110230,2026,2,Sydney Roosters,South Sydney Rabbitohs,1,26,18,0.659986468026,0.674021931727,0.659802117582,0.673780242593,24.326004025,17.35682985,24.1347736728,18.3851141042,True,2.5,0,0,0,0,0,1,,,Allianz Stadium,-2,1.79513888889,35.6943825424,3.56425169163,0,,,,,,,
20261110240,2026,2,Wests Tigers,North Queensland Cowboys,1,44,16,0.57734780673,0.612165590606,0.577253545831,0.612001518769,22.669973522,21.3813340918,22.1602403006,20.3574916059,True,4.5,0,0,0,0,0,1,,,Leichhardt Oval,1,-6.86458333333,-19.6578797709,-3.46091045124,-0.0197893999985,,,,,,,
20261110250,2026,2,St. George Illawarra Dragons,Melbourne Storm,0,20,46,0.422993102968,0.43095095508,0.423086961901,0.431054161823,20.2672667563,21.2664738006,20.5058827022,21.9507112573,True,-9.5,0,0,0,0,0,1,,,WIN Stadium,-2,4.97916666667,-32.5269648561,-3.49888921775,-0.0117207467719,,,,,,,
20261110260,2026,2,Penrith Panthers,Cronulla-Sutherland Sharks,1,26,6,0.630614754626,0.62767607942,0.630460440215,0.62749127879,21.9351075123,18.5340445021,21.4936150717,18.0030932974,True,7.5,0,0,0,0,0,1,,,Carrington Park,0,0.9375,-0.978973324291,-3.21200570597,0.00962848424763,,,,,,,
20261110270,2026,2,Manly-Warringah Sea Eagles,Newcastle Knights,0,16,36,0.698577419879,0.713769964888,0.698358177796,0.713487247396,24.9541075049,17.2953435745,24.2255811329,17.9610558347,True,5.5,0,0,0,0,0,1,leadership_change,,4 Pines Park,-2,-7.05555555556,36.9572414963,3.31526455303,0.0153630477785,32,leadership-sea-eagles-2026-seibold-foran,effective,-2,home,sea_eagles,2
20261110280,2026,2,Dolphins,Gold Coast Titans,1,18,14,0.743423632627,0.729176592808,0.743172237051,0.728880371327,26.9632010171,19.0397473071,26.4043267587,19.0742877232,True,9.5,0,0,0,0,0,1,,,Suncorp Stadium,0,-0.899305555556,24.5826179885,2.48357698967,-0.00601137035768,,,,,,,
20261110310,2026,3,Canberra Raiders,Canterbury-Bankstown Bulldogs,0,10,14,0.506269252662,0.484116363917,0.506261489127,0.484140395069,21.133412457,20.1887181971,21.0577944934,20.6813891211,True,1.5,0,0,0,0,0,1,,,GIO Stadium,-1,-12.9791666667,-0.130142350745,-1.60374574891,0,,,,,,,
20261110320,2026,3,Sydney Roosters,Penrith Panthers,0,4,40,0.42693963593,0.436716936964,0.427028828628,0.436811721257,19.8426915844,21.1101245327,20.0401515051,22.0972752452,True,-4.5,0,0,0,0,0,1,,,Allianz Stadium,-2,0.982638888889,-18.7930519862,-2.00496611226,0,,,,,,,
20261110330,2026,3,Melbourne Storm,Brisbane Broncos,0,14,18,0.737443826934,0.739903797022,0.737196109346,0.739599076677,26.0125567152,17.6029774934,26.2705642523,17.1704729953,True,8.5,0,0,0,0,0,1,,,AAMI Park,4,-1.9375,28.52592026,3.3553073114,0,,,,,,,
20261110340,2026,3,Newcastle Knights,New Zealand Warriors,0,12,38,0.42441364418,0.408933342495,0.424505826228,0.409068151667,19.7490848176,22.1576356898,19.8928515382,21.681758138,True,-7.5,0,0,0,0,0,1,,,McDonald Jones Stadium,0,-1.83680555556,-39.7273234616,-4.81610231743,0,,,,,,,
20261110350,2026,3,Cronulla-Sutherland Sharks,Dolphins,0,10,38,0.711478834263,0.73275054884,0.711249316743,0.732451410275,25.422355601,18.1960785259,25.4730623687,18.199336722,True,7.5,0,0,0,0,0,1,,,Ocean Protect Stadium,0,0.902777777778,32.3361054636,3.08649210001,0,,,,,,,
20261110360,2026,3,South Sydney Rabbitohs,Wests Tigers,1,20,16,0.503214075649,0.523422738899,0.503210095188,0.523387329435,21.8571123302,20.1324155723,21.7749273129,19.4884258866,True,5.5,0,0,0,0,0,1,,,Other,-1,0.791666666667,9.68253793249,1.39832376176,0,,,,,,,
20261110370,2026,3,Parramatta Eels,St. George Illawarra Dragons,1,30,20,0.573351816337,0.574437984544,0.57326227824,0.574326956821,23.2413030212,20.017921752,23.1657682777,20.3810658773,True,5.5,0,0,0,0,0,1,,,CommBank Stadium,2,1.9375,2.3934871487,1.38590056972,0,,,,,,,
20261110380,2026,3,North Queensland Cowboys,Gold Coast Titans,1,30,16,0.673868338744,0.680529049359,0.673670777271,0.680280093033,25.5578173177,18.9271360442,25.3809467725,18.4417150818,True,3.5,0,0,0,0,0,1,,,Queensland Country Bank Stadium,0,1.09375,18.2886419061,3.5337099476,0,,,,,,,
20261110410,2026,4,Manly-Warringah Sea Eagles,Sydney Roosters,0,16,33,0.523268425997,0.51649751284,0.523239650052,0.516472554244,22.0463630121,20.9638067524,22.1929917037,19.6716499213,True,-6.5,0,0,0,0,0,1,leadership_change,,4 Pines Park,-1,5.07986111111,-13.312264622,-4.69496776408,0,32,leadership-sea-eagles-2026-seibold-foran,effective,-1,home,sea_eagles,1
20261110420,2026,4,New Zealand Warriors,Wests Tigers,0,14,32,0.716682519912,0.688475405376,0.716449079625,0.688217850818,25.1503728981,16.3589070887,24.6558851347,15.8000270077,True,14.5,0,0,0,0,0,1,,,Go Media Stadium,3,0.190972222222,26.3667116952,4.9077185919,0,,,,,,,
20261110430,2026,4,Brisbane Broncos,Dolphins,1,26,12,0.482336691767,0.476554288986,0.482358549259,0.476589733075,22.2029727693,23.6955270038,21.9335919043,23.2793955982,True,4.5,0,0,0,0,0,1,,,Suncorp Stadium,-2,0.895833333333,1.81899205184,0.689188321294,0,,,,,,,
20261110440,2026,4,Canterbury-Bankstown Bulldogs,Newcastle Knights,0,16,24,0.714122401195,0.728926388617,0.713890874396,0.728630374487,26.241366966,15.5648019797,25.8103490586,15.146198167,True,13.5,0,0,0,0,0,1,,,Accor Stadium,1,1.79166666667,19.5313146229,5.63551575091,0,,,,,,,
20261110450,2026,4,Penrith Panthers,Parramatta Eels,1,48,20,0.806329577392,0.807925105136,0.806053569515,0.807587367197,28.120863585,13.4835867888,27.3151079983,14.0772999798,True,15.5,0,0,0,0,0,1,,,CommBank Stadium,2,1.92013888889,46.0761134641,8.45108496706,0,,,,,,,
20261110460,2026,4,North Queensland Cowboys,Melbourne Storm,1,28,24,0.341668997328,0.336045878455,0.341851727233,0.336275943892,19.856293394,24.6902235535,19.8022916879,24.3751972043,True,-12.5,0,0,0,0,0,1,,,Queensland Country Bank Stadium,-2,-1.88541666667,-66.400930423,-6.80857517906,0,,,,,,,
20261110470,2026,4,Canberra Raiders,Cronulla-Sutherland Sharks,0,22,34,0.491830843719,0.469042975524,0.491840959263,0.469089723835,21.7793831633,20.5018255826,21.7145362823,20.0453200503,True,2.5,0,0,0,0,0,1,,,GIO Stadium,0,1.89583333333,-34.4753228467,-5.43670450689,0,,,,,,,
20261110480,2026,4,Gold Coast Titans,St. George Illawarra Dragons,1,22,14,0.600009041316,0.59510668063,0.599888506423,0.594966183127,24.0763025832,20.0012927082,23.8336731354,20.6494575275,True,2.5,0,0,0,0,0,1,,,Cbus Super Stadium,0,-0.0486111111111,-7.17191311006,-1.72221899895,0,,,,,,,
20261110510,2026,5,Dolphins,Manly-Warringah Sea Eagles,0,18,52,0.775615504505,0.756783420581,0.77534805758,0.756466962407,27.1452380413,16.6853157491,26.9764813712,16.9119131442,True,9.5,0,1,1,1,1,1,leadership_change,0,Kayo Stadium,3,-0.958333333333,26.4163142612,3.0930654411,0,32,leadership-sea-eagles-2026-seibold-foran,effective,0,away,sea_eagles,1
20261110520,2026,5,South Sydney Rabbitohs,Canterbury-Bankstown Bulldogs,1,32,24,0.533273004004,0.536962612217,0.533231917576,0.536906855692,20.9454708209,20.1979009134,20.8890506017,20.3221111311,True,1.5,0,0,0,0,0,1,,,Accor Stadium,0,6.80902777778,-9.09861698502,-3.10863041395,0,,,,,,,
20261110530,2026,5,Penrith Panthers,Melbourne Storm,1,50,10,0.741431937753,0.730679488823,0.741181744565,0.730382030444,24.2798385626,17.1902916932,25.0366748608,17.2507873869,True,9.5,0,0,0,0,0,1,,,CommBank Stadium,4,0.0451388888889,16.8116784091,1.06691616366,0,,,,,,,
20261110540,2026,5,St. George Illawarra Dragons,North Queensland Cowboys,0,0,32,0.464258795248,0.534450039651,0.464302909371,0.534398048284,22.3564648132,21.4444520269,22.8949736157,21.1786602979,True,-1.5,0,0,0,0,0,1,,,Other,-4,-0.944444444444,-5.20895928653,-3.13332220038,0,,,,,,,
20261110550,2026,5,Gold Coast Titans,Brisbane Broncos,0,12,26,0.398751251419,0.448439798189,0.39887319579,0.448517305303,20.6473704271,23.6318313497,20.7956833382,23.1680325982,True,-13.5,0,0,0,0,0,1,,,Cbus Super Stadium,-2,-1.92708333333,-41.4323212548,-7.72467353087,0,,,,,,,
20261110560,2026,5,Cronulla-Sutherland Sharks,New Zealand Warriors,1,36,22,0.532060932143,0.526159566663,0.532021334031,0.526120034098,23.4825605769,20.0256962528,23.122210166,19.3365297986,True,5.5,0,0,0,0,0,1,,,Ocean Protect Stadium,-2,-1.83680555556,-22.3174119805,4.08225775647,0,,,,,,,
20261110570,2026,5,Newcastle Knights,Canberra Raiders,1,32,12,0.59014600083,0.611965515575,0.590036787615,0.611801715753,22.8881159066,19.4156105267,22.8783278662,20.36716157,True,-3.5,0,0,0,0,0,1,,,McDonald Jones Stadium,4,1.04513888889,-14.1286182209,-3.32126667632,0,,,,,,,
20261110580,2026,5,Parramatta Eels,Wests Tigers,0,20,22,0.450225786236,0.454282754851,0.450287023313,0.454351583698,20.9589811338,23.358125321,21.0394353271,22.7982911066,True,-0.5,0,0,0,0,0,1,,,CommBank Stadium,-1,-0.895833333333,-0.368851436596,1.07584063306,0,,,,,,,
20261110610,2026,6,Canterbury-Bankstown Bulldogs,Penrith Panthers,1,32,16,0.272080778952,0.281486864357,0.272322228349,0.281773895403,19.0653585761,27.3527315218,19.2936914314,29.0171376675,True,-18.5,0,0,0,0,0,1,,,Accor Stadium,-5,0.163194444444,-62.5169384149,-7.19386398624,0,,,,,,,
20261110620,2026,6,St. George Illawarra Dragons,Manly-Warringah Sea Eagles,0,18,28,0.457423088901,0.451377415462,0.457475564771,0.451450564521,22.6910646943,22.736349698,22.9264288688,23.5369163525,True,-7.5,0,1,1,1,1,1,leadership_change,1,WIN Stadium,-3,-1.9375,-9.82712375032,-3.61965011565,0,32,leadership-sea-eagles-2026-seibold-foran,effective,1,away,sea_eagles,1
20261110630,2026,6,Brisbane Broncos,North Queensland Cowboys,0,31,35,0.558574925483,0.569857526733,0.558503045918,0.569753143412,22.6290689465,19.8825600578,23.4291815996,20.9805557619,True,1.5,0,0,0,0,0,1,,,Suncorp Stadium,0,-0.0451388888889,25.8623793457,2.49150876659,0,,,,,,,
20261110640,2026,6,South Sydney Rabbitohs,Canberra Raiders,0,34,36,0.622109649295,0.617849177198,0.621964494792,0.61767742589,24.0103406489,20.0528380784,24.2176939599,18.3683924472,True,4.5,0,0,0,0,0,1,,,Other,5,2,10.0159512709,-0.656498484486,0,,,,,,,
20261110650,2026,6,Cronulla-Sutherland Sharks,Sydney Roosters,0,22,34,0.646975653481,0.614616348999,0.646804281988,0.614448954372,24.2377158346,21.6639288507,24.5167003995,19.947204942,True,-1.5,0,0,0,0,0,1,,,Other,1,-9.75,13.1965941002,-0.307750923642,0,,,,,,,
20261110660,2026,6,Melbourne Storm,New Zealand Warriors,0,14,38,0.619091535682,0.625388805823,0.618949676143,0.62520701562,24.183354669,19.249299581,24.6128681843,18.9704539856,True,10.5,0,0,0,0,0,1,,,AAMI Park,-2,1.75,8.87450381913,5.20277971238,0,,,,,,,
20261110670,2026,6,Parramatta Eels,Gold Coast Titans,0,10,52,0.626688240293,0.651324280791,0.626538131187,0.651109406784,24.7929068597,20.0664858648,24.3804751503,19.4486723472,True,4.5,0,0,0,0,0,1,,,CommBank Stadium,2,-1.89583333333,19.452974559,2.40509146524,0,,,,,,,
20261110680,2026,6,Wests Tigers,Newcastle Knights,1,42,22,0.680934007905,0.686560054818,0.680729995624,0.686304544168,24.7143495688,17.9395917224,24.7165339114,16.7158317174,True,4.5,0,0,0,0,0,1,,,Campbelltown Sports Stadium,-1,-1,26.1026285271,-0.164332656771,0,,,,,,,
20261110710,2026,7,North Queensland Cowboys,Manly-Warringah Sea Eagles,0,6,38,0.615014530033,0.600758502924,0.614877156802,0.600610112605,23.8821621783,21.1489752339,23.4859476327,21.5817611757,True,4.5,0,1,1,1,1,1,leadership_change,2,Queensland Country Bank Stadium,4,-0.0833333333333,1.33662750291,0.266503645825,0,32,leadership-sea-eagles-2026-seibold-foran,effective,2,away,sea_eagles,1
20261110720,2026,7,Canberra Raiders,Melbourne Storm,1,26,22,0.480635002997,0.473851304453,0.480658962222,0.47389082065,21.7192460772,22.6223914104,21.8729497972,23.1053678026,True,-2.5,0,0,0,0,0,1,,,GIO Stadium,0,0.274305555556,-37.8316953939,-4.79380970736,0,,,,,,,
20261110730,2026,7,Dolphins,Penrith Panthers,0,22,23,0.344056398666,0.362450907001,0.344236775337,0.362648504067,21.5523818353,27.7432528165,21.5077365492,27.5409004856,True,-12.5,0,0,0,0,0,1,,,TIO Stadium,-4,7.03472222222,-65.282371277,-6.15937079442,0,,,,,,,
20261110740,2026,7,New Zealand Warriors,Gold Coast Titans,1,28,20,0.694303815893,0.714249658454,0.694088142469,0.713966498592,25.3127871044,20.8352896464,25.3579673233,19.6477404031,True,10.5,0,0,0,0,0,1,,,Go Media Stadium,2,0.767361111111,45.5547823103,3.18184972397,0,,,,,,,
20261110750,2026,7,South Sydney Rabbitohs,St. George Illawarra Dragons,1,30,12,0.732922329999,0.747100270476,0.732677526534,0.746790292592,26.172645541,17.8012855323,26.0876659649,17.6840607467,True,11.5,0,0,0,0,0,1,,,Accor Stadium,6,-0.791666666667,40.1161535641,3.06866821957,0,,,,,,,
20261110760,2026,7,Wests Tigers,Brisbane Broncos,0,20,21,0.713886330853,0.688659728167,0.71365498211,0.688401977888,25.2302354175,19.4984983401,24.667136092,19.3569157374,True,6.5,0,0,0,0,0,1,,,Campbelltown Sports Stadium,2,-1.83680555556,-8.63135596644,-4.04469384763,0,,,,,,,
20261110770,2026,7,Sydney Roosters,Newcastle Knights,1,38,24,0.721931921901,0.728181667723,0.721694659831,0.727886273165,27.3277527466,17.898084804,27.207967487,18.0621886593,True,14.5,0,0,0,0,0,1,,,Allianz Stadium,0,1.02430555556,15.7644917498,8.02685520888,0,,,,,,,
20261110780,2026,7,Parramatta Eels,Canterbury-Bankstown Bulldogs,1,38,20,0.364813236266,0.372000972879,0.364972394577,0.372186197208,20.4536266275,27.7120526167,20.3793894465,27.9408558878,True,-13.5,0,0,0,0,0,1,,,CommBank Stadium,-2,-2.75694444444,-3.02783539506,-3.19615764608,0,,,,,,,
20261110810,2026,8,Wests Tigers,Canberra Raiders,1,33,14,0.793657724403,0.782175558619,0.793384368567,0.781845624222,27.7163189941,15.703969622,26.9021154374,15.5160149469,True,7.5,0,0,0,0,0,1,,,Leichhardt Oval,2,-1.06597222222,33.646649678,-0.877373277084,0.0139896851626,,,,,,,
20261110820,2026,8,North Queensland Cowboys,Cronulla-Sutherland Sharks,1,46,34,0.630210842147,0.639631997654,0.630056958422,0.63943174367,23.831569023,21.3624117701,23.2090356513,21.4151304033,True,-1.5,0,0,0,0,0,1,,,Queensland Country Bank Stadium,4,-5.18055555556,-15.3752137312,-3.51489236478,0,,,,,,,
20261110830,2026,8,Brisbane Broncos,Canterbury-Bankstown Bulldogs,1,32,12,0.549436103611,0.533220617625,0.549375277021,0.533170470525,22.2932502238,20.7635813142,22.797522232,20.8190904636,True,-3.5,0,0,0,0,0,1,,,Suncorp Stadium,4,0.854166666667,4.44601390958,0.960403279583,0.00669851734523,,,,,,,
20261110840,2026,8,St. George Illawarra Dragons,Sydney Roosters,0,16,62,0.266102162835,0.250913730894,0.266347604533,0.251225094424,19.4571835526,27.2017071415,19.9975002243,28.7308805217,True,-17.5,0,0,0,0,0,1,,,Allianz Stadium,-8,0.854166666667,-54.9675265035,-8.88887915052,0,,,,,,,
20261110850,2026,8,New Zealand Warriors,Dolphins,1,20,18,0.620319678831,0.63530907748,0.620176475765,0.635114354707,23.6436626431,21.6612202245,24.1492601038,21.2842716508,True,5.5,0,0,0,0,0,1,,,Other,2,-0.895833333333,34.4548103118,-0.895124981039,0,,,,,,,
20261110860,2026,8,Melbourne Storm,South Sydney Rabbitohs,0,6,48,0.561208376432,0.538782831415,0.561133329275,0.538724350755,24.0844172791,21.8038734704,24.3342672842,21.5961260671,True,4.5,0,0,0,0,0,1,,,AAMI Park,-6,0.979166666667,8.18651901853,4.58960263073,0,,,,,,,
20261110870,2026,8,Newcastle Knights,Penrith Panthers,0,12,44,0.25597210243,0.261607205071,0.256223858273,0.261910775408,19.71406696,30.2039238852,19.4367230975,30.0554974373,True,-16.5,0,0,0,0,0,1,,,McDonald Jones Stadium,-4,-1.77083333333,-74.6626744051,-10.0242156022,0,,,,,,,
20261110880,2026,8,Manly-Warringah Sea Eagles,Parramatta Eels,1,33,18,0.779081660379,0.780579574642,0.778812894063,0.780250327249,28.1872654369,18.2323971828,27.6814633218,18.6319633078,True,7.5,0,0,0,0,0,1,leadership_change,,4 Pines Park,2,2.84375,30.6526770868,2.026124404,0,32,leadership-sea-eagles-2026-seibold-foran,effective,3,home,sea_eagles,1
20261110910,2026,9,Canterbury-Bankstown Bulldogs,North Queensland Cowboys,0,12,28,0.47278280249,0.48510477602,0.472816443956,0.485127313579,22.2979315976,24.2851072869,22.9699410201,23.5367559571,True,0.5,0,0,0,0,0,1,,,Accor Stadium,-6,-0.0833333333333,6.91361473328,0.145186408111,0,,,,,,,
20261110920,2026,9,Dolphins,Melbourne Storm,1,28,10,0.681796514616,0.68190638325,0.681591728153,0.681655914453,24.8357971133,19.3459153058,24.6558132978,19.0478221473,True,3.5,0,0,0,0,0,1,,,Suncorp Stadium,2,0.00347222222222,-3.92977540235,-2.6336938131,0,,,,,,,
20261110930,2026,9,Gold Coast Titans,Canberra Raiders,0,12,28,0.685116178774,0.686092388797,0.684908440222,0.685837379992,26.0513151034,18.0954137936,25.7814629131,19.7982276683,True,3.5,0,0,0,0,0,1,,,Cbus Super Stadium,0,5.11805555556,4.75169729408,-0.616196243997,0,,,,,,,
20261110940,2026,9,Parramatta Eels,New Zealand Warriors,0,14,36,0.271023320667,0.2978009777,0.271265490133,0.298072620623,20.5480020929,25.4389560311,20.6145176447,24.1400772805,True,-6.5,0,0,0,0,0,1,,,CommBank Stadium,-4,-0.833333333333,-43.414239567,-2.49825159419,0,,,,,,,
20261110950,2026,9,Sydney Roosters,Brisbane Broncos,1,38,24,0.674471787298,0.662968795513,0.674273667446,0.662739891481,25.4900835301,20.1032820811,25.3635632306,21.1981608703,True,5.5,0,0,0,0,0,1,,,Allianz Stadium,0,-0.833333333333,2.96657401757,2.42283242786,0,,,,,,,
20261110960,2026,9,Newcastle Knights,South Sydney Rabbitohs,1,42,38,0.471489648739,0.499808784606,0.47152488181,0.4998090741,22.799758146,27.3506440733,22.0674021122,28.5101564079,True,-2.5,0,0,0,0,0,1,serious_human_event,,McDonald Jones Stadium,-4,-0.743055555556,-18.4877283842,-3.68410197305,0,40,human-rabbitohs-arrow-retirement-announcement-2026,announcement,-3,away,rabbitohs,1
20261110970,2026,9,Cronulla-Sutherland Sharks,Wests Tigers,1,52,10,0.536110680293,0.537903132266,0.536066113306,0.537845967781,23.3806306692,24.3796535591,23.083120037,23.2330279938,True,6.5,0,0,0,0,0,1,,,Ocean Protect Stadium,-4,-0.923611111111,-0.384216814793,5.43969522365,0,,,,,,,
20261110980,2026,9,Penrith Panthers,Manly-Warringah Sea Eagles,1,18,16,0.741856498275,0.737635736474,0.741606046866,0.737332748234,26.3157119856,15.8675082435,26.2848762449,15.5950475989,True,15.5,0,0,0,0,0,1,,,CommBank Stadium,0,0.0868055555556,37.7985897761,6.38053456131,0,,,,,,,
20261111010,2026,10,Dolphins,Canterbury-Bankstown Bulldogs,1,44,12,0.699881757841,0.67523529271,0.699661442525,0.674992233486,25.387353352,19.3935558212,25.4115344311,19.2890641143,True,9.5,0,0,0,0,0,1,,,Suncorp Stadium,0,-0.0833333333333,8.72961115263,1.40523209833,0,,,,,,,
20261111020,2026,10,Sydney Roosters,Gold Coast Titans,1,28,12,0.779596643646,0.774862572024,0.779327688572,0.77453596795,29.2751619199,16.2758735488,28.0167923869,16.8317949744,True,18.5,0,0,0,0,0,1,,,Other,6,-0.190972222222,41.1393969716,9.70246753044,0,,,,,,,
20261111030,2026,10,North Queensland Cowboys,Parramatta Eels,0,30,33,0.780709641815,0.760897543511,0.780440285281,0.760578546912,29.1823738384,18.8482310254,28.6534058395,19.0069335139,True,11.5,0,0,0,0,0,1,,,Queensland Country Bank Stadium,6,0.979166666667,18.8980453532,3.20521770047,0,,,,,,,
20261111040,2026,10,St. George Illawarra Dragons,Newcastle Knights,0,10,44,0.366594259515,0.385508139945,0.366751537761,0.3856753662,20.8617969525,26.4393363883,21.0349859774,27.6949619137,True,-9.5,0,0,0,0,0,1,,,WIN Stadium,-4,7.91666666667,-19.3097280718,-0.90495592486,0,,,,,,,
20261111050,2026,10,South Sydney Rabbitohs,Cronulla-Sutherland Sharks,1,36,12,0.552382050988,0.554673781727,0.552317651693,0.554591667349,22.7090105129,25.6523172055,22.9777609427,26.7492587507,True,-5.5,0,0,0,0,0,1,serious_human_event,,Accor Stadium,0,0.0868055555556,12.8101076998,-5.62145135629,0,40,human-rabbitohs-arrow-retirement-announcement-2026,announcement,-2,home,rabbitohs,1
20261111060,2026,10,Manly-Warringah Sea Eagles,Brisbane Broncos,1,32,4,0.618113933399,0.625646655001,0.617973145953,0.625464524591,24.0913935075,19.1570450687,23.7446938893,19.1831902663,True,-1.5,0,0,0,0,0,1,,,4 Pines Park,2,-0.944444444444,-2.43757706523,-1.29683810807,0,,,,,,,
20261111070,2026,10,Melbourne Storm,Wests Tigers,1,44,16,0.530635373172,0.513901519007,0.530597526711,0.513880483392,22.6337316035,22.4945109274,22.9877014063,22.8812960385,True,10.5,0,0,0,0,0,1,,,AAMI Park,-6,1.83680555556,-36.8784679794,5.45358516788,0,,,,,,,
20261111080,2026,10,Canberra Raiders,Penrith Panthers,0,18,30,0.246888472527,0.266223176115,0.247145384104,0.266523136727,19.654577024,27.3004701125,19.7284215976,27.0551035783,True,-11.5,0,0,0,0,0,1,,,GIO Stadium,-2,1.13541666667,-80.5853099018,-7.91667750499,0,,,,,,,
20261111110,2026,11,Cronulla-Sutherland Sharks,Canterbury-Bankstown Bulldogs,1,38,16,0.747131491264,0.73702475495,0.74687791864,0.736722239348,26.5165650649,17.4728019089,26.5967111128,17.8096122207,True,5.5,0,0,0,0,0,1,,,Suncorp Stadium,2,-1.90277777778,41.7327706795,4.63266211851,0.00193445168558,,,,,,,
20261111120,2026,11,South Sydney Rabbitohs,Dolphins,0,10,32,0.533147196311,0.536218430905,0.533106264319,0.536163788983,22.0970126913,24.0947592854,22.7855819561,24.4669158987,True,-1.5,0,0,0,0,0,1,serious_human_event,,Suncorp Stadium,2,-1.90277777778,8.11749374438,-3.09100889013,0.0133550557733,40,human-rabbitohs-arrow-retirement-announcement-2026,announcement,-1,home,rabbitohs,2
20261111130,2026,11,Wests Tigers,Manly-Warringah Sea Eagles,0,18,46,0.308887059452,0.304062999375,0.309100017093,0.304328337413,19.7759555949,27.4134715694,20.4848587036,28.2488541943,True,-9.5,0,0,0,0,0,1,,,Suncorp Stadium,-4,-0.767361111111,-22.3226969723,-4.1529782812,0,,,,,,,
20261111140,2026,11,Sydney Roosters,North Queensland Cowboys,0,12,18,0.770609041935,0.764332497606,0.770343648523,0.764011483136,28.6491597019,17.7660671732,27.8155069045,16.680907529,True,15.5,0,0,0,0,0,1,,,Suncorp Stadium,4,0.0833333333333,31.8530955851,6.64427655335,0.00306563079076,,,,,,,
20261111150,2026,11,Parramatta Eels,Melbourne Storm,0,8,34,0.42711997985,0.466210958012,0.427208958761,0.466261957964,21.6537772614,24.421110302,21.6820401514,23.1362120536,True,-8.5,0,0,0,0,0,1,,,Suncorp Stadium,2,1.75,-3.11822158842,-6.2527946626,-0.00446595802949,,,,,,,
20261111160,2026,11,Gold Coast Titans,Newcastle Knights,0,12,36,0.528269850426,0.543567296886,0.528234913292,0.543501671062,22.440170791,23.3277875117,22.2591989542,24.6515239679,True,-8.5,0,0,0,0,0,1,,,Suncorp Stadium,-2,0.875,1.24808749143,-1.52269088758,0.0136825828782,,,,,,,
20261111170,2026,11,New Zealand Warriors,Brisbane Broncos,1,42,12,0.664377883432,0.660962746137,0.66418927971,0.660736219358,25.0902951376,19.2047962663,24.9673316394,18.048378961,True,2.5,0,0,0,0,0,1,,,Suncorp Stadium,4,7.08680555556,6.69484642004,-1.06738350381,-0.00306563079076,,,,,,,
20261111180,2026,11,Penrith Panthers,St. George Illawarra Dragons,1,28,6,0.819725992005,0.831785980304,0.819448648227,0.831447130392,29.6870184644,12.362919265,29.5347971083,12.392371239,True,28.5,0,0,0,0,0,1,,,Suncorp Stadium,8,-1.04513888889,115.774537667,12.055254177,-0.00446595802949,,,,,,,
20261111210,2026,12,Canberra Raiders,Dolphins,0,22,30,0.457076909768,0.454529055646,0.457129808102,0.454597517808,22.0574526201,23.5900073351,21.8449262413,23.3047205577,True,2.5,0,0,0,0,0,1,,,GIO Stadium,0,5.16666666667,-28.3782470242,-2.84188900102,-0.0116904445654,,,,,,,
20261111220,2026,12,Canterbury-Bankstown Bulldogs,Melbourne Storm,1,30,20,0.571284177863,0.572832578375,0.57119709279,0.572723875213,23.2368002107,19.2175651293,22.9739884521,19.8165133463,True,2.5,0,0,0,0,0,1,,,Accor Stadium,-4,1.07291666667,-18.275307752,-4.71516866189,0,,,,,,,
20261111230,2026,12,St. George Illawarra Dragons,New Zealand Warriors,0,12,30,0.295117831952,0.313211038009,0.295342191025,0.313466793899,21.0532638542,26.7126271045,21.0419350554,26.6799241582,True,-13.5,0,0,0,0,0,1,,,Other,-10,-0.0972222222222,-98.3837408932,-6.71770467888,0,,,,,,,
20261111240,2026,12,Manly-Warringah Sea Eagles,Gold Coast Titans,1,12,10,0.697348402891,0.715923418981,0.697130178935,0.715638726328,26.3946692639,17.8567238038,26.6688272296,17.9880305582,True,12.5,0,0,0,0,0,1,,,4 Pines Park,6,0.958333333333,52.8233456286,5.4286600449,0,,,,,,,
20261111250,2026,12,North Queensland Cowboys,South Sydney Rabbitohs,1,30,18,0.490875969365,0.505293557005,0.490887266795,0.505285543333,22.5302929144,19.8465516408,22.6216007209,21.7089653227,True,4.5,0,1,1,1,1,1,serious_human_event,0,Queensland Country Bank Stadium,0,-0.892361111111,-25.1683902602,1.1075182142,0,40,human-rabbitohs-arrow-retirement-announcement-2026,announcement,0,away,rabbitohs,2
20261111310,2026,13,Cronulla-Sutherland Sharks,Manly-Warringah Sea Eagles,1,28,22,0.45717924169,0.459398391787,0.457232015153,0.459459591308,22.2730549454,20.9284078333,22.1708597983,21.8512679661,True,1.5,0,0,0,0,0,1,,,Ocean Protect Stadium,-4,8.06597222222,-26.9199149055,3.11394284839,-0.00611603757608,,,,,,,
20261111320,2026,13,Newcastle Knights,Parramatta Eels,1,28,22,0.749827255469,0.738536551,0.74957215102,0.738232870575,29.1709487976,20.3495568041,28.363538412,19.9541975074,True,13.5,0,0,0,0,0,1,,,McDonald Jones Stadium,2,-0.760416666667,13.8559505704,1.73729894049,-0.00611603757608,,,,,,,
20261111330,2026,13,Wests Tigers,Canterbury-Bankstown Bulldogs,1,22,16,0.604373389754,0.599461936111,0.604247906977,0.59931534956,24.4604565031,23.6339719695,24.5823822235,24.6726545566,True,3.5,0,0,0,0,0,1,,,CommBank Stadium,0,6.20833333333,18.1875375567,-1.23187972927,0,,,,,,,
20261111340,2026,13,Melbourne Storm,Sydney Roosters,1,18,4,0.404617493812,0.414334592858,0.404732741332,0.414461739991,21.4181654037,23.3006377129,20.9834262671,24.1171052359,True,-1.5,0,0,0,0,0,1,,,AAMI Park,-4,-6.10416666667,-36.3191508072,-2.02701868028,0.00560636777808,,,,,,,
20261111350,2026,13,Brisbane Broncos,St. George Illawarra Dragons,0,26,30,0.730479669657,0.731796396547,0.730236486975,0.731498028537,27.0961770911,17.4979580779,27.3352095184,17.2499623323,True,19.5,0,0,0,0,0,1,,,Suncorp Stadium,4,6.05902777778,72.0484931591,6.8132275265,-0.0117224053542,,,,,,,
20261111360,2026,13,Canberra Raiders,North Queensland Cowboys,1,26,12,0.490537780988,0.520120211295,0.490549496969,0.520089782784,22.5359147232,23.3456762784,22.4730759267,24.2492835348,True,2.5,0,0,0,0,0,1,,,GIO Stadium,-4,2.84375,-16.659674605,-1.28170437165,0,,,,,,,
20261111370,2026,13,Penrith Panthers,New Zealand Warriors,1,20,18,0.647389210442,0.63962968342,0.647217418078,0.63942943238,23.740460087,17.1182530777,23.9265508186,15.707967372,True,1.5,0,0,0,0,0,1,,,CommBank Stadium,0,5.96180555556,16.8799752464,4.24965211663,-0.0117224053542,,,,,,,
20261111410,2026,14,Manly-Warringah Sea Eagles,South Sydney Rabbitohs,1,28,14,0.688250218197,0.691483902439,0.688039733522,0.691223174974,24.8256532213,16.5024738508,24.7848418662,16.604270458,True,5.5,0,0,0,0,0,1,serious_human_event,,4 Pines Park,2,-5.16319444444,20.8060686327,0,0,40,human-rabbitohs-arrow-retirement-announcement-2026,announcement,1,away,rabbitohs,2
20261111420,2026,14,Melbourne Storm,Newcastle Knights,1,32,30,0.562485998693,0.578683074502,0.562409417807,0.578565923021,21.89430419,18.7343317104,21.8316026544,19.94861526,True,2.5,0,0,0,0,0,1,,,AAMI Park,-2,-0.190972222222,-7.90800906851,0,0,,,,,,,
20261111430,2026,14,Canberra Raiders,Sydney Roosters,0,0,26,0.352696679264,0.368383293529,0.352868384263,0.368573240857,20.3446137644,23.2128212737,19.9281957994,23.1018992646,True,-3.5,0,0,0,0,0,1,,,GIO Stadium,-2,-0.854166666667,-41.0777783242,0,0,,,,,,,
20261111440,2026,14,North Queensland Cowboys,Dolphins,0,14,40,0.446097139454,0.484596466879,0.446163379603,0.484619772591,20.8276103526,23.3455792398,20.5221880018,23.3694724287,True,-5.5,0,0,0,0,0,1,,,Queensland Country Bank Stadium,-2,-9.84375,-15.4588812974,0,0,,,,,,,
20261111450,2026,14,Brisbane Broncos,Gold Coast Titans,0,23,28,0.554634427935,0.547267103229,0.554567303146,0.547195968552,23.0868233491,21.0233852305,23.388516611,21.5239181936,True,8.5,0,0,0,0,0,1,,,Suncorp Stadium,2,-7.76736111111,23.3851343429,0,0,,,,,,,
20261111460,2026,14,Wests Tigers,Penrith Panthers,0,0,68,0.210104402618,0.211203782096,0.210376726421,0.211536322515,18.4914553081,29.2348742205,18.6447902194,30.1028414993,True,-14.5,0,0,0,0,0,1,,,CommBank Stadium,-6,1.03125,-75.1514814784,0,0,,,,,,,
20261111470,2026,14,Cronulla-Sutherland Sharks,St. George Illawarra Dragons,1,34,12,0.657473716056,0.665310163341,0.65729182898,0.665078506334,25.4768361167,17.6542124749,25.9400748725,17.1632527125,True,11.5,0,0,0,0,0,1,,,Ocean Protect Stadium,4,1.75,84.4579296498,0,0,,,,,,,
20261111480,2026,14,Canterbury-Bankstown Bulldogs,Parramatta Eels,1,14,12,0.659183894297,0.643343742705,0.659000328337,0.643138792582,25.1723034597,19.8750736096,24.8919844911,19.6753222557,True,7.5,0,0,0,0,0,1,,,Accor Stadium,0,-0.104166666667,7.15050792169,0,0,,,,,,,
20261111510,2026,15,South Sydney Rabbitohs,Brisbane Broncos,1,48,6,0.715509785189,0.680989367625,0.715277217443,0.6807399048,26.1052396315,19.0403428928,26.1578317672,18.1701731925,True,6.5,1,0,1,1,1,1,tribute_milestone,0,Accor Stadium,2,1.98958333333,21.9074457644,0,0,41,tribute-rabbitohs-arrow-whiteout-match-2026,tribute,0,home,rabbitohs,2
20261111520,2026,15,Dolphins,Sydney Roosters,1,48,10,0.622231119371,0.646031326663,0.622085832732,0.645823007662,23.1575185532,17.2280488028,22.8901589665,17.2422398101,True,8.5,0,0,0,0,0,1,,,Suncorp Stadium,4,-0.895833333333,6.31401013991,0,0,,,,,,,
20261111530,2026,15,New Zealand Warriors,Cronulla-Sutherland Sharks,0,8,10,0.693404387799,0.684829738895,0.6931894755,0.684576090445,24.4424548793,18.6175338151,24.2310748303,18.3901712517,True,8.5,0,0,0,0,0,1,,,Go Media Stadium,0,6.90972222222,13.3088154178,0,0,,,,,,,
20261111540,2026,15,Parramatta Eels,Canberra Raiders,1,15,12,0.538411355832,0.519436654853,0.538363971161,0.519407257991,22.3179703711,19.8984273184,22.106706153,20.3160115998,True,-1.5,0,0,0,0,0,1,,,CommBank Stadium,-2,-2.83680555556,-28.9916565151,0,0,,,,,,,
20261111550,2026,15,Wests Tigers,Gold Coast Titans,1,36,28,0.545943120425,0.51640308725,0.545886540987,0.516378271303,22.0029497768,21.1911826754,21.9964063199,20.7726004392,True,5.5,0,0,0,0,0,1,,,Leichhardt Oval,0,-0.767361111111,2.40492532998,0,0,,,,,,,
20261111610,2026,16,Newcastle Knights,St. George Illawarra Dragons,1,22,20,0.77066204073,0.780113643397,0.770396624679,0.779784600802,28.6780810132,17.5902973273,29.0549765197,17.5628933765,True,12.5,0,0,0,0,0,1,,,McDonald Jones Stadium,6,1.92013888889,57.5426842397,2.69843144336,0,,,,,,,
20261111620,2026,16,Wests Tigers,Dolphins,0,22,36,0.272874766,0.28857589454,0.273115670851,0.288856429132,20.1785694252,35.607468897,20.3621716609,33.9327901893,True,-6.5,0,0,0,0,0,1,,,Campbelltown Sports Stadium,-6,-1.83680555556,-79.9150952142,-4.16908564296,0.0117224053542,,,,,,,
20261111630,2026,16,Gold Coast Titans,Penrith Panthers,1,19,18,0.252583953912,0.249381512974,0.252837690272,0.249693925841,19.1794623758,29.3701525077,19.6529775851,32.2719906155,True,-12.5,0,0,0,0,0,1,,,Cbus Super Stadium,-8,-7.08680555556,-71.0638116572,-11.6401117637,0.00611603757608,,,,,,,
20261111640,2026,16,Canterbury-Bankstown Bulldogs,Manly-Warringah Sea Eagles,1,13,12,0.347603595449,0.373187521141,0.347780441003,0.373371187099,21.1049675194,22.7338163897,21.1967632271,22.6222481832,True,-8.5,0,0,0,0,0,1,,,Accor Stadium,-4,-3.84375,-58.1824334677,-1.14326527737,0,,,,,,,
20261111650,2026,16,New Zealand Warriors,North Queensland Cowboys,1,38,20,0.632460460497,0.66387751706,0.632304183679,0.663647541768,23.7587854488,18.4497122297,24.1397408017,18.0033113445,True,7.5,0,0,0,0,0,1,,,Other,2,-7.08333333333,33.7201026821,0.792027123054,0.00611603757608,,,,,,,
20261111660,2026,16,Melbourne Storm,Canberra Raiders,1,42,20,0.699808369266,0.698243880656,0.699588114135,0.697976195315,26.9478357695,18.9969675767,26.8042559151,18.002040942,True,8.5,0,0,0,0,0,1,,,AAMI Park,6,8.06597222222,14.8084509787,4.40094027493,-0.00611603757608,,,,,,,
20261111670,2026,16,Sydney Roosters,Cronulla-Sutherland Sharks,1,27,8,0.551666900099,0.555461069812,0.551603367291,0.555377792474,23.2570223424,19.1603505311,23.8117250989,19.5863677493,True,4.5,0,0,0,0,0,1,,,Allianz Stadium,-4,0.979166666667,5.82180297688,0.994080001716,-0.0117224053542,,,,,,,
20261111710,2026,17,Parramatta Eels,South Sydney Rabbitohs,0,12,32,0.364508590686,0.400382938076,0.364668069693,0.400529740656,20.0723195202,22.4236134676,20.0551182817,22.9362522133,True,-5.5,0,0,0,0,0,1,tribute_milestone,,CommBank Stadium,0,-1.98958333333,-36.1910094439,0,0,41,tribute-rabbitohs-arrow-whiteout-match-2026,tribute,1,away,rabbitohs,2
20261111720,2026,17,Gold Coast Titans,Canterbury-Bankstown Bulldogs,0,12,30,0.613196843816,0.615166236048,0.613061483486,0.614998098228,23.5969478011,17.7924339261,23.8167708933,18.0557982802,True,1.5,0,0,0,0,0,1,,,Cbus Super Stadium,-2,0.0868055555556,2.24817305654,0,0,,,,,,,
20261111730,2026,17,Brisbane Broncos,Sydney Roosters,0,18,24,0.250952257832,0.260413156226,0.251206923795,0.260717636648,19.1005947381,26.3055431791,19.0509089709,27.0054487583,True,-6.5,0,0,0,0,0,1,,,Suncorp Stadium,-4,9.93402777778,-31.8311525808,0,0,,,,,,,
20261111740,2026,17,Dolphins,New Zealand Warriors,1,26,24,0.715901062005,0.721896987369,0.715668202389,0.721606962616,24.4687780304,18.5021585216,24.8410177335,17.5657047917,True,7.5,0,0,0,0,0,1,,,Suncorp Stadium,4,1.04166666667,17.3027162913,0,0,,,,,,,
20261111750,2026,17,North Queensland Cowboys,Penrith Panthers,1,26,12,0.266250852864,0.27396328375,0.266496197616,0.274256873829,19.0396725783,27.2364589262,18.9693593006,28.2365827541,True,-12.5,0,0,0,0,0,1,,,Queensland Country Bank Stadium,-4,-0.9375,-80.0817094997,0,0,,,,,,,
20261111760,2026,17,Manly-Warringah Sea Eagles,Melbourne Storm,1,30,4,0.69336159813,0.703206776014,0.693146722127,0.702934138426,23.926142226,16.3896592294,23.9360365357,17.4408113405,True,5.5,0,0,0,0,0,1,,,4 Pines Park,-2,0.854166666667,30.9937377148,0,0,,,,,,,
20261111770,2026,17,Canberra Raiders,St. George Illawarra Dragons,1,24,16,0.732572611752,0.760171327691,0.732328038356,0.759852769617,26.9677722109,17.4537498574,26.5616393526,16.9011068016,True,9.5,0,0,0,0,0,1,,,GIO Stadium,0,-1.83680555556,43.831703615,0,0,,,,,,,
20261111780,2026,17,Newcastle Knights,Wests Tigers,1,12,6,0.744857978797,0.745653172705,0.744605731516,0.745344222452,27.3835587466,17.2988922375,26.7338731283,17.6463815142,True,9.5,0,0,0,0,0,1,,,McDonald Jones Stadium,4,0.791666666667,37.7012694309,0,0,,,,,,,
20261111810,2026,18,Penrith Panthers,South Sydney Rabbitohs,1,36,14,0.675342269895,0.693161792445,0.675143346991,0.692899315598,23.3152021527,17.1519946608,23.8256979564,16.7298320858,True,5.5,0,0,0,0,0,1,tribute_milestone,,CommBank Stadium,2,-1.90277777778,44.1762231072,0,0,41,tribute-rabbitohs-arrow-whiteout-match-2026,tribute,2,away,rabbitohs,1
20261111820,2026,18,St. George Illawarra Dragons,Wests Tigers,1,24,10,0.472653838081,0.50740895825,0.472687638316,0.507397742972,22.9893304351,21.6614988585,22.464650768,22.183347233,True,-2.5,0,0,0,0,0,1,,,Other,-2,0.0868055555556,-18.1118180518,0,0,,,,,,,
20261111830,2026,18,Brisbane Broncos,Cronulla-Sutherland Sharks,0,16,28,0.265151548634,0.269466460413,0.265397607269,0.269763799321,19.4874623213,26.4227982103,19.8911758305,27.3325612983,True,-5.5,0,0,0,0,0,1,,,Suncorp Stadium,-8,-5.07291666667,-60.0626378156,0,0,,,,,,,
20261111840,2026,18,Parramatta Eels,Manly-Warringah Sea Eagles,1,23,14,0.297950408387,0.311697066834,0.298172490663,0.311954438101,19.3815279061,24.7658166973,19.6398636187,25.1901336974,True,-11.5,0,0,0,0,0,1,,,CommBank Stadium,-4,1.98958333333,-56.6495609114,0,0,,,,,,,
20261111850,2026,18,Newcastle Knights,Dolphins,1,13,12,0.392488755522,0.383721123789,0.392617770767,0.383890762708,20.3205344066,22.7033378773,20.6387421958,22.8771845155,True,-1.5,0,0,0,0,0,1,,,McDonald Jones Stadium,-2,-1.04513888889,-55.116627024,0,0,,,,,,,
20261111910,2026,19,Wests Tigers,New Zealand Warriors,0,6,32,0.288446954998,0.311152207564,0.288676529381,0.311410157359,20.3349092796,23.9989280785,20.9226449657,26.0192184832,True,-7.5,0,0,0,0,0,1,,,Campbelltown Sports Stadium,-2,-7.10416666667,-73.0586939345,-5.61729556998,-0.00669851734523,,,,,,,
20261111920,2026,19,Dolphins,Cronulla-Sutherland Sharks,0,0,66,0.720329128497,0.721183155111,0.720093018639,0.720893756003,24.8611540051,19.3305024465,24.8074856911,19.6185987638,True,1.5,0,0,0,0,0,1,,,Kayo Stadium,0,-0.854166666667,31.5430781667,-2.11681255716,-0.00560636777808,,,,,,,
20261111930,2026,19,Canterbury-Bankstown Bulldogs,Canberra Raiders,0,16,40,0.6379287241,0.649439710954,0.637766688846,0.649227158565,25.1137200784,18.049873712,25.2379710892,17.8800556749,True,3.5,0,0,0,0,0,1,,,Accor Stadium,4,1.83333333333,1.31261661105,0.277442537192,0,,,,,,,
20261111940,2026,19,Sydney Roosters,Parramatta Eels,1,28,12,0.756756657031,0.725859198187,0.756497817226,0.725565758769,28.844120928,16.5819515701,29.0799900653,16.9658395388,True,9.5,0,0,0,0,0,1,,,Allianz Stadium,2,8.75,56.6420119614,9.48851903151,-0.0117224053542,,,,,,,
20261111950,2026,19,South Sydney Rabbitohs,Newcastle Knights,1,26,24,0.586733286722,0.615223138936,0.586628033255,0.615054924259,23.2452641164,21.2255306288,23.3892210198,22.0606445318,True,-2.5,0,0,0,0,0,1,tribute_milestone,,Accor Stadium,-4,1.83680555556,30.5470993485,1.08482518783,0,41,tribute-rabbitohs-arrow-whiteout-match-2026,tribute,3,home,rabbitohs,1
20261111960,2026,19,Manly-Warringah Sea Eagles,North Queensland Cowboys,0,18,19,0.698233596346,0.692154845186,0.69801463842,0.691893416441,24.8486427353,18.743737164,25.242695593,19.1152052075,True,5.5,0,0,0,0,0,1,,,4 Pines Park,0,-7.85416666667,46.4135546617,0.747273336754,0.00611603757608,,,,,,,
20261111970,2026,19,Melbourne Storm,Gold Coast Titans,1,22,18,0.697655207739,0.688622849711,0.697436729002,0.688365138577,28.4037506689,18.4958981669,27.9653360124,17.3620844103,True,10.5,0,0,0,0,0,1,,,AAMI Park,2,-1.06597222222,25.9006475734,8.64634430232,-0.00611603757608,,,,,,,
20261112010,2026,20,Penrith Panthers,Brisbane Broncos,0,12,14,0.814684111464,0.808453995638,0.814407085773,0.808116165855,29.9556799656,12.9765931647,29.8862502785,12.9795388182,True,14.5,0,0,0,0,0,1,,,CommBank Stadium,6,0.982638888889,81.7966670237,5.19148110988,0,,,,,,,
20261112020,2026,20,Cronulla-Sutherland Sharks,Newcastle Knights,1,20,18,0.668489747829,0.673733704521,0.668297222948,0.67349234184,25.8598132524,16.3720396743,26.1052821175,17.2826938199,True,4.5,0,0,0,0,0,1,,,Ocean Protect Stadium,2,0.958333333333,18.7764646104,7.48864387986,0,,,,,,,
20261112030,2026,20,Sydney Roosters,Melbourne Storm,1,14,6,0.733118797356,0.736445070554,0.732873864934,0.736143005731,26.0982118811,16.3368323625,25.6987284794,15.7814682811,True,6.5,0,0,0,0,0,1,,,Allianz Stadium,0,0.944444444444,19.643707827,1.45354373755,0,,,,,,,
20261112040,2026,20,Canberra Raiders,South Sydney Rabbitohs,1,34,24,0.432460680874,0.480126770834,0.432543307656,0.480156826616,22.8317502456,24.3869426413,22.8189489739,23.6848034496,True,1.5,0,0,0,0,0,1,,,GIO Stadium,-2,0.854166666667,-40.1857804507,1.13276090467,0,,,,,,,
20261112050,2026,20,New Zealand Warriors,St. George Illawarra Dragons,1,20,12,0.796890363127,0.797549845975,0.796616208309,0.797214483907,29.166837303,14.5055347639,29.6043170704,13.793265813,True,14.5,0,0,0,0,0,1,,,Go Media Stadium,0,-6.10416666667,92.509500075,7.7909658356,0,,,,,,,
20261112060,2026,20,Canterbury-Bankstown Bulldogs,Wests Tigers,1,32,0,0.71601791014,0.731654729515,0.715784963508,0.731356476426,26.8395867037,16.8763406234,27.1104148246,17.4160323091,True,6.5,0,0,0,0,0,1,,,Accor Stadium,4,-0.895833333333,30.0649351215,1.81925450078,0,,,,,,,
20261112070,2026,20,Gold Coast Titans,Manly-Warringah Sea Eagles,1,38,32,0.411708533959,0.428156900653,0.41181559795,0.42826416879,21.6340227974,22.5238985432,21.5214097294,23.1416130721,True,-5.5,0,0,0,0,0,1,,,Cbus Super Stadium,0,-0.0902777777778,-50.6172536148,-5.98288897218,0,,,,,,,
20261112080,2026,20,Dolphins,North Queensland Cowboys,1,36,16,0.701914937963,0.687505460913,0.701692964826,0.687248939099,25.6545861662,21.3038638171,25.6011748665,21.1624422247,True,3.5,0,0,0,0,0,1,,,Suncorp Stadium,2,1.04513888889,39.523585368,1.61627336175,0,,,,,,,
20261112110,2026,21,Parramatta Eels,Penrith Panthers,0,18,24,0.259853670306,0.257208823636,0.259853670306,0.257208823636,18.6656285296,27.3073088777,18.5676735559,26.1276855626,False,,0,0,0,0,0,1,,,CommBank Stadium,0,5.01041666667,-80.2451877285,0,0,,,,,,,
20261112120,2026,21,Newcastle Knights,Sydney Roosters,0,22,23,0.472295256661,0.476825851474,0.472329498303,0.476860886211,20.3264393359,19.5388263244,20.4358702807,20.9598567369,True,-7.5,0,0,0,0,0,1,,,McDonald Jones Stadium,-2,0.0833333333333,-22.5135723793,0,0,,,,,,,
20261112130,2026,21,South Sydney Rabbitohs,Melbourne Storm,1,28,26,0.625554452886,0.640160655783,0.625405565645,0.639959729902,23.6841721297,19.938146344,23.9828055367,20.5397060739,True,-1.5,0,0,0,0,0,1,,,Accor Stadium,0,-0.791666666667,16.3301062115,-5.48953392149,-0.00919074921843,,,,,,,
20261112140,2026,21,Canberra Raiders,Wests Tigers,1,56,10,0.74868443778,0.744860209761,0.748429977424,0.744551828992,28.275335592,16.236790657,28.4813559417,16.0756709519,True,14.5,0,0,0,0,0,1,,,GIO Stadium,6,0.190972222222,35.4850798218,2.57195485355,-0.014066886425,,,,,,,
20261112150,2026,21,Canterbury-Bankstown Bulldogs,New Zealand Warriors,1,18,6,0.356485853176,0.383195562275,0.356653681385,0.383365908992,20.4518756577,23.6316338064,20.8729758187,23.401959641,True,-4.5,0,0,0,0,0,1,,,Accor Stadium,2,0,-66.7172224333,-2.57472695144,0,,,,,,,
20261112160,2026,21,North Queensland Cowboys,Brisbane Broncos,1,18,10,0.708219770288,0.724230853016,0.7079927758,0.723938804937,27.5491414719,18.4411912706,27.7377434373,18.3172309305,True,-3.5,0,0,0,0,0,1,,,Queensland Country Bank Stadium,2,-2.84375,38.1749238212,-1.02403214346,0,,,,,,,
20261112170,2026,21,St. George Illawarra Dragons,Gold Coast Titans,0,18,38,0.51105937871,0.535712633956,0.511045686345,0.535658749874,23.5915849835,23.9886703912,24.1691591444,23.8674478536,True,0.5,0,0,0,0,0,1,,,Other,-2,0.767361111111,-22.9458897863,-0.80837270831,0,,,,,,,
20261112180,2026,21,Manly-Warringah Sea Eagles,Cronulla-Sutherland Sharks,0,12,48,0.403479427527,0.372041983089,0.403595979592,0.372227153632,20.4778250489,25.181412492,20.8411666968,26.3740690111,True,-3.5,0,0,0,0,0,1,,,4 Pines Park,-6,-1.83333333333,-26.4507379904,-4.51896796268,0,,,,,,,
20261112210,2026,22,North Queensland Cowboys,Sydney Roosters,0,12,82,0.380284669928,0.404555001166,0.380427212332,0.404695973298,20.3240331242,22.9588305236,20.5686032557,23.9435405638,True,-5.5,0,0,0,0,0,1,,,Queensland Country Bank Stadium,-4,-1.06597222222,-25.19449052,-5.57582448861,-0.00906461748236,,,,,,,
20261112220,2026,22,St. George Illawarra Dragons,Dolphins,0,22,28,0.322959516165,0.337581188272,0.323159997453,0.337809442241,20.8331551044,28.1325337159,21.1910741799,29.3620137047,True,-12.5,0,0,0,0,0,1,,,WIN Stadium,-4,-6.91319444444,-52.1135678294,-8.08109273283,0,,,,,,,
20261112230,2026,22,Melbourne Storm,Canterbury-Bankstown Bulldogs,0,22,36,0.476346810543,0.463696795014,0.476376060914,0.463751563932,22.6862693628,23.0087677768,22.9425752458,22.7866438352,True,-5.5,0,0,0,0,0,1,,,AAMI Park,-4,0.895833333333,12.0234323586,3.13210720657,0,,,,,,,
20261112240,2026,22,Gold Coast Titans,New Zealand Warriors,0,6,42,0.436207915103,0.437276630436,0.43628606178,0.437370594364,22.3163129563,22.9367671344,22.1828767983,22.8900211244,True,-4.5,0,0,0,0,0,1,,,Cbus Super Stadium,0,-0.854166666667,-52.9765665199,-5.85253233552,0,,,,,,,
20261112250,2026,22,Penrith Panthers,Canberra Raiders,1,42,18,0.748434205585,0.750243129849,0.748179887303,0.749930972448,27.1953628153,17.3979189733,27.1513578783,16.4849665063,True,8.5,0,0,0,0,0,1,,,Other,-4,1.79861111111,51.7521297342,5.97264024127,0,,,,,,,
20261112260,2026,22,Brisbane Broncos,Newcastle Knights,0,6,30,0.388641589351,0.419877703857,0.388774906013,0.419996923675,22.3110096878,23.3592720988,22.9152169961,23.3888078843,True,5.5,0,0,0,0,0,1,,,Suncorp Stadium,-2,-1.06597222222,-26.4235559173,4.63750056424,0,,,,,,,
20261112270,2026,22,Cronulla-Sutherland Sharks,South Sydney Rabbitohs,1,32,16,0.807610847015,0.796286115759,0.807334644283,0.795951115922,29.0838032341,15.7439041368,29.0639864672,14.9347262583,True,11.5,0,0,0,0,0,1,,,Ocean Protect Stadium,2,-1.83680555556,35.9254827797,6.44052795329,0,,,,,,,
20261112280,2026,22,Wests Tigers,Parramatta Eels,0,13,16,0.475484388514,0.446904675704,0.475514702027,0.446984455955,24.015516828,25.4288562357,24.1832860711,24.2777594916,True,-7.5,0,0,0,0,0,1,,,CommBank Stadium,-4,-1.79861111111,-32.8700515016,-1.18362174283,0,,,,,,,
20261112310,2026,23,Gold Coast Titans,North Queensland Cowboys,0,8,30,0.639633752904,0.611153678672,0.639469939563,0.610990983746,24.9371284034,20.825594427,24.563820871,21.7569216741,True,-4.5,0,0,0,0,0,1,,,Cbus Super Stadium,-2,-1.79861111111,-9.49564368837,0,0,,,,,,,
20261112320,2026,23,New Zealand Warriors,Penrith Panthers,1,28,12,0.515137385385,0.516785460447,0.515118649464,0.516760066872,20.016592704,18.3084191421,20.1221020281,17.9429313156,True,-3.5,0,0,0,0,0,1,,,Go Media Stadium,0,0.104166666667,-16.5807857783,0,0,,,,,,,
20261112330,2026,23,Sydney Roosters,Canterbury-Bankstown Bulldogs,1,20,18,0.697939342026,0.692152398362,0.697720627703,0.69189097217,24.9544760808,15.4613678927,25.3781830306,15.5704850663,True,4.5,0,0,0,0,0,1,,,Allianz Stadium,2,1.00694444444,25.7771795792,0,0,,,,,,,
20261112340,2026,23,Melbourne Storm,Manly-Warringah Sea Eagles,1,42,20,0.512513347665,0.55765859829,0.512497856587,0.557572079297,23.1408426337,23.4892113222,23.1339592848,23.4200273924,True,-2.5,0,0,0,0,0,1,,,HBF Park,0,-5.16319444444,-16.7718677503,3.27915641778,0,,,,,,,
20261112350,2026,23,Dolphins,Brisbane Broncos,1,40,32,0.823441335201,0.815808472863,0.823163904796,0.815469671255,30.3198824282,15.3781971685,30.6415585516,15.0335775897,True,7.5,0,0,0,0,0,1,,,Suncorp Stadium,4,1.06597222222,42.1347723411,1.48587683729,0,,,,,,,
20261112360,2026,23,South Sydney Rabbitohs,Parramatta Eels,1,28,24,0.732047174907,0.74781327003,0.731802948427,0.747502791381,28.2188620829,17.9621838019,28.3078958432,17.4528932365,True,10.5,0,0,0,0,0,1,,,Allianz Stadium,0,0.0868055555556,29.6424822627,2.36995251428,0,,,,,,,
20261112370,2026,23,Canberra Raiders,Newcastle Knights,0,24,30,0.554253180079,0.588855190045,0.554186516237,0.588723510279,24.1447286168,22.1208799429,24.5898514149,21.9612549096,True,0.5,0,0,0,0,0,1,,,GIO Stadium,4,0.0868055555556,4.35739551786,1.74940232993,0,,,,,,,
20261112380,2026,23,St. George Illawarra Dragons,Cronulla-Sutherland Sharks,1,24,16,0.184908212642,0.183148956823,0.185185272485,0.183487849246,19.1748856192,29.958555123,19.4486965325,30.9374838339,True,-14.5,0,0,0,0,0,1,,,Other,-8,1.83333333333,-105.765320518,-11.1309968318,0,,,,,,,
